Order_ID,Customer_ID,age,Driver_ID,Restaurant_ID,Restaurant_Name,Restaurant_Branch,City,Order_Date,food_type,Order_Value,Delivery_Fee,Discount,Final_Amount,Payment_mode,Segment,Rating,Category
O1,C816,39,D1000,R19,McDonalds,"Mumbai B2",Mumbai,2023-06-05,Non-Veg,914,39,98,855,UPI,Regular,4.8,"Fast Food"
O2,C1559,60,D508,R331,"Biryani House","Bangalore B7",Bangalore,2023-11-16,Veg,781,31,126,686,UPI,Premium,4,"Casual Dining"
O3,C1406,37,D847,R137,McDonalds,"Mumbai B9",Mumbai,2023-05-18,Non-Veg,895,47,129,813,UPI,Premium,4.4,"Casual Dining"
O4,C1611,36,D886,R69,"Pizza Hut","Bangalore B6",Bangalore,2024-03-31,Veg,755,47,111,691,Cash,Premium,4.6,Cafe
O5,C1221,42,D171,R200,McDonalds,"Pune B10",Pune,2023-10-30,Non-Veg,615,44,42,617,UPI,Regular,3.8,Cafe
O6,C999,54,D206,R376,"Biryani House","Bangalore B4",Bangalore,2024-01-05,Non-Veg,404,51,5,450,Cash,Regular,3.1,"Casual Dining"
O7,C1870,33,D883,R228,McDonalds,"Delhi B6",Delhi,2023-12-05,Non-Veg,205,41,71,175,UPI,Occasional,3.9,Cafe
O8,C1091,40,D446,R270,KFC,"Delhi B2",Delhi,2023-10-19,Non-Veg,405,47,64,388,UPI,Premium,4.2,Cafe
O9,C358,32,D184,R207,"Biryani House","Hyderabad B1",Hyderabad,2024-09-05,Non-Veg,792,38,90,740,Cash,Regular,4.8,"Fast Food"
O10,C365,30,D280,R271,McDonalds,"Bangalore B2",Bangalore,2024-01-08,Veg,377,34,106,305,UPI,Occasional,3.5,"Fast Food"
O11,C568,18,D157,R215,Dominos,"Hyderabad B10",Hyderabad,2024-06-25,Veg,284,40,40,284,UPI,Occasional,3.3,"Fast Food"
O12,C1437,49,D350,R323,"Pizza Hut","Bangalore B3",Bangalore,2023-06-09,Veg,938,35,41,932,UPI,Occasional,4.1,"Casual Dining"
O13,C1160,56,D37,R269,KFC,"Hyderabad B4",Hyderabad,2023-12-19,Veg,714,49,132,631,UPI,Occasional,3.3,"Casual Dining"
O14,C501,36,D875,R6,Dominos,"Mumbai B4",Mumbai,2023-10-30,Veg,348,39,93,294,Cash,Occasional,4.2,Cafe
O15,C1644,18,D164,R24,"Pizza Hut","Hyderabad B3",Hyderabad,2023-03-30,Veg,448,26,131,343,UPI,Regular,3.8,"Fast Food"
O16,C49,21,D239,R201,KFC,"Hyderabad B8",Hyderabad,2024-02-02,Veg,272,21,78,215,Cash,Regular,3.2,Cafe
O17,C926,33,D121,R223,McDonalds,"Bangalore B5",Bangalore,2024-05-09,Non-Veg,520,60,142,438,Cash,Premium,3.5,"Fast Food"
O18,C1498,70,D949,R119,"Biryani House","Hyderabad B7",Hyderabad,2023-06-10,Veg,910,57,127,840,Cash,Occasional,4.7,"Fast Food"
O19,C1481,33,D541,R166,"Pizza Hut","Hyderabad B2",Hyderabad,2024-05-11,Veg,996,57,24,1029,Cash,Regular,4.4,"Casual Dining"
O20,C1745,33,D826,R156,Dominos,"Delhi B5",Delhi,2023-04-26,Non-Veg,873,44,35,882,Cash,Regular,3.5,Cafe
O21,C611,30,D764,R81,"Pizza Hut","Pune B7",Pune,2024-07-01,Veg,223,33,113,143,UPI,Premium,4.3,"Fast Food"
O22,C1657,43,D320,R362,Dominos,"Bangalore B2",Bangalore,2023-08-27,Non-Veg,572,54,83,543,UPI,Premium,4.9,Cafe
O23,C1252,31,D117,R239,McDonalds,"Pune B3",Pune,2023-07-04,Veg,200,60,137,123,Cash,Regular,3.5,Cafe
O24,C89,29,D495,R312,KFC,"Hyderabad B7",Hyderabad,2023-10-07,Veg,606,31,59,578,UPI,Occasional,4.1,"Casual Dining"
O25,C220,27,D45,R283,McDonalds,"Mumbai B7",Mumbai,2023-05-19,Non-Veg,535,28,59,504,UPI,Occasional,3.8,"Fast Food"
O26,C609,34,D887,R146,McDonalds,"Mumbai B4",Mumbai,2023-11-09,Veg,971,32,4,999,UPI,Premium,3.4,"Fast Food"
O27,C1508,42,D314,R288,"Biryani House","Pune B1",Pune,2024-04-24,Non-Veg,729,50,44,735,UPI,Occasional,4.1,Cafe
O28,C1131,31,D205,R301,Dominos,"Mumbai B5",Mumbai,2023-08-07,Veg,229,54,101,182,UPI,Premium,4.6,Cafe
O29,C300,27,D566,R340,McDonalds,"Pune B3",Pune,2023-07-22,Veg,882,41,55,868,Cash,Premium,3.6,"Casual Dining"
O30,C1854,37,D304,R251,Dominos,"Delhi B10",Delhi,2024-01-30,Veg,989,30,91,928,Cash,Occasional,3.9,"Casual Dining"
O31,C544,35,D38,R219,McDonalds,"Mumbai B1",Mumbai,2024-02-08,Non-Veg,998,46,27,1017,UPI,Regular,4.1,Cafe
O32,C1991,51,D42,R4,KFC,"Bangalore B2",Bangalore,2023-11-18,Non-Veg,412,41,129,324,UPI,Premium,3.7,"Fast Food"
O33,C1196,37,D98,R66,Dominos,"Mumbai B5",Mumbai,2023-12-30,Non-Veg,437,30,107,360,UPI,Regular,4.4,"Casual Dining"
O34,C1558,29,D974,R29,Dominos,"Hyderabad B2",Hyderabad,2024-09-14,Non-Veg,384,48,59,373,UPI,Regular,3.1,"Fast Food"
O35,C736,32,D195,R240,Dominos,"Pune B5",Pune,2023-12-20,Veg,223,59,84,198,Cash,Premium,4.1,"Casual Dining"
O36,C68,26,D291,R230,KFC,"Delhi B7",Delhi,2023-10-05,Veg,769,54,68,755,UPI,Occasional,3.2,"Casual Dining"
O37,C1627,47,D378,R93,McDonalds,"Mumbai B6",Mumbai,2023-05-24,Veg,378,59,131,306,UPI,Premium,4.6,"Casual Dining"
O38,C1678,25,D737,R1,Dominos,"Delhi B7",Delhi,2024-04-03,Veg,659,30,115,574,UPI,Premium,4.9,"Casual Dining"
O39,C503,37,D216,R15,Dominos,"Hyderabad B9",Hyderabad,2023-08-09,Non-Veg,549,32,4,577,Cash,Premium,4.8,"Fast Food"
O40,C1718,29,D127,R11,"Biryani House","Pune B2",Pune,2023-07-05,Veg,224,59,69,214,UPI,Premium,3.5,"Fast Food"
O41,C1117,31,D475,R38,McDonalds,"Bangalore B5",Bangalore,2024-02-08,Veg,351,23,120,254,Cash,Regular,3.1,"Casual Dining"
O42,C164,36,D685,R54,"Pizza Hut","Delhi B4",Delhi,2024-06-03,Non-Veg,369,31,13,387,UPI,Regular,4.8,"Casual Dining"
O43,C1419,33,D342,R224,KFC,"Hyderabad B7",Hyderabad,2024-01-30,Non-Veg,907,58,20,945,UPI,Occasional,4,"Fast Food"
O44,C1515,53,D463,R62,McDonalds,"Pune B3",Pune,2023-03-21,Non-Veg,903,45,45,903,UPI,Regular,3.4,Cafe
O45,C672,27,D538,R373,Dominos,"Mumbai B4",Mumbai,2023-12-17,Veg,294,54,3,345,Cash,Regular,3.4,Cafe
O46,C189,31,D420,R51,"Pizza Hut","Hyderabad B9",Hyderabad,2023-09-25,Veg,368,24,14,378,UPI,Regular,4.4,Cafe
O47,C1814,37,D444,R69,"Pizza Hut","Bangalore B6",Bangalore,2024-06-22,Veg,857,30,110,777,UPI,Occasional,4.7,Cafe
O48,C1032,37,D168,R335,"Pizza Hut","Pune B6",Pune,2023-08-19,Non-Veg,491,38,58,471,Cash,Occasional,3.1,Cafe
O49,C555,50,D657,R63,Dominos,"Delhi B3",Delhi,2024-09-12,Non-Veg,564,43,120,487,UPI,Occasional,4.3,Cafe
O50,C733,30,D885,R237,Dominos,"Mumbai B2",Mumbai,2023-10-11,Non-Veg,754,57,80,731,UPI,Regular,3.1,"Fast Food"
O51,C438,26,D619,R137,McDonalds,"Mumbai B9",Mumbai,2023-12-31,Non-Veg,246,35,9,272,UPI,Premium,3,"Casual Dining"
O52,C1831,26,D120,R327,Dominos,"Pune B8",Pune,2023-10-24,Veg,255,30,43,242,Cash,Occasional,3.4,Cafe
O53,C275,39,D993,R194,Dominos,"Delhi B3",Delhi,2023-12-23,Veg,255,37,117,175,Cash,Occasional,4.4,"Fast Food"
O54,C826,36,D457,R245,"Pizza Hut","Mumbai B8",Mumbai,2024-02-14,Veg,937,44,3,978,Cash,Premium,4.1,Cafe
O55,C1442,30,D112,R297,KFC,"Bangalore B3",Bangalore,2023-12-05,Non-Veg,274,43,45,272,UPI,Occasional,3.7,Cafe
O56,C765,67,D569,R220,"Biryani House","Bangalore B9",Bangalore,2024-02-06,Veg,412,46,150,308,UPI,Premium,3.2,"Casual Dining"
O57,C1800,28,D179,R190,KFC,"Hyderabad B5",Hyderabad,2023-10-24,Non-Veg,836,44,9,871,Cash,Occasional,3.1,Cafe
O58,C279,25,D184,R46,"Biryani House","Hyderabad B4",Hyderabad,2024-03-12,Non-Veg,739,24,40,723,Cash,Occasional,4.8,"Fast Food"
O59,C768,34,D557,R229,"Pizza Hut","Bangalore B9",Bangalore,2023-06-28,Veg,982,52,57,977,UPI,Occasional,4.7,"Fast Food"
O60,C1046,55,D783,R213,Dominos,"Mumbai B2",Mumbai,2023-03-19,Veg,400,37,11,426,Cash,Regular,4.9,Cafe
O61,C1243,35,D755,R76,"Biryani House","Mumbai B9",Mumbai,2023-12-18,Veg,961,48,88,921,UPI,Regular,3.1,Cafe
O62,C917,47,D103,R131,KFC,"Pune B7",Pune,2023-10-29,Veg,260,34,120,174,UPI,Occasional,3,Cafe
O63,C102,25,D381,R77,KFC,"Delhi B6",Delhi,2023-12-14,Veg,684,33,47,670,Cash,Premium,3.1,"Casual Dining"
O64,C1966,27,D503,R191,McDonalds,"Hyderabad B2",Hyderabad,2024-05-28,Non-Veg,775,31,136,670,UPI,Occasional,4.6,Cafe
O65,C1196,59,D798,R113,"Pizza Hut","Mumbai B5",Mumbai,2023-11-01,Veg,684,39,7,716,Cash,Regular,3.5,Cafe
O66,C368,25,D830,R257,Dominos,"Bangalore B3",Bangalore,2023-07-08,Veg,893,44,42,895,Cash,Premium,4.3,Cafe
O67,C885,27,D265,R69,"Pizza Hut","Bangalore B6",Bangalore,2023-06-25,Non-Veg,660,42,128,574,UPI,Regular,4.6,Cafe
O68,C562,39,D13,R117,Dominos,"Delhi B1",Delhi,2024-01-26,Non-Veg,958,22,45,935,UPI,Premium,4.7,Cafe
O69,C1699,57,D100,R115,Dominos,"Pune B10",Pune,2023-12-05,Non-Veg,726,43,102,667,Cash,Premium,3,"Casual Dining"
O70,C1544,28,D452,R232,Dominos,"Mumbai B9",Mumbai,2024-01-08,Veg,532,49,31,550,UPI,Occasional,4.8,Cafe
O71,C819,37,D949,R53,KFC,"Hyderabad B5",Hyderabad,2023-12-25,Non-Veg,252,50,64,238,UPI,Regular,4.7,"Fast Food"
O72,C22,29,D973,R149,"Biryani House","Bangalore B5",Bangalore,2024-05-29,Non-Veg,548,49,1,596,UPI,Premium,3.7,"Casual Dining"
O73,C636,25,D74,R238,"Biryani House","Bangalore B4",Bangalore,2024-02-24,Veg,301,23,108,216,UPI,Regular,3.8,"Fast Food"
O74,C117,40,D989,R103,"Pizza Hut","Hyderabad B1",Hyderabad,2023-10-13,Non-Veg,644,37,44,637,UPI,Premium,4.3,Cafe
O75,C665,24,D774,R334,"Biryani House","Hyderabad B10",Hyderabad,2024-09-24,Veg,804,52,142,714,UPI,Regular,4.7,Cafe
O76,C1448,28,D145,R56,"Pizza Hut","Bangalore B7",Bangalore,2023-11-12,Non-Veg,606,42,43,605,UPI,Occasional,4.9,"Casual Dining"
O77,C1731,29,D655,R160,Dominos,"Pune B1",Pune,2024-01-19,Non-Veg,725,35,44,716,UPI,Premium,3.6,"Casual Dining"
O78,C1790,29,D413,R279,"Pizza Hut","Delhi B4",Delhi,2023-07-17,Veg,962,33,139,856,Cash,Occasional,4.8,"Fast Food"
O79,C1797,34,D482,R384,McDonalds,"Hyderabad B2",Hyderabad,2024-01-12,Non-Veg,429,42,68,403,Cash,Occasional,4.4,Cafe
O80,C392,39,D502,R132,McDonalds,"Hyderabad B1",Hyderabad,2024-07-03,Non-Veg,697,22,99,620,UPI,Premium,4.7,Cafe
O81,C776,37,D327,R341,KFC,"Pune B9",Pune,2023-07-21,Non-Veg,728,35,137,626,Cash,Premium,3.1,Cafe
O82,C5,35,D225,R270,KFC,"Delhi B2",Delhi,2023-08-08,Veg,624,30,65,589,Cash,Occasional,4.2,Cafe
O83,C24,36,D131,R290,"Biryani House","Pune B10",Pune,2024-03-27,Non-Veg,884,51,84,851,UPI,Premium,3.3,Cafe
O84,C1820,29,D854,R261,KFC,"Mumbai B3",Mumbai,2024-08-02,Veg,807,51,66,792,UPI,Premium,4.7,"Fast Food"
O85,C489,28,D419,R52,McDonalds,"Bangalore B6",Bangalore,2023-02-04,Non-Veg,547,57,64,540,UPI,Premium,4.9,"Fast Food"
O86,C65,25,D67,R395,McDonalds,"Hyderabad B6",Hyderabad,2024-07-18,Veg,422,44,90,376,UPI,Premium,4.1,"Fast Food"
O87,C1178,37,D613,R230,KFC,"Delhi B7",Delhi,2024-04-10,Non-Veg,797,37,83,751,UPI,Regular,3.7,"Casual Dining"
O88,C1752,28,D498,R29,Dominos,"Hyderabad B2",Hyderabad,2024-03-13,Non-Veg,233,27,150,110,Cash,Regular,4.1,"Fast Food"
O89,C1996,38,D211,R71,McDonalds,"Delhi B5",Delhi,2023-10-31,Veg,207,23,79,151,UPI,Regular,3.8,"Fast Food"
O90,C226,27,D754,R193,"Pizza Hut","Mumbai B3",Mumbai,2024-01-15,Non-Veg,576,31,140,467,UPI,Regular,4.8,"Fast Food"
O91,C16,38,D402,R205,"Biryani House","Hyderabad B2",Hyderabad,2023-06-01,Veg,831,27,87,771,UPI,Regular,4.1,"Fast Food"
O92,C1397,32,D159,R112,"Biryani House","Pune B4",Pune,2023-05-07,Veg,366,33,23,376,UPI,Premium,4.9,"Casual Dining"
O93,C1724,28,D401,R161,Dominos,"Delhi B2",Delhi,2024-02-15,Veg,602,23,61,564,Cash,Premium,3.5,"Fast Food"
O94,C1643,31,D541,R103,"Pizza Hut","Hyderabad B1",Hyderabad,2024-01-29,Non-Veg,420,21,91,350,Cash,Occasional,4.4,Cafe
O95,C1590,69,D114,R69,"Pizza Hut","Bangalore B6",Bangalore,2023-08-11,Non-Veg,788,35,86,737,Cash,Premium,3.2,Cafe
O96,C199,31,D416,R27,McDonalds,"Pune B3",Pune,2023-10-08,Veg,904,24,109,819,UPI,Regular,3.9,Cafe
O97,C1313,37,D123,R188,KFC,"Bangalore B1",Bangalore,2023-10-12,Veg,810,42,32,820,Cash,Regular,3.4,Cafe
O98,C278,33,D697,R106,Dominos,"Mumbai B10",Mumbai,2024-01-03,Non-Veg,690,38,144,584,Cash,Regular,3.2,"Fast Food"
O99,C910,35,D18,R170,"Pizza Hut","Mumbai B3",Mumbai,2024-08-27,Veg,628,44,74,598,Cash,Premium,4.4,Cafe
O100,C274,29,D809,R337,KFC,"Bangalore B8",Bangalore,2024-05-19,Veg,762,42,59,745,Cash,Premium,4.4,"Fast Food"
O101,C1801,39,D645,R97,KFC,"Mumbai B10",Mumbai,2024-03-01,Veg,455,20,130,345,UPI,Occasional,4.8,Cafe
O102,C589,58,D802,R68,McDonalds,"Bangalore B4",Bangalore,2024-04-12,Non-Veg,588,40,58,570,UPI,Premium,4.6,Cafe
O103,C1834,38,D478,R222,Dominos,"Delhi B10",Delhi,2024-06-01,Non-Veg,704,59,78,685,UPI,Regular,3.1,Cafe
O104,C879,28,D812,R68,McDonalds,"Bangalore B4",Bangalore,2023-10-25,Non-Veg,764,24,68,720,Cash,Occasional,4.1,Cafe
O105,C597,43,D963,R292,"Pizza Hut","Delhi B4",Delhi,2024-04-24,Non-Veg,814,60,146,728,Cash,Regular,5,"Casual Dining"
O106,C531,58,D344,R397,"Pizza Hut","Pune B6",Pune,2023-12-21,Non-Veg,493,60,115,438,UPI,Premium,3.3,Cafe
O107,C1087,21,D997,R145,McDonalds,"Pune B4",Pune,2024-06-23,Non-Veg,483,38,107,414,UPI,Regular,4.8,"Fast Food"
O108,C1167,40,D13,R116,Dominos,"Delhi B9",Delhi,2023-08-01,Non-Veg,593,44,54,583,UPI,Premium,4.7,"Fast Food"
O109,C9,35,D444,R4,KFC,"Bangalore B2",Bangalore,2024-07-05,Non-Veg,932,47,124,855,UPI,Regular,4.7,"Fast Food"
O110,C492,26,D22,R81,"Pizza Hut","Pune B7",Pune,2024-01-24,Veg,370,57,11,416,UPI,Premium,4.6,"Fast Food"
O111,C992,25,D392,R285,"Pizza Hut","Hyderabad B9",Hyderabad,2023-08-14,Veg,602,23,40,585,UPI,Premium,4.1,"Fast Food"
O112,C979,30,D469,R77,KFC,"Delhi B6",Delhi,2023-06-06,Non-Veg,296,46,55,287,UPI,Occasional,4.5,"Casual Dining"
O113,C523,37,D546,R380,"Pizza Hut","Hyderabad B4",Hyderabad,2024-05-29,Non-Veg,206,45,125,126,Cash,Occasional,3.5,"Casual Dining"
O114,C1063,37,D941,R76,"Biryani House","Mumbai B9",Mumbai,2024-04-17,Non-Veg,422,44,93,373,UPI,Regular,3.2,Cafe
O115,C363,30,D890,R208,"Biryani House","Pune B2",Pune,2023-06-12,Veg,598,38,45,591,Card,Premium,3.2,"Fast Food"
O116,C808,31,D715,R213,Dominos,"Mumbai B2",Mumbai,2023-10-04,Non-Veg,220,31,33,218,UPI,Premium,3.3,Cafe
O117,C187,42,D75,R216,"Pizza Hut","Bangalore B1",Bangalore,2023-11-06,Non-Veg,496,52,129,419,Cash,Premium,3.4,"Casual Dining"
O118,C1045,23,D377,R152,"Biryani House","Mumbai B8",Mumbai,2023-10-19,Veg,989,60,104,945,UPI,Premium,4.6,Cafe
O119,C630,31,D631,R320,"Pizza Hut","Mumbai B2",Mumbai,2023-12-02,Non-Veg,918,40,127,831,Cash,Regular,4.3,Cafe
O120,C1052,35,D462,R9,"Pizza Hut","Hyderabad B2",Hyderabad,2023-07-12,Non-Veg,949,50,52,947,Cash,Occasional,4.3,"Fast Food"
O121,C1610,19,D625,R337,KFC,"Bangalore B8",Bangalore,2023-10-06,Veg,303,48,69,282,UPI,Premium,3.3,"Fast Food"
O122,C1841,31,D135,R174,Dominos,"Pune B8",Pune,2023-10-10,Non-Veg,641,44,147,538,Cash,Occasional,4.2,Cafe
O123,C1293,26,D677,R118,KFC,"Mumbai B4",Mumbai,2023-08-23,Non-Veg,831,25,27,829,Cash,Premium,4.2,"Casual Dining"
O124,C316,33,D903,R73,Dominos,"Bangalore B1",Bangalore,2024-07-05,Veg,759,59,24,794,Cash,Regular,3.3,Cafe
O125,C364,30,D304,R251,Dominos,"Delhi B10",Delhi,2023-08-25,Non-Veg,545,55,76,524,Cash,Regular,3.9,"Casual Dining"
O126,C106,29,D296,R183,"Biryani House","Pune B3",Pune,2023-10-05,Non-Veg,411,35,3,443,Cash,Occasional,3.9,"Fast Food"
O127,C552,39,D371,R178,"Pizza Hut","Delhi B4",Delhi,2024-07-18,Non-Veg,384,33,132,285,UPI,Premium,4.6,"Casual Dining"
O128,C1768,27,D759,R351,"Pizza Hut","Delhi B9",Delhi,2024-02-05,Veg,612,28,10,630,Cash,Regular,3.4,"Fast Food"
O129,C329,29,D267,R282,"Biryani House","Delhi B8",Delhi,2023-07-08,Veg,660,40,38,662,UPI,Regular,4.9,Cafe
O130,C628,31,D301,R392,"Biryani House","Mumbai B2",Mumbai,2023-04-24,Non-Veg,242,34,111,165,Cash,Premium,3.5,"Casual Dining"
O131,C900,25,D993,R82,McDonalds,"Delhi B8",Delhi,2023-05-03,Non-Veg,520,50,113,457,Cash,Occasional,4.4,"Casual Dining"
O132,C344,49,D313,R76,"Biryani House","Mumbai B9",Mumbai,2024-05-12,Non-Veg,460,21,45,436,UPI,Occasional,4.9,Cafe
O133,C1808,38,D941,R382,McDonalds,"Mumbai B8",Mumbai,2024-04-01,Veg,302,50,67,285,UPI,Premium,3.2,Cafe
O134,C873,25,D717,R388,Dominos,"Mumbai B9",Mumbai,2023-10-18,Non-Veg,757,40,54,743,UPI,Regular,3.1,"Casual Dining"
O135,C985,27,D571,R204,"Pizza Hut","Mumbai B1",Mumbai,2023-03-15,Veg,214,49,129,134,Cash,Premium,3,"Fast Food"
O136,C943,27,D132,R310,"Biryani House","Mumbai B3",Mumbai,2023-10-03,Veg,624,56,87,593,UPI,Occasional,4.4,"Casual Dining"
O137,C1881,36,D215,R135,KFC,"Pune B5",Pune,2024-06-05,Non-Veg,918,32,110,840,UPI,Premium,4.3,Cafe
O138,C1787,25,D313,R214,"Pizza Hut","Mumbai B3",Mumbai,2024-01-17,Veg,375,58,127,306,UPI,Premium,4.9,"Fast Food"
O139,C1475,25,D868,R397,"Pizza Hut","Pune B6",Pune,2023-10-25,Veg,267,51,13,305,Cash,Premium,4.9,Cafe
O140,C57,40,D304,R358,"Pizza Hut","Delhi B10",Delhi,2024-04-13,Non-Veg,579,21,8,592,UPI,Regular,3.9,"Fast Food"
O141,C136,23,D543,R103,"Pizza Hut","Hyderabad B1",Hyderabad,2023-12-30,Non-Veg,803,22,129,696,UPI,Premium,4.7,Cafe
O142,C1768,33,D147,R358,"Pizza Hut","Delhi B10",Delhi,2024-03-06,Non-Veg,409,41,7,443,UPI,Regular,4.6,"Fast Food"
O143,C1808,24,D724,R41,McDonalds,"Mumbai B6",Mumbai,2023-12-31,Veg,979,39,23,995,Cash,Premium,4.6,Cafe
O144,C1880,57,D994,R100,"Pizza Hut","Pune B3",Pune,2023-09-27,Veg,608,24,19,613,UPI,Regular,3.3,"Fast Food"
O145,C1883,39,D152,R223,McDonalds,"Bangalore B5",Bangalore,2023-11-10,Veg,528,56,150,434,UPI,Premium,5,"Fast Food"
O146,C1119,70,D979,R96,"Biryani House","Mumbai B4",Mumbai,2023-12-31,Veg,859,45,25,879,UPI,Regular,3.1,"Casual Dining"
O147,C1767,28,D864,R58,Dominos,"Hyderabad B2",Hyderabad,2023-06-21,Non-Veg,477,34,53,458,UPI,Regular,4.8,"Fast Food"
O148,C680,53,D144,R171,"Pizza Hut","Mumbai B10",Mumbai,2023-08-26,Non-Veg,723,60,18,765,Cash,Occasional,3.9,Cafe
O149,C1267,38,D350,R362,Dominos,"Bangalore B2",Bangalore,2024-01-06,Veg,350,39,59,330,Cash,Regular,4.1,Cafe
O150,C108,28,D442,R79,McDonalds,"Delhi B4",Delhi,2023-08-14,Non-Veg,719,27,0,746,Cash,Occasional,4.5,Cafe
O151,C1600,34,D356,R194,Dominos,"Delhi B3",Delhi,2023-09-09,Non-Veg,299,43,23,319,Cash,Premium,4,"Fast Food"
O152,C861,40,D940,R102,McDonalds,"Mumbai B6",Mumbai,2023-12-08,Veg,822,37,150,709,Cash,Regular,3.5,Cafe
O153,C1616,36,D296,R288,"Biryani House","Pune B1",Pune,2024-04-20,Veg,458,22,135,345,Card,Occasional,3.9,Cafe
O154,C1557,30,D669,R188,KFC,"Bangalore B1",Bangalore,2024-01-07,Veg,916,23,45,894,UPI,Occasional,4.2,Cafe
O155,C742,38,D922,R184,KFC,"Bangalore B3",Bangalore,2024-03-07,Non-Veg,873,35,58,850,UPI,Regular,3.6,"Casual Dining"
O156,C82,35,D421,R383,"Pizza Hut","Bangalore B4",Bangalore,2024-07-19,Non-Veg,440,36,57,419,Cash,Premium,4.4,"Fast Food"
O157,C578,25,D179,R276,"Pizza Hut","Hyderabad B9",Hyderabad,2024-03-01,Non-Veg,758,32,142,648,Card,Regular,3.1,Cafe
O158,C798,40,D283,R155,KFC,"Delhi B5",Delhi,2023-12-24,Non-Veg,900,39,41,898,UPI,Occasional,3.7,"Fast Food"
O159,C6,38,D581,R101,Dominos,"Bangalore B7",Bangalore,2023-08-01,Non-Veg,850,45,120,775,UPI,Regular,4.6,"Fast Food"
O160,C886,34,D736,R352,"Biryani House","Hyderabad B4",Hyderabad,2023-11-08,Non-Veg,759,39,79,719,UPI,Regular,4.7,Cafe
O161,C522,21,D176,R269,KFC,"Hyderabad B4",Hyderabad,2024-06-02,Non-Veg,566,27,19,574,UPI,Occasional,4.4,"Casual Dining"
O162,C820,30,D45,R359,McDonalds,"Mumbai B9",Mumbai,2023-05-11,Non-Veg,359,24,79,304,UPI,Premium,3.8,"Fast Food"
O163,C1837,26,D378,R34,KFC,"Mumbai B10",Mumbai,2023-11-03,Veg,632,24,96,560,UPI,Occasional,4.6,Cafe
O164,C1827,40,D302,R160,Dominos,"Pune B1",Pune,2024-05-18,Veg,225,47,53,219,UPI,Regular,4,"Casual Dining"
O165,C1344,58,D515,R291,"Biryani House","Delhi B3",Delhi,2023-09-07,Non-Veg,272,54,123,203,UPI,Regular,4.3,Cafe
O166,C1643,38,D162,R296,KFC,"Hyderabad B2",Hyderabad,2023-10-04,Non-Veg,324,22,121,225,UPI,Occasional,4.6,Cafe
O167,C852,34,D300,R85,KFC,"Bangalore B1",Bangalore,2024-10-16,Veg,239,32,64,207,UPI,Regular,4.5,"Fast Food"
O168,C416,34,D539,R4,KFC,"Bangalore B2",Bangalore,2023-11-20,Veg,431,23,58,396,UPI,Regular,4.2,"Fast Food"
O169,C1207,32,D960,R56,"Pizza Hut","Bangalore B7",Bangalore,2024-06-03,Non-Veg,1000,40,138,902,Cash,Occasional,4.7,"Casual Dining"
O170,C573,29,D722,R341,KFC,"Pune B9",Pune,2023-12-11,Non-Veg,259,50,96,213,UPI,Regular,3.7,Cafe
O171,C913,32,D430,R54,"Pizza Hut","Delhi B4",Delhi,2024-06-13,Non-Veg,893,31,64,860,UPI,Occasional,4,"Casual Dining"
O172,C1258,33,D202,R78,"Pizza Hut","Pune B1",Pune,2023-11-25,Non-Veg,777,32,26,783,UPI,Premium,3.9,"Fast Food"
O173,C1972,47,D225,R87,KFC,"Delhi B7",Delhi,2023-10-25,Non-Veg,944,53,65,932,Cash,Premium,4.2,"Fast Food"
O174,C879,54,D350,R355,KFC,"Bangalore B4",Bangalore,2024-01-26,Non-Veg,285,31,111,205,UPI,Occasional,4.1,Cafe
O175,C203,33,D552,R164,"Biryani House","Pune B5",Pune,2023-08-10,Non-Veg,591,34,146,479,Cash,Premium,3.7,Cafe
O176,C1910,36,D31,R45,KFC,"Delhi B2",Delhi,2024-06-01,Non-Veg,906,35,55,886,Cash,Premium,3.1,Cafe
O177,C1478,29,D695,R395,McDonalds,"Hyderabad B6",Hyderabad,2023-02-17,Veg,329,54,102,281,Cash,Premium,4.1,"Fast Food"
O178,C1072,38,D426,R230,KFC,"Delhi B7",Delhi,2023-07-07,Veg,833,26,104,755,Cash,Occasional,3.4,"Casual Dining"
O179,C286,47,D545,R283,McDonalds,"Mumbai B7",Mumbai,2023-08-29,Veg,585,56,1,640,Cash,Occasional,4.5,"Fast Food"
O180,C1118,29,D609,R337,KFC,"Bangalore B8",Bangalore,2024-04-14,Veg,972,54,118,908,UPI,Premium,3,"Fast Food"
O181,C1088,30,D447,R192,Dominos,"Bangalore B9",Bangalore,2023-03-29,Veg,533,33,76,490,Card,Occasional,4.9,"Fast Food"
O182,C1901,33,D41,R154,"Pizza Hut","Bangalore B7",Bangalore,2023-11-18,Non-Veg,813,42,53,802,Cash,Premium,3.2,"Fast Food"
O183,C273,39,D205,R345,KFC,"Mumbai B2",Mumbai,2023-12-04,Veg,484,37,65,456,UPI,Occasional,4.6,Cafe
O184,C1669,26,D684,R235,"Pizza Hut","Pune B9",Pune,2023-09-11,Non-Veg,533,24,101,456,UPI,Premium,4.6,"Fast Food"
O185,C892,27,D479,R32,"Pizza Hut","Hyderabad B4",Hyderabad,2023-11-02,Veg,694,48,59,683,UPI,Regular,4,"Casual Dining"
O186,C1159,37,D929,R331,"Biryani House","Bangalore B7",Bangalore,2023-10-20,Non-Veg,347,26,46,327,UPI,Occasional,4,"Casual Dining"
O187,C1195,28,D553,R292,"Pizza Hut","Delhi B4",Delhi,2023-09-28,Veg,984,21,23,982,Cash,Premium,3.2,"Casual Dining"
O188,C997,33,D801,R387,KFC,"Pune B7",Pune,2023-07-09,Non-Veg,575,49,76,548,UPI,Premium,3.1,"Casual Dining"
O189,C1796,40,D506,R22,"Biryani House","Mumbai B4",Mumbai,2024-07-24,Veg,418,20,142,296,UPI,Regular,4.5,Cafe
O190,C174,36,D387,R180,KFC,"Mumbai B2",Mumbai,2024-03-15,Non-Veg,901,35,117,819,UPI,Regular,3.2,"Casual Dining"
O191,C1477,27,D301,R169,KFC,"Mumbai B10",Mumbai,2023-07-04,Non-Veg,798,48,138,708,Cash,Occasional,3.5,"Fast Food"
O192,C816,50,D97,R173,KFC,"Mumbai B10",Mumbai,2023-07-18,Veg,395,36,112,319,UPI,Regular,4.6,"Fast Food"
O193,C1843,28,D445,R39,KFC,"Mumbai B7",Mumbai,2023-11-23,Veg,675,35,47,663,Cash,Premium,4.7,"Casual Dining"
O194,C1442,32,D59,R337,KFC,"Bangalore B8",Bangalore,2023-11-05,Veg,421,40,88,373,Cash,Occasional,3.4,"Fast Food"
O195,C343,40,D369,R198,"Pizza Hut","Mumbai B6",Mumbai,2024-01-08,Veg,389,32,39,382,UPI,Premium,4.6,"Fast Food"
O196,C1756,27,D137,R150,"Pizza Hut","Hyderabad B2",Hyderabad,2023-06-14,Veg,471,21,12,480,Cash,Premium,4.7,"Casual Dining"
O197,C1537,30,D338,R309,McDonalds,"Hyderabad B6",Hyderabad,2023-11-19,Veg,724,58,52,730,Cash,Occasional,3.4,Cafe
O198,C241,27,D476,R337,KFC,"Bangalore B8",Bangalore,2023-06-06,Non-Veg,391,28,88,331,UPI,Premium,4.8,"Fast Food"
O199,C397,36,D714,R29,Dominos,"Hyderabad B2",Hyderabad,2023-09-29,Veg,634,23,20,637,Card,Regular,3.2,"Fast Food"
O200,C148,29,D271,R57,KFC,"Pune B2",Pune,2024-01-01,Veg,974,32,106,900,Cash,Premium,3.6,"Casual Dining"
O201,C1995,32,D442,R111,Dominos,"Delhi B7",Delhi,2023-10-03,Veg,695,33,102,626,Cash,Occasional,4.5,"Casual Dining"
O202,C1592,36,D211,R116,Dominos,"Delhi B9",Delhi,2023-10-14,Veg,963,55,67,951,UPI,Regular,3.8,"Fast Food"
O203,C785,35,D359,R349,"Pizza Hut","Bangalore B10",Bangalore,2023-11-21,Non-Veg,890,59,56,893,Cash,Premium,3.9,Cafe
O204,C1325,25,D152,R84,"Biryani House","Bangalore B8",Bangalore,2023-06-24,Veg,230,52,129,153,UPI,Premium,5,Cafe
O205,C220,33,D878,R273,McDonalds,"Mumbai B9",Mumbai,2024-01-09,Veg,472,28,23,477,UPI,Occasional,3.1,"Fast Food"
O206,C472,38,D829,R227,McDonalds,"Hyderabad B4",Hyderabad,2024-08-04,Non-Veg,725,24,43,706,Cash,Premium,4.5,"Casual Dining"
O207,C868,40,D694,R8,"Biryani House","Delhi B3",Delhi,2024-02-11,Veg,549,38,113,474,UPI,Occasional,3.4,"Casual Dining"
O208,C1839,29,D833,R258,KFC,"Bangalore B3",Bangalore,2023-07-11,Non-Veg,839,48,14,873,Cash,Premium,3.9,"Fast Food"
O209,C1332,61,D442,R391,McDonalds,"Delhi B5",Delhi,2023-06-05,Veg,924,58,88,894,UPI,Regular,4.5,"Casual Dining"
O210,C1889,53,D483,R148,"Pizza Hut","Delhi B2",Delhi,2023-09-17,Veg,771,59,112,718,UPI,Occasional,4.6,"Casual Dining"
O211,C1578,51,D516,R43,"Pizza Hut","Hyderabad B5",Hyderabad,2023-05-20,Non-Veg,880,26,73,833,UPI,Occasional,4.8,"Fast Food"
O212,C445,64,D700,R333,Dominos,"Pune B1",Pune,2023-12-31,Non-Veg,509,40,55,494,UPI,Premium,4.9,"Fast Food"
O213,C1121,35,D375,R294,"Biryani House","Hyderabad B1",Hyderabad,2024-01-28,Veg,844,30,42,832,Cash,Regular,3.7,"Casual Dining"
O214,C705,27,D77,R65,"Pizza Hut","Bangalore B6",Bangalore,2023-10-06,Veg,859,29,50,838,UPI,Regular,4.1,"Fast Food"
O215,C1669,26,D945,R333,Dominos,"Pune B1",Pune,2023-11-16,Non-Veg,593,46,111,528,UPI,Premium,3.1,"Fast Food"
O216,C2000,34,D747,R207,"Biryani House","Hyderabad B1",Hyderabad,2023-11-18,Veg,263,57,123,197,UPI,Premium,3.3,"Fast Food"
O217,C959,29,D838,R61,"Pizza Hut","Mumbai B6",Mumbai,2023-09-29,Veg,721,57,12,766,Cash,Occasional,4.2,"Fast Food"
O218,C478,30,D792,R304,McDonalds,"Delhi B1",Delhi,2023-12-02,Non-Veg,863,32,113,782,UPI,Regular,4,Cafe
O219,C1606,25,D61,R390,"Pizza Hut","Mumbai B6",Mumbai,2024-02-15,Veg,951,35,138,848,UPI,Regular,3.1,"Casual Dining"
O220,C1702,38,D718,R267,"Biryani House","Bangalore B9",Bangalore,2023-10-10,Non-Veg,862,52,134,780,UPI,Occasional,4.9,"Casual Dining"
O221,C1250,27,D674,R285,"Pizza Hut","Hyderabad B9",Hyderabad,2023-10-01,Veg,837,31,130,738,UPI,Regular,3.2,"Fast Food"
O222,C1151,37,D197,R155,KFC,"Delhi B5",Delhi,2023-08-28,Veg,749,20,30,739,Cash,Occasional,3.6,"Fast Food"
O223,C1594,27,D928,R232,Dominos,"Mumbai B9",Mumbai,2024-05-11,Veg,964,60,75,949,UPI,Regular,4.6,Cafe
O224,C63,36,D869,R156,Dominos,"Delhi B5",Delhi,2023-08-23,Veg,390,30,102,318,UPI,Regular,4.8,Cafe
O225,C1287,27,D664,R382,McDonalds,"Mumbai B8",Mumbai,2023-07-17,Non-Veg,230,28,126,132,UPI,Regular,4.9,Cafe
O226,C1710,29,D204,R297,KFC,"Bangalore B3",Bangalore,2023-12-03,Non-Veg,447,20,47,420,UPI,Occasional,4.2,Cafe
O227,C1716,38,D525,R17,"Biryani House","Delhi B10",Delhi,2023-05-27,Veg,582,37,65,554,Card,Regular,4.7,Cafe
O228,C936,35,D878,R317,KFC,"Mumbai B6",Mumbai,2023-12-31,Non-Veg,509,54,105,458,UPI,Occasional,3.1,"Casual Dining"
O229,C280,39,D468,R385,"Biryani House","Hyderabad B4",Hyderabad,2023-02-04,Veg,831,45,30,846,Cash,Premium,3.5,"Casual Dining"
O230,C1117,32,D761,R336,"Biryani House","Bangalore B9",Bangalore,2024-03-24,Veg,979,46,119,906,Cash,Regular,3.7,"Fast Food"
O231,C755,54,D455,R303,"Pizza Hut","Delhi B3",Delhi,2023-05-01,Non-Veg,739,21,46,714,UPI,Occasional,4.3,"Casual Dining"
O232,C17,36,D47,R349,"Pizza Hut","Bangalore B10",Bangalore,2023-07-11,Non-Veg,352,34,37,349,Cash,Premium,4.5,Cafe
O233,C889,58,D337,R130,Dominos,"Delhi B3",Delhi,2023-11-27,Non-Veg,946,43,115,874,UPI,Premium,4.1,"Casual Dining"
O234,C426,26,D593,R292,"Pizza Hut","Delhi B4",Delhi,2023-12-16,Veg,974,39,145,868,Cash,Occasional,3.1,"Casual Dining"
O235,C680,28,D631,R214,"Pizza Hut","Mumbai B3",Mumbai,2024-01-24,Veg,877,25,75,827,UPI,Occasional,4.3,"Fast Food"
O236,C881,35,D625,R101,Dominos,"Bangalore B7",Bangalore,2023-03-17,Non-Veg,294,60,123,231,Cash,Regular,3.3,"Fast Food"
O237,C1227,35,D779,R170,"Pizza Hut","Mumbai B3",Mumbai,2023-10-17,Veg,351,60,104,307,UPI,Occasional,3.3,Cafe
O238,C1751,27,D556,R53,KFC,"Hyderabad B5",Hyderabad,2023-10-23,Non-Veg,262,57,77,242,UPI,Occasional,3.7,"Fast Food"
O239,C682,37,D273,R303,"Pizza Hut","Delhi B3",Delhi,2023-08-09,Veg,370,58,58,370,Cash,Regular,4.2,"Casual Dining"
O240,C637,68,D1000,R139,KFC,"Mumbai B6",Mumbai,2023-03-31,Veg,567,52,13,606,Card,Occasional,4.8,"Casual Dining"
O241,C44,34,D642,R144,KFC,"Bangalore B5",Bangalore,2023-09-03,Veg,451,23,1,473,UPI,Premium,4.8,"Casual Dining"
O242,C153,26,D277,R331,"Biryani House","Bangalore B7",Bangalore,2024-03-23,Non-Veg,803,36,115,724,Cash,Premium,3.8,"Casual Dining"
O243,C35,33,D487,R312,KFC,"Hyderabad B7",Hyderabad,2024-03-13,Non-Veg,540,55,130,465,UPI,Occasional,3.6,"Casual Dining"
O244,C1647,25,D649,R209,"Biryani House","Hyderabad B1",Hyderabad,2023-12-23,Non-Veg,925,25,47,903,Cash,Occasional,4.6,"Casual Dining"
O245,C43,25,D358,R185,Dominos,"Pune B4",Pune,2023-06-24,Non-Veg,631,44,134,541,Cash,Premium,3.7,"Casual Dining"
O246,C39,35,D343,R158,"Biryani House","Delhi B8",Delhi,2023-06-09,Non-Veg,872,34,21,885,Cash,Regular,4.7,"Fast Food"
O247,C1660,27,D610,R248,McDonalds,"Pune B1",Pune,2023-09-12,Non-Veg,648,38,130,556,UPI,Premium,5,"Casual Dining"
O248,C735,36,D939,R217,"Pizza Hut","Mumbai B4",Mumbai,2024-06-16,Non-Veg,648,25,17,656,Cash,Occasional,3.1,"Fast Food"
O249,C986,33,D635,R6,Dominos,"Mumbai B4",Mumbai,2024-09-30,Veg,878,29,70,837,Cash,Premium,4.5,Cafe
O250,C1969,57,D623,R38,McDonalds,"Bangalore B5",Bangalore,2023-10-29,Non-Veg,248,29,61,216,UPI,Premium,3.7,"Casual Dining"
O251,C832,28,D69,R345,KFC,"Mumbai B2",Mumbai,2024-01-18,Veg,775,27,72,730,UPI,Regular,4.7,Cafe
O252,C1794,28,D38,R247,"Biryani House","Mumbai B8",Mumbai,2023-12-16,Non-Veg,826,22,97,751,Cash,Premium,4.1,Cafe
O253,C1999,35,D312,R364,"Pizza Hut","Bangalore B5",Bangalore,2023-09-21,Non-Veg,560,60,58,562,Cash,Occasional,3.5,Cafe
O254,C998,43,D209,R19,McDonalds,"Mumbai B2",Mumbai,2024-01-22,Non-Veg,916,56,47,925,UPI,Premium,3.5,"Fast Food"
O255,C1297,32,D203,R126,KFC,"Hyderabad B6",Hyderabad,2023-04-21,Non-Veg,570,24,80,514,Cash,Premium,4.1,"Fast Food"
O256,C187,30,D292,R101,Dominos,"Bangalore B7",Bangalore,2023-05-12,Non-Veg,264,53,76,241,Cash,Premium,4.7,"Fast Food"
O257,C161,45,D803,R258,KFC,"Bangalore B3",Bangalore,2024-01-19,Non-Veg,750,31,126,655,Cash,Premium,4,"Fast Food"
O258,C1137,25,D823,R353,"Biryani House","Pune B2",Pune,2024-01-10,Non-Veg,750,39,44,745,UPI,Premium,3.7,"Casual Dining"
O259,C15,33,D723,R388,Dominos,"Mumbai B9",Mumbai,2023-07-16,Veg,577,49,81,545,UPI,Regular,3.2,"Casual Dining"
O260,C416,29,D504,R258,KFC,"Bangalore B3",Bangalore,2023-10-06,Veg,759,40,76,723,Cash,Regular,3,"Fast Food"
O261,C1770,56,D633,R37,Dominos,"Hyderabad B4",Hyderabad,2024-10-21,Veg,431,31,31,431,UPI,Premium,3.9,"Casual Dining"
O262,C1633,28,D444,R192,Dominos,"Bangalore B9",Bangalore,2024-06-16,Non-Veg,743,20,124,639,Cash,Regular,4.7,"Fast Food"
O263,C10,38,D578,R138,"Pizza Hut","Hyderabad B5",Hyderabad,2023-12-11,Veg,692,25,0,717,UPI,Premium,3,"Fast Food"
O264,C862,34,D254,R75,Dominos,"Pune B10",Pune,2023-08-19,Non-Veg,345,26,37,334,UPI,Regular,3.5,Cafe
O265,C971,32,D28,R241,"Pizza Hut","Pune B5",Pune,2024-06-18,Non-Veg,361,46,125,282,UPI,Premium,4,Cafe
O266,C175,40,D900,R234,"Biryani House","Delhi B2",Delhi,2023-05-27,Non-Veg,782,26,35,773,UPI,Premium,4.4,"Fast Food"
O267,C1522,35,D853,R319,Dominos,"Pune B10",Pune,2023-11-30,Non-Veg,646,39,65,620,UPI,Regular,4.4,"Fast Food"
O268,C814,25,D728,R181,"Biryani House","Hyderabad B9",Hyderabad,2024-04-25,Non-Veg,524,25,119,430,Cash,Occasional,3.1,"Casual Dining"
O269,C1611,30,D386,R122,"Pizza Hut","Bangalore B5",Bangalore,2024-09-03,Veg,322,45,29,338,UPI,Premium,4.4,"Fast Food"
O270,C800,29,D624,R115,Dominos,"Pune B10",Pune,2024-03-30,Veg,260,60,111,209,UPI,Regular,3.5,"Casual Dining"
O271,C1175,33,D806,R297,KFC,"Bangalore B3",Bangalore,2023-03-25,Veg,360,43,122,281,UPI,Premium,4.8,Cafe
O272,C850,35,D550,R176,"Biryani House","Mumbai B2",Mumbai,2024-01-03,Non-Veg,347,34,27,354,Cash,Premium,5,"Casual Dining"
O273,C842,31,D953,R54,"Pizza Hut","Delhi B4",Delhi,2023-08-26,Non-Veg,685,47,104,628,UPI,Occasional,3.3,"Casual Dining"
O274,C1795,40,D875,R329,"Biryani House","Mumbai B1",Mumbai,2024-01-02,Non-Veg,372,23,39,356,UPI,Occasional,4.2,Cafe
O275,C1629,35,D6,R41,McDonalds,"Mumbai B6",Mumbai,2023-06-13,Veg,592,33,32,593,UPI,Regular,3.2,Cafe
O276,C628,30,D249,R382,McDonalds,"Mumbai B8",Mumbai,2023-11-28,Non-Veg,434,33,96,371,UPI,Premium,4.8,Cafe
O277,C1540,33,D234,R243,KFC,"Bangalore B10",Bangalore,2024-02-20,Non-Veg,828,37,4,861,Cash,Regular,4.3,"Fast Food"
O278,C447,66,D165,R94,"Pizza Hut","Mumbai B10",Mumbai,2024-04-10,Veg,324,34,101,257,UPI,Regular,4.9,"Fast Food"
O279,C1588,28,D405,R302,"Biryani House","Hyderabad B5",Hyderabad,2023-12-15,Non-Veg,592,58,134,516,Cash,Occasional,4.4,"Fast Food"
O280,C1341,32,D236,R276,"Pizza Hut","Hyderabad B9",Hyderabad,2023-07-10,Veg,471,32,93,410,UPI,Occasional,4.3,Cafe
O281,C211,44,D860,R90,McDonalds,"Pune B9",Pune,2023-07-29,Veg,454,44,60,438,UPI,Occasional,3.4,Cafe
O282,C393,27,D883,R26,KFC,"Delhi B4",Delhi,2023-09-15,Non-Veg,971,25,66,930,Cash,Regular,3.9,Cafe
O283,C1196,25,D677,R213,Dominos,"Mumbai B2",Mumbai,2023-08-21,Veg,473,22,131,364,Cash,Regular,4.2,Cafe
O284,C1723,35,D379,R191,McDonalds,"Hyderabad B2",Hyderabad,2023-03-28,Veg,435,29,61,403,Cash,Regular,4.9,Cafe
O285,C792,68,D287,R10,"Biryani House","Bangalore B7",Bangalore,2024-08-08,Non-Veg,362,56,5,413,UPI,Regular,3.7,Cafe
O286,C1191,26,D296,R131,KFC,"Pune B7",Pune,2023-09-28,Non-Veg,716,60,137,639,UPI,Occasional,3.9,Cafe
O287,C1802,34,D969,R258,KFC,"Bangalore B3",Bangalore,2024-05-09,Veg,537,60,130,467,Cash,Occasional,3.3,"Fast Food"
O288,C1614,40,D647,R190,KFC,"Hyderabad B5",Hyderabad,2024-01-22,Non-Veg,455,56,96,415,UPI,Regular,3.6,Cafe
O289,C1911,29,D732,R338,McDonalds,"Hyderabad B8",Hyderabad,2023-11-29,Veg,598,28,121,505,UPI,Premium,3.9,"Casual Dining"
O290,C483,64,D33,R5,KFC,"Delhi B4",Delhi,2023-11-07,Non-Veg,350,52,147,255,UPI,Premium,3.3,"Fast Food"
O291,C1834,25,D241,R250,McDonalds,"Delhi B8",Delhi,2024-05-03,Veg,550,53,10,593,UPI,Regular,4.8,"Fast Food"
O292,C1206,33,D261,R391,McDonalds,"Delhi B5",Delhi,2024-05-11,Non-Veg,612,52,142,522,UPI,Occasional,5,"Casual Dining"
O293,C1088,37,D526,R287,McDonalds,"Bangalore B10",Bangalore,2024-07-01,Veg,396,47,14,429,Cash,Occasional,4.9,Cafe
O294,C141,70,D975,R298,Dominos,"Pune B5",Pune,2023-03-20,Veg,676,48,57,667,UPI,Premium,3.5,"Casual Dining"
O295,C444,18,D387,R320,"Pizza Hut","Mumbai B2",Mumbai,2023-11-18,Non-Veg,606,52,117,541,UPI,Regular,3.2,Cafe
O296,C713,35,D500,R321,Dominos,"Pune B1",Pune,2024-05-27,Non-Veg,801,53,6,848,Cash,Occasional,3.8,"Casual Dining"
O297,C688,40,D319,R165,"Biryani House","Hyderabad B3",Hyderabad,2023-09-20,Non-Veg,880,20,105,795,Cash,Premium,4,"Casual Dining"
O298,C1688,29,D543,R385,"Biryani House","Hyderabad B4",Hyderabad,2023-12-11,Veg,457,26,128,355,UPI,Premium,4.7,"Casual Dining"
O299,C252,28,D314,R335,"Pizza Hut","Pune B6",Pune,2023-10-12,Veg,851,22,17,856,Cash,Regular,4.1,Cafe
O300,C1359,28,D141,R340,McDonalds,"Pune B3",Pune,2023-03-25,Veg,809,52,142,719,UPI,Premium,3.2,"Casual Dining"
O301,C1086,31,D663,R231,"Biryani House","Mumbai B7",Mumbai,2023-09-14,Non-Veg,797,20,67,750,Cash,Premium,3,"Casual Dining"
O302,C862,34,D263,R131,KFC,"Pune B7",Pune,2024-04-14,Non-Veg,369,32,65,336,UPI,Regular,3.8,Cafe
O303,C461,32,D465,R145,McDonalds,"Pune B4",Pune,2023-09-14,Non-Veg,612,31,141,502,UPI,Premium,4.3,"Fast Food"
O304,C1714,21,D278,R158,"Biryani House","Delhi B8",Delhi,2024-06-22,Veg,617,29,46,600,Cash,Occasional,4.2,"Fast Food"
O305,C618,35,D839,R259,"Pizza Hut","Delhi B6",Delhi,2024-02-26,Veg,259,47,85,221,UPI,Regular,4.7,"Casual Dining"
O306,C557,32,D954,R80,KFC,"Pune B10",Pune,2024-04-27,Non-Veg,759,26,110,675,UPI,Regular,4.9,"Fast Food"
O307,C1749,25,D369,R171,"Pizza Hut","Mumbai B10",Mumbai,2023-05-21,Non-Veg,390,31,35,386,Card,Occasional,4.6,Cafe
O308,C502,34,D609,R133,KFC,"Bangalore B9",Bangalore,2024-03-25,Veg,992,34,136,890,Cash,Regular,3,"Fast Food"
O309,C813,33,D471,R2,"Biryani House","Mumbai B4",Mumbai,2024-01-26,Veg,919,58,40,937,UPI,Occasional,4.3,Cafe
O310,C643,38,D765,R96,"Biryani House","Mumbai B4",Mumbai,2024-05-20,Veg,377,38,64,351,UPI,Occasional,5,"Casual Dining"
O311,C308,36,D673,R82,McDonalds,"Delhi B8",Delhi,2023-09-02,Veg,270,45,82,233,UPI,Premium,3.4,"Casual Dining"
O312,C1050,35,D682,R301,Dominos,"Mumbai B5",Mumbai,2024-01-03,Veg,495,52,86,461,UPI,Regular,3.2,Cafe
O313,C114,28,D685,R391,McDonalds,"Delhi B5",Delhi,2024-04-06,Non-Veg,758,56,12,802,Cash,Regular,4.8,"Casual Dining"
O314,C1037,39,D285,R201,KFC,"Hyderabad B8",Hyderabad,2023-11-18,Non-Veg,916,46,96,866,UPI,Occasional,4.7,Cafe
O315,C1441,32,D647,R32,"Pizza Hut","Hyderabad B4",Hyderabad,2024-03-03,Veg,629,50,3,676,UPI,Occasional,3.6,"Casual Dining"
O316,C267,30,D532,R270,KFC,"Delhi B2",Delhi,2024-02-17,Veg,879,52,138,793,UPI,Regular,3.4,Cafe
O317,C428,18,D375,R236,Dominos,"Hyderabad B9",Hyderabad,2024-04-25,Non-Veg,851,50,75,826,UPI,Occasional,3.7,"Fast Food"
O318,C200,32,D529,R186,"Pizza Hut","Delhi B5",Delhi,2023-12-30,Veg,765,51,146,670,UPI,Premium,3.2,Cafe
O319,C757,35,D123,R99,"Pizza Hut","Bangalore B6",Bangalore,2023-11-03,Veg,835,22,38,819,UPI,Regular,3.4,"Fast Food"
O320,C1528,34,D116,R137,McDonalds,"Mumbai B9",Mumbai,2023-03-06,Veg,202,35,34,203,UPI,Occasional,4.8,"Casual Dining"
O321,C4,32,D525,R87,KFC,"Delhi B7",Delhi,2023-09-26,Non-Veg,880,47,97,830,Cash,Regular,4.7,"Fast Food"
O322,C1699,56,D174,R127,KFC,"Pune B5",Pune,2023-04-20,Veg,264,20,82,202,Cash,Premium,4.2,"Fast Food"
O323,C1430,34,D373,R114,"Biryani House","Bangalore B2",Bangalore,2023-10-01,Veg,403,38,60,381,UPI,Premium,4.9,"Fast Food"
O324,C1759,27,D252,R41,McDonalds,"Mumbai B6",Mumbai,2023-07-15,Non-Veg,561,53,70,544,Cash,Regular,4.8,Cafe
O325,C923,36,D9,R198,"Pizza Hut","Mumbai B6",Mumbai,2023-09-26,Non-Veg,540,36,85,491,Cash,Regular,4.6,"Fast Food"
O326,C52,57,D411,R379,Dominos,"Pune B6",Pune,2023-10-13,Non-Veg,280,20,16,284,Cash,Occasional,3.5,"Fast Food"
O327,C168,36,D428,R106,Dominos,"Mumbai B10",Mumbai,2023-10-23,Veg,201,54,97,158,Cash,Occasional,3.4,"Fast Food"
O328,C1168,34,D976,R79,McDonalds,"Delhi B4",Delhi,2023-12-16,Non-Veg,479,47,146,380,Cash,Regular,4.3,Cafe
O329,C900,55,D211,R339,"Biryani House","Delhi B6",Delhi,2024-03-03,Non-Veg,541,45,117,469,Cash,Occasional,3.8,"Casual Dining"
O330,C464,37,D232,R82,McDonalds,"Delhi B8",Delhi,2023-04-18,Veg,232,42,31,243,Cash,Regular,3.8,"Casual Dining"
O331,C1852,33,D957,R309,McDonalds,"Hyderabad B6",Hyderabad,2023-07-24,Non-Veg,658,36,97,597,UPI,Occasional,4.8,Cafe
O332,C1481,40,D516,R195,"Pizza Hut","Hyderabad B9",Hyderabad,2023-10-26,Veg,827,58,16,869,UPI,Regular,4.8,Cafe
O333,C757,34,D973,R243,KFC,"Bangalore B10",Bangalore,2024-04-15,Non-Veg,535,59,112,482,UPI,Regular,3.7,"Fast Food"
O334,C239,37,D914,R265,McDonalds,"Hyderabad B10",Hyderabad,2023-12-19,Veg,642,57,19,680,Cash,Occasional,3.5,"Casual Dining"
O335,C301,28,D771,R395,McDonalds,"Hyderabad B6",Hyderabad,2024-04-28,Veg,562,37,105,494,UPI,Occasional,4.6,"Fast Food"
O336,C1849,62,D679,R355,KFC,"Bangalore B4",Bangalore,2023-06-06,Veg,576,24,138,462,Card,Regular,3.6,Cafe
O337,C1440,27,D135,R290,"Biryani House","Pune B10",Pune,2024-06-16,Veg,218,22,71,169,Cash,Regular,4.2,Cafe
O338,C1291,26,D683,R188,KFC,"Bangalore B1",Bangalore,2024-02-19,Veg,955,43,68,930,UPI,Occasional,5,Cafe
O339,C1681,58,D314,R235,"Pizza Hut","Pune B9",Pune,2023-11-23,Veg,205,55,34,226,UPI,Premium,4.1,"Fast Food"
O340,C1956,39,D144,R48,"Pizza Hut","Mumbai B10",Mumbai,2023-06-07,Non-Veg,518,42,74,486,UPI,Occasional,3.9,"Casual Dining"
O341,C1102,26,D763,R339,"Biryani House","Delhi B6",Delhi,2023-12-20,Non-Veg,614,35,22,627,UPI,Premium,4.9,"Casual Dining"
O342,C1729,35,D661,R237,Dominos,"Mumbai B2",Mumbai,2023-11-25,Non-Veg,535,48,62,521,UPI,Premium,4.5,"Fast Food"
O343,C1285,28,D362,R207,"Biryani House","Hyderabad B1",Hyderabad,2024-04-05,Veg,359,58,52,365,UPI,Occasional,3.1,"Fast Food"
O344,C241,30,D145,R275,Dominos,"Bangalore B9",Bangalore,2024-05-06,Non-Veg,249,34,10,273,Card,Premium,4.9,Cafe
O345,C1120,37,D698,R355,KFC,"Bangalore B4",Bangalore,2024-02-01,Non-Veg,709,37,16,730,Cash,Premium,3.1,Cafe
O346,C1104,36,D878,R93,McDonalds,"Mumbai B6",Mumbai,2023-10-17,Veg,796,24,112,708,Cash,Regular,3.1,"Casual Dining"
O347,C4,46,D483,R36,"Biryani House","Delhi B6",Delhi,2023-12-19,Veg,863,37,112,788,UPI,Regular,4.6,Cafe
O348,C523,29,D589,R44,"Biryani House","Hyderabad B9",Hyderabad,2023-10-30,Veg,859,29,143,745,UPI,Occasional,4.1,"Fast Food"
O349,C714,28,D884,R123,Dominos,"Delhi B2",Delhi,2023-11-07,Non-Veg,843,45,66,822,Cash,Premium,3.8,"Fast Food"
O350,C717,28,D372,R89,McDonalds,"Bangalore B6",Bangalore,2023-10-10,Non-Veg,263,34,88,209,Card,Occasional,3.2,Cafe
O351,C404,31,D250,R125,"Pizza Hut","Delhi B2",Delhi,2024-03-18,Non-Veg,644,56,63,637,Cash,Regular,3.8,"Casual Dining"
O352,C517,30,D404,R292,"Pizza Hut","Delhi B4",Delhi,2024-05-01,Non-Veg,751,26,31,746,UPI,Regular,4.3,"Casual Dining"
O353,C850,36,D491,R301,Dominos,"Mumbai B5",Mumbai,2023-09-15,Non-Veg,219,27,23,223,UPI,Premium,4.9,Cafe
O354,C162,28,D590,R79,McDonalds,"Delhi B4",Delhi,2024-01-07,Veg,728,54,129,653,UPI,Regular,4.5,Cafe
O355,C1653,33,D585,R207,"Biryani House","Hyderabad B1",Hyderabad,2023-05-21,Veg,663,20,149,534,Cash,Regular,3.9,"Fast Food"
O356,C1980,25,D372,R4,KFC,"Bangalore B2",Bangalore,2023-05-25,Non-Veg,606,35,17,624,Cash,Regular,3.2,"Fast Food"
O357,C1384,32,D985,R73,Dominos,"Bangalore B1",Bangalore,2023-10-04,Veg,875,30,136,769,Cash,Regular,3.6,Cafe
O358,C698,30,D811,R181,"Biryani House","Hyderabad B9",Hyderabad,2024-04-17,Veg,503,40,104,439,UPI,Premium,4,"Casual Dining"
O359,C495,62,D223,R135,KFC,"Pune B5",Pune,2024-03-30,Non-Veg,255,37,30,262,UPI,Occasional,3.1,Cafe
O360,C1794,34,D524,R93,McDonalds,"Mumbai B6",Mumbai,2023-07-22,Non-Veg,629,26,30,625,Cash,Premium,4.4,"Casual Dining"
O361,C1286,32,D456,R106,Dominos,"Mumbai B10",Mumbai,2024-05-29,Non-Veg,689,35,6,718,UPI,Regular,3.6,"Fast Food"
O362,C935,32,D155,R183,"Biryani House","Pune B3",Pune,2024-03-27,Veg,723,57,115,665,UPI,Regular,4.3,"Fast Food"
O363,C808,26,D107,R281,"Pizza Hut","Mumbai B1",Mumbai,2023-12-12,Veg,317,22,31,308,Cash,Premium,4.4,"Casual Dining"
O364,C736,27,D158,R356,"Biryani House","Pune B8",Pune,2024-01-12,Veg,338,43,122,259,UPI,Premium,4.4,"Casual Dining"
O365,C1288,58,D56,R299,"Pizza Hut","Pune B3",Pune,2024-04-03,Veg,946,21,113,854,UPI,Premium,4.9,Cafe
O366,C545,34,D188,R194,Dominos,"Delhi B3",Delhi,2023-09-18,Non-Veg,323,46,140,229,Cash,Regular,4.8,"Fast Food"
O367,C503,25,D163,R363,KFC,"Hyderabad B9",Hyderabad,2024-08-02,Non-Veg,997,43,20,1020,UPI,Premium,4.1,"Fast Food"
O368,C1946,39,D664,R345,KFC,"Mumbai B2",Mumbai,2023-10-18,Veg,567,57,116,508,Card,Regular,4.9,Cafe
O369,C1785,25,D692,R107,KFC,"Pune B4",Pune,2023-12-22,Veg,614,47,30,631,Cash,Premium,4.8,"Casual Dining"
O370,C1738,33,D192,R203,"Pizza Hut","Hyderabad B9",Hyderabad,2023-10-13,Non-Veg,710,46,81,675,Cash,Occasional,4.9,"Fast Food"
O371,C1210,36,D912,R61,"Pizza Hut","Mumbai B6",Mumbai,2024-03-19,Non-Veg,362,40,15,387,Cash,Occasional,4.3,"Fast Food"
O372,C1527,28,D727,R71,McDonalds,"Delhi B5",Delhi,2023-05-31,Non-Veg,546,30,48,528,UPI,Occasional,4.2,"Fast Food"
O373,C886,23,D189,R252,"Pizza Hut","Hyderabad B1",Hyderabad,2024-08-02,Non-Veg,912,45,46,911,UPI,Regular,4.4,"Fast Food"
O374,C523,30,D782,R44,"Biryani House","Hyderabad B9",Hyderabad,2024-05-16,Non-Veg,744,47,8,783,UPI,Occasional,4.3,"Fast Food"
O375,C622,38,D475,R266,"Pizza Hut","Bangalore B9",Bangalore,2024-07-26,Veg,807,22,90,739,UPI,Premium,3.1,"Casual Dining"
O376,C990,35,D232,R304,McDonalds,"Delhi B1",Delhi,2023-05-10,Veg,701,41,45,697,UPI,Premium,3.8,Cafe
O377,C1151,26,D173,R63,Dominos,"Delhi B3",Delhi,2024-03-31,Veg,633,51,126,558,UPI,Occasional,3.7,Cafe
O378,C1363,25,D461,R373,Dominos,"Mumbai B4",Mumbai,2023-12-22,Veg,641,43,29,655,UPI,Occasional,4.7,Cafe
O379,C373,34,D374,R225,KFC,"Bangalore B7",Bangalore,2023-11-14,Veg,599,26,73,552,Cash,Premium,4.8,Cafe
O380,C422,27,D203,R308,"Pizza Hut","Hyderabad B5",Hyderabad,2023-05-27,Non-Veg,445,23,20,448,UPI,Premium,4.1,Cafe
O381,C1057,34,D354,R142,"Pizza Hut","Hyderabad B6",Hyderabad,2023-09-15,Veg,397,51,52,396,Cash,Premium,3.8,"Fast Food"
O382,C212,33,D703,R213,Dominos,"Mumbai B2",Mumbai,2024-02-28,Non-Veg,714,48,65,697,UPI,Regular,4,Cafe
O383,C963,48,D5,R98,KFC,"Delhi B2",Delhi,2023-12-27,Veg,908,39,37,910,Cash,Occasional,3.2,"Fast Food"
O384,C626,29,D20,R365,"Pizza Hut","Bangalore B7",Bangalore,2024-04-18,Veg,434,27,134,327,UPI,Occasional,3.1,"Casual Dining"
O385,C556,24,D827,R103,"Pizza Hut","Hyderabad B1",Hyderabad,2023-10-10,Non-Veg,429,27,58,398,UPI,Occasional,3,Cafe
O386,C133,28,D959,R397,"Pizza Hut","Pune B6",Pune,2023-09-16,Veg,312,47,16,343,Cash,Premium,4.4,Cafe
O387,C1221,35,D171,R314,McDonalds,"Pune B7",Pune,2023-07-31,Veg,991,54,137,908,Cash,Regular,3.8,Cafe
O388,C1930,20,D417,R334,"Biryani House","Hyderabad B10",Hyderabad,2024-03-03,Veg,923,30,65,888,UPI,Occasional,4,Cafe
O389,C95,30,D765,R48,"Pizza Hut","Mumbai B10",Mumbai,2023-12-29,Veg,380,44,3,421,UPI,Occasional,5,"Casual Dining"
O390,C1883,38,D607,R99,"Pizza Hut","Bangalore B6",Bangalore,2024-04-29,Veg,236,32,8,260,UPI,Premium,4.1,"Fast Food"
O391,C323,32,D898,R396,"Pizza Hut","Bangalore B8",Bangalore,2024-07-20,Veg,623,46,24,645,UPI,Occasional,3.9,Cafe
O392,C124,37,D393,R293,KFC,"Mumbai B3",Mumbai,2023-12-25,Veg,252,53,101,204,UPI,Regular,3.2,Cafe
O393,C996,26,D269,R134,"Biryani House","Delhi B8",Delhi,2024-06-12,Non-Veg,619,34,103,550,Cash,Regular,3.3,Cafe
O394,C195,32,D909,R312,KFC,"Hyderabad B7",Hyderabad,2023-10-22,Veg,276,49,130,195,UPI,Regular,4.9,"Casual Dining"
O395,C1005,40,D289,R315,Dominos,"Bangalore B10",Bangalore,2024-03-10,Non-Veg,327,43,110,260,Cash,Premium,4.2,Cafe
O396,C1210,39,D318,R169,KFC,"Mumbai B10",Mumbai,2023-07-20,Veg,673,25,33,665,Cash,Occasional,3.8,"Fast Food"
O397,C493,30,D45,R170,"Pizza Hut","Mumbai B3",Mumbai,2023-10-15,Veg,561,35,1,595,UPI,Premium,3.8,Cafe
O398,C690,38,D297,R375,McDonalds,"Bangalore B3",Bangalore,2024-07-20,Veg,481,29,84,426,UPI,Occasional,4.8,"Fast Food"
O399,C1318,30,D10,R258,KFC,"Bangalore B3",Bangalore,2023-03-25,Non-Veg,628,25,12,641,UPI,Regular,3.7,"Fast Food"
O400,C1084,31,D232,R194,Dominos,"Delhi B3",Delhi,2023-02-19,Veg,731,48,21,758,UPI,Occasional,3.8,"Fast Food"
O401,C954,37,D807,R394,McDonalds,"Pune B2",Pune,2023-05-08,Non-Veg,520,42,11,551,UPI,Occasional,3.5,"Fast Food"
O402,C1373,32,D277,R101,Dominos,"Bangalore B7",Bangalore,2024-01-23,Non-Veg,526,34,10,550,Cash,Premium,3.8,"Fast Food"
O403,C804,31,D269,R286,"Biryani House","Delhi B6",Delhi,2024-01-12,Non-Veg,551,45,56,540,Cash,Regular,3.3,Cafe
O404,C1687,50,D725,R26,KFC,"Delhi B4",Delhi,2024-01-08,Non-Veg,717,35,79,673,Cash,Regular,4.5,Cafe
O405,C867,35,D102,R302,"Biryani House","Hyderabad B5",Hyderabad,2023-12-14,Non-Veg,998,50,67,981,UPI,Premium,3.9,"Fast Food"
O406,C1933,32,D45,R226,"Pizza Hut","Mumbai B7",Mumbai,2023-06-29,Non-Veg,866,27,60,833,UPI,Regular,3.8,"Casual Dining"
O407,C703,32,D905,R3,"Pizza Hut","Pune B8",Pune,2024-06-17,Veg,651,27,47,631,Cash,Occasional,3.6,"Casual Dining"
O408,C768,26,D419,R122,"Pizza Hut","Bangalore B5",Bangalore,2023-03-22,Non-Veg,714,24,23,715,Cash,Occasional,4.9,"Fast Food"
O409,C1957,37,D952,R28,Dominos,"Pune B3",Pune,2023-11-18,Veg,937,40,130,847,Cash,Regular,4.1,"Casual Dining"
O410,C1753,34,D839,R377,"Biryani House","Delhi B1",Delhi,2024-07-06,Veg,659,55,43,671,Cash,Regular,4.7,Cafe
O411,C1158,39,D396,R209,"Biryani House","Hyderabad B1",Hyderabad,2024-05-14,Non-Veg,811,27,142,696,UPI,Regular,4.5,"Casual Dining"
O412,C1011,39,D212,R28,Dominos,"Pune B3",Pune,2023-08-23,Veg,450,39,129,360,UPI,Occasional,4.3,"Casual Dining"
O413,C1412,35,D907,R51,"Pizza Hut","Hyderabad B9",Hyderabad,2023-08-19,Non-Veg,250,33,23,260,Card,Premium,4.9,Cafe
O414,C832,38,D506,R137,McDonalds,"Mumbai B9",Mumbai,2024-08-10,Veg,735,58,59,734,Cash,Regular,4.5,"Casual Dining"
O415,C1370,32,D394,R178,"Pizza Hut","Delhi B4",Delhi,2024-03-17,Veg,571,27,131,467,Cash,Regular,3,"Casual Dining"
O416,C699,28,D591,R197,Dominos,"Delhi B4",Delhi,2023-12-30,Non-Veg,512,27,110,429,Cash,Premium,4.9,"Casual Dining"
O417,C1814,21,D548,R347,Dominos,"Bangalore B3",Bangalore,2023-12-22,Veg,869,31,90,810,UPI,Occasional,3.5,"Fast Food"
O418,C327,25,D407,R209,"Biryani House","Hyderabad B1",Hyderabad,2024-01-06,Veg,265,38,26,277,UPI,Occasional,3.5,"Casual Dining"
O419,C369,37,D689,R218,McDonalds,"Pune B2",Pune,2024-01-13,Veg,599,24,81,542,Cash,Premium,4.4,"Fast Food"
O420,C634,32,D918,R356,"Biryani House","Pune B8",Pune,2024-02-20,Non-Veg,789,49,44,794,UPI,Regular,4.5,"Casual Dining"
O421,C1446,70,D517,R327,Dominos,"Pune B8",Pune,2024-10-15,Veg,422,34,61,395,Cash,Premium,4.8,Cafe
O422,C1452,26,D997,R387,KFC,"Pune B7",Pune,2023-12-15,Veg,744,20,81,683,UPI,Regular,4.8,"Casual Dining"
O423,C468,55,D829,R254,KFC,"Hyderabad B4",Hyderabad,2023-11-11,Veg,588,32,86,534,UPI,Occasional,4.5,"Fast Food"
O424,C280,36,D554,R352,"Biryani House","Hyderabad B4",Hyderabad,2024-02-16,Non-Veg,673,56,115,614,UPI,Premium,3,Cafe
O425,C483,39,D304,R234,"Biryani House","Delhi B2",Delhi,2024-06-18,Veg,666,47,9,704,UPI,Premium,3.9,"Fast Food"
O426,C538,40,D238,R126,KFC,"Hyderabad B6",Hyderabad,2023-10-30,Non-Veg,223,39,119,143,Cash,Premium,3.7,"Fast Food"
O427,C430,28,D644,R223,McDonalds,"Bangalore B5",Bangalore,2024-09-15,Veg,805,23,14,814,UPI,Regular,3,"Fast Food"
O428,C721,25,D217,R159,Dominos,"Hyderabad B9",Hyderabad,2024-02-11,Non-Veg,249,45,132,162,Cash,Occasional,3,"Casual Dining"
O429,C1509,26,D180,R102,McDonalds,"Mumbai B6",Mumbai,2023-07-30,Veg,210,47,48,209,UPI,Premium,3.4,Cafe
O430,C703,60,D867,R57,KFC,"Pune B2",Pune,2023-04-16,Veg,996,50,46,1000,Cash,Occasional,4.2,"Casual Dining"
O431,C776,34,D72,R80,KFC,"Pune B10",Pune,2024-06-25,Veg,489,48,19,518,Cash,Premium,4.6,"Fast Food"
O432,C1830,39,D319,R51,"Pizza Hut","Hyderabad B9",Hyderabad,2023-11-11,Veg,498,57,113,442,Cash,Occasional,4,Cafe
O433,C1091,37,D721,R49,KFC,"Delhi B3",Delhi,2024-08-22,Non-Veg,524,29,148,405,Cash,Premium,4.2,"Fast Food"
O434,C247,35,D68,R30,"Pizza Hut","Mumbai B5",Mumbai,2024-09-13,Non-Veg,524,24,92,456,Cash,Premium,3.3,"Casual Dining"
O435,C1205,35,D568,R352,"Biryani House","Hyderabad B4",Hyderabad,2024-01-14,Veg,741,30,125,646,UPI,Regular,3.8,Cafe
O436,C463,62,D970,R207,"Biryani House","Hyderabad B1",Hyderabad,2024-06-19,Non-Veg,780,35,88,727,UPI,Occasional,4.7,"Fast Food"
O437,C956,21,D195,R322,KFC,"Pune B9",Pune,2023-12-20,Non-Veg,374,57,57,374,Cash,Premium,4.1,"Casual Dining"
O438,C464,26,D366,R13,Dominos,"Delhi B8",Delhi,2024-01-19,Veg,844,36,6,874,Cash,Regular,5,Cafe
O439,C518,36,D573,R103,"Pizza Hut","Hyderabad B1",Hyderabad,2023-03-19,Veg,979,23,99,903,UPI,Regular,4.6,Cafe
O440,C924,69,D838,R66,Dominos,"Mumbai B5",Mumbai,2024-01-12,Veg,917,23,135,805,UPI,Regular,4.2,"Casual Dining"
O441,C232,30,D906,R145,McDonalds,"Pune B4",Pune,2023-12-20,Veg,366,43,42,367,UPI,Occasional,3.5,"Fast Food"
O442,C644,36,D184,R269,KFC,"Hyderabad B4",Hyderabad,2024-04-01,Non-Veg,225,26,2,249,UPI,Premium,4.8,"Casual Dining"
O443,C1576,31,D441,R136,McDonalds,"Bangalore B3",Bangalore,2024-01-28,Non-Veg,652,56,147,561,UPI,Occasional,4.3,"Casual Dining"
O444,C1817,26,D235,R248,McDonalds,"Pune B1",Pune,2023-04-07,Non-Veg,575,36,102,509,UPI,Regular,3,"Casual Dining"
O445,C1505,38,D990,R71,McDonalds,"Delhi B5",Delhi,2024-02-03,Non-Veg,477,30,88,419,UPI,Occasional,3.5,"Fast Food"
O446,C128,33,D790,R395,McDonalds,"Hyderabad B6",Hyderabad,2023-11-11,Non-Veg,227,32,16,243,UPI,Occasional,5,"Fast Food"
O447,C1208,40,D271,R341,KFC,"Pune B9",Pune,2023-12-29,Non-Veg,612,38,130,520,UPI,Occasional,3.6,Cafe
O448,C1612,50,D512,R175,KFC,"Bangalore B7",Bangalore,2024-02-29,Non-Veg,549,31,133,447,UPI,Premium,4.3,Cafe
O449,C579,35,D128,R84,"Biryani House","Bangalore B8",Bangalore,2023-09-21,Non-Veg,313,23,142,194,UPI,Regular,4.3,Cafe
O450,C1501,26,D982,R267,"Biryani House","Bangalore B9",Bangalore,2023-06-23,Veg,766,43,138,671,Cash,Premium,4.3,"Casual Dining"
O451,C758,40,D827,R15,Dominos,"Hyderabad B9",Hyderabad,2024-01-23,Non-Veg,727,56,87,696,UPI,Regular,3,"Fast Food"
O452,C619,25,D42,R365,"Pizza Hut","Bangalore B7",Bangalore,2024-01-10,Non-Veg,612,49,82,579,Cash,Regular,3.7,"Casual Dining"
O453,C1931,42,D208,R295,"Biryani House","Pune B5",Pune,2024-03-11,Non-Veg,359,51,101,309,Cash,Premium,3.1,Cafe
O454,C1950,30,D521,R387,KFC,"Pune B7",Pune,2023-08-27,Veg,669,37,36,670,Card,Regular,4.4,"Casual Dining"
O455,C1545,33,D870,R322,KFC,"Pune B9",Pune,2023-06-25,Non-Veg,797,28,14,811,UPI,Premium,4.6,"Casual Dining"
O456,C1515,37,D100,R183,"Biryani House","Pune B3",Pune,2023-08-20,Veg,549,38,57,530,UPI,Regular,3,"Fast Food"
O457,C912,31,D410,R394,McDonalds,"Pune B2",Pune,2024-04-10,Veg,575,51,27,599,UPI,Premium,4.2,"Fast Food"
O458,C918,38,D614,R183,"Biryani House","Pune B3",Pune,2024-06-25,Veg,742,20,43,719,UPI,Regular,3.6,"Fast Food"
O459,C596,39,D380,R67,McDonalds,"Bangalore B4",Bangalore,2023-12-23,Non-Veg,605,45,87,563,UPI,Regular,3.5,"Fast Food"
O460,C717,27,D846,R275,Dominos,"Bangalore B9",Bangalore,2024-04-11,Veg,752,20,31,741,UPI,Occasional,3.4,Cafe
O461,C1493,54,D408,R255,Dominos,"Pune B2",Pune,2024-03-10,Non-Veg,402,53,95,360,Card,Regular,4,Cafe
O462,C700,39,D843,R283,McDonalds,"Mumbai B7",Mumbai,2024-02-01,Non-Veg,975,39,70,944,UPI,Occasional,3.7,"Fast Food"
O463,C266,28,D224,R211,"Pizza Hut","Bangalore B4",Bangalore,2023-07-14,Veg,636,57,68,625,UPI,Occasional,3.1,Cafe
O464,C348,26,D118,R275,Dominos,"Bangalore B9",Bangalore,2024-04-03,Non-Veg,838,46,67,817,UPI,Regular,3.6,Cafe
O465,C1015,36,D303,R174,Dominos,"Pune B8",Pune,2023-12-30,Veg,601,44,45,600,Card,Regular,3.7,Cafe
O466,C1566,32,D449,R268,"Biryani House","Hyderabad B4",Hyderabad,2024-03-13,Veg,760,39,66,733,UPI,Regular,4.3,"Fast Food"
O467,C1544,33,D387,R386,"Pizza Hut","Mumbai B3",Mumbai,2024-03-03,Veg,932,43,41,934,UPI,Occasional,3.2,"Casual Dining"
O468,C354,26,D735,R387,KFC,"Pune B7",Pune,2024-02-19,Non-Veg,202,30,16,216,UPI,Occasional,4.3,"Casual Dining"
O469,C877,33,D159,R367,Dominos,"Pune B7",Pune,2023-12-06,Veg,566,44,59,551,Card,Occasional,4.9,"Fast Food"
O470,C1366,47,D860,R145,McDonalds,"Pune B4",Pune,2023-05-08,Non-Veg,945,23,35,933,UPI,Occasional,3.4,"Fast Food"
O471,C1522,69,D64,R324,McDonalds,"Pune B8",Pune,2023-09-06,Veg,687,30,56,661,UPI,Regular,3.7,"Casual Dining"
O472,C1215,29,D854,R359,McDonalds,"Mumbai B9",Mumbai,2024-02-15,Veg,281,32,123,190,UPI,Occasional,4.7,"Fast Food"
O473,C1925,50,D379,R151,"Biryani House","Hyderabad B10",Hyderabad,2023-05-16,Non-Veg,651,31,120,562,Cash,Regular,4.9,"Fast Food"
O474,C1532,25,D707,R199,"Biryani House","Delhi B9",Delhi,2024-05-17,Non-Veg,483,59,76,466,Cash,Premium,4.9,"Casual Dining"
O475,C698,39,D909,R346,KFC,"Hyderabad B1",Hyderabad,2024-04-10,Non-Veg,768,32,113,687,Cash,Premium,4.9,Cafe
O476,C986,70,D151,R30,"Pizza Hut","Mumbai B5",Mumbai,2023-08-19,Veg,201,48,94,155,Cash,Premium,3.4,"Casual Dining"
O477,C829,40,D788,R271,McDonalds,"Bangalore B2",Bangalore,2024-02-26,Non-Veg,694,25,41,678,UPI,Premium,4.3,"Fast Food"
O478,C1440,25,D975,R341,KFC,"Pune B9",Pune,2023-07-26,Non-Veg,871,47,126,792,UPI,Regular,3.5,Cafe
O479,C477,40,D51,R373,Dominos,"Mumbai B4",Mumbai,2024-06-15,Veg,362,50,131,281,UPI,Occasional,3.8,Cafe
O480,C1444,28,D990,R339,"Biryani House","Delhi B6",Delhi,2023-12-01,Non-Veg,719,54,38,735,UPI,Occasional,3.5,"Casual Dining"
O481,C31,35,D713,R303,"Pizza Hut","Delhi B3",Delhi,2024-03-30,Non-Veg,222,60,34,248,Cash,Occasional,3.5,"Casual Dining"
O482,C1754,44,D449,R254,KFC,"Hyderabad B4",Hyderabad,2024-06-25,Veg,824,27,32,819,UPI,Occasional,4.3,"Fast Food"
O483,C898,28,D242,R193,"Pizza Hut","Mumbai B3",Mumbai,2023-09-24,Non-Veg,767,59,36,790,Cash,Premium,5,"Fast Food"
O484,C393,40,D693,R63,Dominos,"Delhi B3",Delhi,2023-09-06,Veg,499,32,55,476,UPI,Regular,3.7,Cafe
O485,C1857,51,D86,R35,McDonalds,"Bangalore B6",Bangalore,2024-05-07,Non-Veg,744,58,38,764,UPI,Regular,4.5,"Casual Dining"
O486,C1194,38,D770,R281,"Pizza Hut","Mumbai B1",Mumbai,2023-10-26,Non-Veg,472,31,43,460,UPI,Occasional,3.8,"Casual Dining"
O487,C1520,40,D685,R270,KFC,"Delhi B2",Delhi,2024-01-26,Non-Veg,669,57,68,658,UPI,Occasional,4.8,Cafe
O488,C249,38,D13,R123,Dominos,"Delhi B2",Delhi,2023-07-18,Non-Veg,306,32,27,311,Cash,Premium,4.7,"Fast Food"
O489,C308,38,D197,R292,"Pizza Hut","Delhi B4",Delhi,2024-06-06,Veg,826,25,45,806,UPI,Premium,3.6,"Casual Dining"
O490,C373,40,D886,R287,McDonalds,"Bangalore B10",Bangalore,2024-04-07,Non-Veg,481,48,22,507,UPI,Premium,4.6,Cafe
O491,C95,39,D295,R74,McDonalds,"Mumbai B3",Mumbai,2024-07-09,Veg,402,23,44,381,UPI,Occasional,3.1,"Casual Dining"
O492,C154,28,D892,R194,Dominos,"Delhi B3",Delhi,2024-04-01,Veg,231,43,16,258,Cash,Occasional,4.1,"Fast Food"
O493,C760,19,D232,R141,Dominos,"Delhi B6",Delhi,2023-07-01,Non-Veg,205,46,89,162,UPI,Occasional,3.8,"Fast Food"
O494,C1560,40,D337,R199,"Biryani House","Delhi B9",Delhi,2024-03-27,Veg,605,49,78,576,UPI,Premium,4.1,"Casual Dining"
O495,C146,31,D398,R83,Dominos,"Delhi B2",Delhi,2024-01-06,Veg,207,42,115,134,UPI,Premium,4.1,"Fast Food"
O496,C585,40,D54,R330,KFC,"Mumbai B1",Mumbai,2023-06-19,Non-Veg,602,42,35,609,UPI,Premium,4.6,Cafe
O497,C1873,29,D408,R374,KFC,"Pune B5",Pune,2023-09-16,Veg,426,50,98,378,Card,Premium,4,"Casual Dining"
O498,C1506,20,D945,R326,McDonalds,"Pune B7",Pune,2023-12-30,Non-Veg,540,36,70,506,UPI,Premium,3.1,"Casual Dining"
O499,C1253,37,D40,R293,KFC,"Mumbai B3",Mumbai,2023-09-20,Non-Veg,431,33,86,378,UPI,Regular,4.4,Cafe
O500,C1406,33,D237,R226,"Pizza Hut","Mumbai B7",Mumbai,2024-02-15,Non-Veg,478,36,127,387,UPI,Premium,4.7,"Casual Dining"
O501,C424,34,D112,R365,"Pizza Hut","Bangalore B7",Bangalore,2024-08-14,Non-Veg,267,33,85,215,Card,Regular,3.7,"Casual Dining"
O502,C1506,35,D215,R14,Dominos,"Pune B7",Pune,2024-01-15,Veg,361,47,9,399,UPI,Premium,4.3,Cafe
O503,C1372,28,D626,R391,McDonalds,"Delhi B5",Delhi,2024-06-02,Veg,848,27,15,860,UPI,Premium,4.2,"Casual Dining"
O504,C1347,36,D758,R376,"Biryani House","Bangalore B4",Bangalore,2023-12-27,Non-Veg,730,44,59,715,UPI,Regular,3.9,"Casual Dining"
O505,C725,30,D138,R250,McDonalds,"Delhi B8",Delhi,2024-02-06,Veg,453,28,45,436,UPI,Occasional,4.1,"Fast Food"
O506,C352,29,D927,R298,Dominos,"Pune B5",Pune,2023-10-09,Non-Veg,265,50,72,243,UPI,Premium,4.4,"Casual Dining"
O507,C998,69,D981,R332,KFC,"Mumbai B10",Mumbai,2023-12-09,Veg,218,54,5,267,UPI,Premium,3.3,"Fast Food"
O508,C509,35,D298,R230,KFC,"Delhi B7",Delhi,2024-03-22,Non-Veg,338,40,56,322,Cash,Premium,4.8,"Casual Dining"
O509,C1978,27,D557,R153,KFC,"Bangalore B1",Bangalore,2023-12-16,Non-Veg,255,45,28,272,UPI,Regular,4.7,"Casual Dining"
O510,C1667,37,D811,R325,KFC,"Hyderabad B4",Hyderabad,2024-04-07,Veg,458,45,94,409,UPI,Regular,4,"Casual Dining"
O511,C134,28,D617,R148,"Pizza Hut","Delhi B2",Delhi,2024-06-21,Non-Veg,704,55,86,673,UPI,Occasional,4.7,"Casual Dining"
O512,C910,33,D778,R219,McDonalds,"Mumbai B1",Mumbai,2023-09-05,Veg,644,28,135,537,Cash,Premium,4.4,Cafe
O513,C1573,31,D600,R400,McDonalds,"Pune B4",Pune,2024-08-16,Veg,783,22,38,767,UPI,Regular,4.7,"Fast Food"
O514,C437,63,D661,R283,McDonalds,"Mumbai B7",Mumbai,2024-06-17,Veg,846,41,143,744,UPI,Occasional,4.5,"Fast Food"
O515,C955,29,D5,R88,"Biryani House","Delhi B4",Delhi,2023-08-03,Non-Veg,691,39,67,663,Card,Premium,3.2,"Casual Dining"
O516,C148,32,D925,R387,KFC,"Pune B7",Pune,2023-10-14,Veg,253,24,6,271,UPI,Premium,3.3,"Casual Dining"
O517,C1066,54,D350,R211,"Pizza Hut","Bangalore B4",Bangalore,2023-09-01,Non-Veg,776,21,43,754,UPI,Occasional,4.1,Cafe
O518,C1336,31,D685,R194,Dominos,"Delhi B3",Delhi,2024-08-29,Veg,906,47,66,887,Cash,Occasional,4.8,"Fast Food"
O519,C1299,31,D21,R54,"Pizza Hut","Delhi B4",Delhi,2023-07-24,Veg,787,30,45,772,UPI,Occasional,4.3,"Casual Dining"
O520,C780,32,D507,R226,"Pizza Hut","Mumbai B7",Mumbai,2023-11-03,Veg,462,23,123,362,Cash,Occasional,3.3,"Casual Dining"
O521,C1772,32,D114,R223,McDonalds,"Bangalore B5",Bangalore,2023-04-28,Veg,675,54,29,700,UPI,Regular,3.2,"Fast Food"
O522,C1748,29,D649,R313,KFC,"Hyderabad B6",Hyderabad,2024-02-25,Non-Veg,400,48,11,437,Cash,Occasional,4.6,Cafe
O523,C587,28,D392,R50,"Biryani House","Hyderabad B5",Hyderabad,2023-09-19,Non-Veg,849,22,141,730,Cash,Regular,4.1,Cafe
O524,C1033,38,D558,R153,KFC,"Bangalore B1",Bangalore,2023-11-28,Non-Veg,593,38,5,626,UPI,Regular,4.5,"Casual Dining"
O525,C1546,55,D663,R214,"Pizza Hut","Mumbai B3",Mumbai,2023-10-14,Non-Veg,877,30,40,867,UPI,Occasional,3,"Fast Food"
O526,C694,36,D428,R6,Dominos,"Mumbai B4",Mumbai,2024-02-26,Non-Veg,404,58,92,370,UPI,Premium,3.4,Cafe
O527,C1034,38,D720,R207,"Biryani House","Hyderabad B1",Hyderabad,2024-09-26,Veg,429,38,6,461,UPI,Regular,4.9,"Fast Food"
O528,C1659,46,D429,R124,"Pizza Hut","Hyderabad B1",Hyderabad,2024-05-26,Non-Veg,430,28,148,310,UPI,Occasional,3.1,"Fast Food"
O529,C1659,31,D858,R363,KFC,"Hyderabad B9",Hyderabad,2024-06-23,Non-Veg,795,48,59,784,Cash,Occasional,3.1,"Fast Food"
O530,C1355,38,D666,R369,"Biryani House","Delhi B4",Delhi,2023-11-01,Non-Veg,930,31,12,949,UPI,Premium,3.8,Cafe
O531,C664,39,D562,R318,"Pizza Hut","Hyderabad B3",Hyderabad,2024-08-28,Non-Veg,879,50,84,845,UPI,Occasional,3.4,Cafe
O532,C1521,58,D480,R168,"Biryani House","Hyderabad B9",Hyderabad,2024-07-19,Non-Veg,665,53,122,596,UPI,Occasional,3,"Fast Food"
O533,C466,35,D104,R97,KFC,"Mumbai B10",Mumbai,2024-02-21,Non-Veg,247,47,0,294,UPI,Premium,3.9,Cafe
O534,C1048,34,D542,R295,"Biryani House","Pune B5",Pune,2024-05-17,Veg,982,40,145,877,UPI,Premium,4.5,Cafe
O535,C1448,51,D973,R376,"Biryani House","Bangalore B4",Bangalore,2024-03-10,Non-Veg,634,32,93,573,UPI,Occasional,3.7,"Casual Dining"
O536,C522,33,D647,R312,KFC,"Hyderabad B7",Hyderabad,2023-09-18,Non-Veg,480,53,115,418,UPI,Occasional,3.6,"Casual Dining"
O537,C505,27,D659,R242,McDonalds,"Pune B8",Pune,2023-07-13,Veg,525,25,146,404,UPI,Regular,3.7,"Fast Food"
O538,C656,70,D420,R346,KFC,"Hyderabad B1",Hyderabad,2023-05-14,Veg,529,37,12,554,UPI,Occasional,4.4,Cafe
O539,C1341,38,D464,R203,"Pizza Hut","Hyderabad B9",Hyderabad,2024-03-19,Non-Veg,826,33,113,746,Cash,Occasional,3.2,"Fast Food"
O540,C532,28,D780,R253,McDonalds,"Bangalore B10",Bangalore,2023-08-28,Veg,636,38,68,606,UPI,Occasional,4.2,"Fast Food"
O541,C105,30,D335,R33,"Pizza Hut","Mumbai B10",Mumbai,2023-04-22,Non-Veg,926,21,26,921,Cash,Premium,3.9,Cafe
O542,C131,28,D142,R62,McDonalds,"Pune B3",Pune,2024-03-04,Veg,356,24,1,379,UPI,Regular,4.6,Cafe
O543,C708,25,D733,R303,"Pizza Hut","Delhi B3",Delhi,2024-01-23,Veg,694,50,132,612,Cash,Regular,4.9,"Casual Dining"
O544,C1687,28,D148,R234,"Biryani House","Delhi B2",Delhi,2023-07-13,Non-Veg,964,60,8,1016,Cash,Regular,3.7,"Fast Food"
O545,C1116,33,D659,R28,Dominos,"Pune B3",Pune,2023-02-06,Non-Veg,776,40,148,668,UPI,Premium,3.7,"Casual Dining"
O546,C45,32,D521,R314,McDonalds,"Pune B7",Pune,2023-09-11,Non-Veg,237,20,67,190,UPI,Regular,4.4,Cafe
O547,C1570,42,D967,R283,McDonalds,"Mumbai B7",Mumbai,2023-07-13,Veg,297,31,65,263,Cash,Occasional,4.2,"Fast Food"
O548,C564,33,D784,R135,KFC,"Pune B5",Pune,2023-12-19,Non-Veg,279,42,143,178,UPI,Regular,4.9,Cafe
O549,C128,40,D37,R196,"Biryani House","Hyderabad B5",Hyderabad,2023-08-22,Non-Veg,675,54,133,596,Cash,Occasional,3.3,Cafe
O550,C602,69,D458,R297,KFC,"Bangalore B3",Bangalore,2024-01-07,Veg,534,28,132,430,UPI,Regular,3.8,Cafe
O551,C1217,33,D601,R131,KFC,"Pune B7",Pune,2023-11-09,Veg,521,56,4,573,Card,Premium,4.7,Cafe
O552,C1386,27,D112,R56,"Pizza Hut","Bangalore B7",Bangalore,2024-01-03,Non-Veg,316,38,83,271,Cash,Premium,3.7,"Casual Dining"
O553,C418,48,D248,R215,Dominos,"Hyderabad B10",Hyderabad,2023-07-02,Veg,618,29,64,583,UPI,Regular,3.9,"Fast Food"
O554,C1568,30,D589,R142,"Pizza Hut","Hyderabad B6",Hyderabad,2023-09-22,Veg,203,32,44,191,UPI,Premium,4.1,"Fast Food"
O555,C1877,29,D108,R311,KFC,"Hyderabad B5",Hyderabad,2023-10-25,Veg,601,47,76,572,Cash,Regular,3.9,"Casual Dining"
O556,C549,37,D11,R209,"Biryani House","Hyderabad B1",Hyderabad,2023-05-04,Veg,471,58,27,502,UPI,Premium,3.4,"Casual Dining"
O557,C1627,30,D817,R139,KFC,"Mumbai B6",Mumbai,2023-07-28,Veg,201,48,65,184,Cash,Premium,4,"Casual Dining"
O558,C677,40,D832,R2,"Biryani House","Mumbai B4",Mumbai,2024-02-16,Veg,850,60,142,768,UPI,Regular,4.9,Cafe
O559,C791,70,D217,R195,"Pizza Hut","Hyderabad B9",Hyderabad,2024-02-13,Veg,761,52,101,712,Cash,Premium,3,Cafe
O560,C1284,39,D605,R386,"Pizza Hut","Mumbai B3",Mumbai,2024-05-19,Non-Veg,395,45,100,340,UPI,Regular,4.7,"Casual Dining"
O561,C421,40,D769,R359,McDonalds,"Mumbai B9",Mumbai,2024-02-07,Non-Veg,604,54,50,608,Cash,Occasional,3.6,"Fast Food"
O562,C1450,28,D721,R259,"Pizza Hut","Delhi B6",Delhi,2024-03-16,Veg,903,26,130,799,UPI,Occasional,4.2,"Casual Dining"
O563,C430,43,D383,R220,"Biryani House","Bangalore B9",Bangalore,2024-08-29,Non-Veg,915,45,76,884,Cash,Regular,3.1,"Casual Dining"
O564,C816,37,D1000,R237,Dominos,"Mumbai B2",Mumbai,2023-03-05,Non-Veg,360,25,117,268,UPI,Regular,4.8,"Fast Food"
O565,C427,30,D827,R132,McDonalds,"Hyderabad B1",Hyderabad,2024-03-02,Non-Veg,902,39,58,883,UPI,Premium,3,Cafe
O566,C1834,37,D702,R158,"Biryani House","Delhi B8",Delhi,2024-03-27,Veg,579,55,94,540,Card,Regular,3.6,"Fast Food"
O567,C920,37,D443,R172,"Biryani House","Pune B1",Pune,2024-10-06,Veg,604,34,104,534,Card,Premium,3.7,"Fast Food"
O568,C1238,34,D378,R261,KFC,"Mumbai B3",Mumbai,2023-01-30,Non-Veg,442,20,66,396,UPI,Premium,4.6,"Fast Food"
O569,C1674,33,D455,R156,Dominos,"Delhi B5",Delhi,2023-09-15,Non-Veg,910,40,109,841,Card,Premium,4.3,Cafe
O570,C1048,36,D997,R394,McDonalds,"Pune B2",Pune,2024-07-29,Non-Veg,446,40,94,392,UPI,Premium,4.8,"Fast Food"
O571,C394,60,D873,R257,Dominos,"Bangalore B3",Bangalore,2023-12-15,Veg,843,48,101,790,UPI,Regular,3.7,Cafe
O572,C95,39,D596,R261,KFC,"Mumbai B3",Mumbai,2023-12-10,Veg,967,24,66,925,UPI,Occasional,4.3,"Fast Food"
O573,C706,28,D580,R199,"Biryani House","Delhi B9",Delhi,2024-02-05,Veg,666,27,58,635,UPI,Regular,4.5,"Casual Dining"
O574,C1694,26,D50,R26,KFC,"Delhi B4",Delhi,2023-10-30,Non-Veg,766,32,56,742,Cash,Occasional,4.1,Cafe
O575,C396,31,D396,R195,"Pizza Hut","Hyderabad B9",Hyderabad,2024-01-12,Non-Veg,1000,58,52,1006,UPI,Regular,4.5,Cafe
O576,C1927,38,D717,R329,"Biryani House","Mumbai B1",Mumbai,2024-05-05,Veg,498,34,124,408,Cash,Premium,3.1,Cafe
O577,C1296,38,D331,R260,KFC,"Mumbai B1",Mumbai,2023-03-02,Veg,277,41,9,309,Cash,Premium,3.7,Cafe
O578,C1570,34,D89,R273,McDonalds,"Mumbai B9",Mumbai,2024-02-24,Veg,365,34,83,316,UPI,Occasional,4.7,"Fast Food"
O579,C1623,35,D980,R105,"Pizza Hut","Hyderabad B10",Hyderabad,2024-01-07,Veg,348,28,83,293,Card,Premium,3.2,"Casual Dining"
O580,C409,32,D514,R200,McDonalds,"Pune B10",Pune,2024-03-25,Non-Veg,237,24,138,123,Cash,Regular,3.9,Cafe
O581,C1176,35,D284,R121,"Biryani House","Delhi B9",Delhi,2023-05-13,Non-Veg,644,42,78,608,UPI,Occasional,3.9,"Fast Food"
O582,C502,32,D966,R307,KFC,"Bangalore B6",Bangalore,2023-10-12,Veg,541,22,95,468,Cash,Regular,4.7,Cafe
O583,C160,32,D334,R130,Dominos,"Delhi B3",Delhi,2024-02-13,Veg,557,44,109,492,UPI,Premium,4,"Casual Dining"
O584,C238,39,D706,R174,Dominos,"Pune B8",Pune,2023-10-05,Veg,428,33,63,398,UPI,Premium,4.5,Cafe
O585,C992,36,D433,R265,McDonalds,"Hyderabad B10",Hyderabad,2024-06-14,Non-Veg,707,46,124,629,UPI,Premium,3.9,"Casual Dining"
O586,C329,33,D719,R369,"Biryani House","Delhi B4",Delhi,2023-12-26,Non-Veg,807,43,43,807,UPI,Regular,3.6,Cafe
O587,C288,27,D21,R286,"Biryani House","Delhi B6",Delhi,2023-10-24,Veg,315,60,75,300,Card,Occasional,4.3,Cafe
O588,C38,36,D773,R400,McDonalds,"Pune B4",Pune,2024-06-30,Veg,253,41,50,244,Cash,Regular,3.7,"Fast Food"
O589,C930,28,D793,R186,"Pizza Hut","Delhi B5",Delhi,2023-09-30,Non-Veg,681,26,82,625,Card,Regular,3.3,Cafe
O590,C657,31,D405,R191,McDonalds,"Hyderabad B2",Hyderabad,2023-08-26,Veg,814,25,24,815,Cash,Regular,4.4,Cafe
O591,C1017,25,D353,R24,"Pizza Hut","Hyderabad B3",Hyderabad,2023-07-20,Non-Veg,351,39,113,277,UPI,Regular,4.7,"Fast Food"
O592,C146,44,D719,R155,KFC,"Delhi B5",Delhi,2023-08-02,Veg,545,35,132,448,UPI,Premium,3.6,"Fast Food"
O593,C1118,27,D112,R114,"Biryani House","Bangalore B2",Bangalore,2024-01-09,Veg,901,58,70,889,Cash,Premium,3.7,"Fast Food"
O594,C302,31,D162,R363,KFC,"Hyderabad B9",Hyderabad,2023-09-11,Non-Veg,810,47,94,763,UPI,Regular,4.6,"Fast Food"
O595,C845,40,D618,R290,"Biryani House","Pune B10",Pune,2023-07-07,Veg,231,34,139,126,UPI,Premium,4.4,Cafe
O596,C1643,31,D915,R124,"Pizza Hut","Hyderabad B1",Hyderabad,2023-03-04,Non-Veg,842,56,87,811,UPI,Occasional,3.7,"Fast Food"
O597,C474,35,D158,R112,"Biryani House","Pune B4",Pune,2023-11-13,Non-Veg,743,52,69,726,Cash,Occasional,4.4,"Casual Dining"
O598,C607,27,D77,R277,Dominos,"Bangalore B6",Bangalore,2023-07-01,Non-Veg,833,55,92,796,Cash,Regular,4.1,"Casual Dining"
O599,C1099,38,D759,R259,"Pizza Hut","Delhi B6",Delhi,2024-01-03,Non-Veg,805,59,27,837,Cash,Occasional,3.4,"Casual Dining"
O600,C577,23,D164,R268,"Biryani House","Hyderabad B4",Hyderabad,2023-10-13,Non-Veg,347,41,92,296,UPI,Occasional,3.8,"Fast Food"
O601,C526,18,D124,R386,"Pizza Hut","Mumbai B3",Mumbai,2023-10-07,Veg,373,49,100,322,UPI,Premium,3,"Casual Dining"
O602,C92,40,D798,R204,"Pizza Hut","Mumbai B1",Mumbai,2023-07-12,Non-Veg,486,20,4,502,UPI,Occasional,3.5,"Fast Food"
O603,C864,67,D201,R218,McDonalds,"Pune B2",Pune,2023-11-30,Non-Veg,274,47,41,280,UPI,Occasional,4.5,"Fast Food"
O604,C644,18,D896,R42,KFC,"Hyderabad B2",Hyderabad,2023-07-23,Non-Veg,381,53,119,315,Cash,Premium,4.3,"Fast Food"
O605,C348,39,D86,R366,McDonalds,"Bangalore B2",Bangalore,2024-02-15,Non-Veg,214,42,133,123,UPI,Regular,4.5,Cafe
O606,C101,32,D494,R73,Dominos,"Bangalore B1",Bangalore,2023-11-12,Veg,451,29,140,340,UPI,Premium,4.9,Cafe
O607,C439,29,D540,R31,McDonalds,"Bangalore B6",Bangalore,2023-12-16,Veg,700,41,87,654,UPI,Regular,5,"Fast Food"
O608,C50,25,D772,R395,McDonalds,"Hyderabad B6",Hyderabad,2023-10-10,Non-Veg,812,21,71,762,UPI,Premium,4.3,"Fast Food"
O609,C853,40,D183,R216,"Pizza Hut","Bangalore B1",Bangalore,2024-02-03,Veg,210,49,116,143,UPI,Regular,3.5,"Casual Dining"
O610,C1683,40,D488,R365,"Pizza Hut","Bangalore B7",Bangalore,2023-11-20,Non-Veg,431,27,81,377,UPI,Premium,3.1,"Casual Dining"
O611,C1915,27,D439,R227,McDonalds,"Hyderabad B4",Hyderabad,2024-03-07,Veg,677,52,12,717,Cash,Occasional,4.2,"Casual Dining"
O612,C1080,27,D727,R92,"Biryani House","Delhi B9",Delhi,2023-12-19,Non-Veg,853,27,61,819,UPI,Premium,4.2,"Casual Dining"
O613,C1458,40,D628,R276,"Pizza Hut","Hyderabad B9",Hyderabad,2024-04-08,Veg,974,27,78,923,UPI,Premium,3.9,Cafe
O614,C596,27,D634,R114,"Biryani House","Bangalore B2",Bangalore,2024-02-13,Veg,934,48,3,979,UPI,Regular,4.2,"Fast Food"
O615,C1029,32,D419,R354,McDonalds,"Bangalore B7",Bangalore,2023-08-09,Non-Veg,492,46,9,529,Cash,Premium,4.9,"Fast Food"
O616,C305,32,D429,R294,"Biryani House","Hyderabad B1",Hyderabad,2023-12-21,Non-Veg,776,51,39,788,Cash,Regular,3.1,"Casual Dining"
O617,C1706,33,D399,R342,"Biryani House","Pune B5",Pune,2023-04-28,Veg,892,48,146,794,UPI,Premium,3.1,"Fast Food"
O618,C1125,53,D934,R145,McDonalds,"Pune B4",Pune,2024-02-06,Veg,634,52,40,646,Cash,Premium,4.1,"Fast Food"
O619,C1525,28,D13,R182,McDonalds,"Delhi B9",Delhi,2023-11-08,Veg,206,26,78,154,Cash,Occasional,4.7,"Casual Dining"
O620,C613,25,D967,R6,Dominos,"Mumbai B4",Mumbai,2023-09-01,Veg,645,43,86,602,UPI,Regular,4.2,Cafe
O621,C1574,35,D137,R105,"Pizza Hut","Hyderabad B10",Hyderabad,2023-03-18,Non-Veg,339,50,133,256,UPI,Premium,4.7,"Casual Dining"
O622,C1844,32,D579,R380,"Pizza Hut","Hyderabad B4",Hyderabad,2023-01-17,Veg,231,21,99,153,Cash,Occasional,3.5,"Casual Dining"
O623,C580,28,D583,R60,"Pizza Hut","Mumbai B3",Mumbai,2023-11-11,Veg,656,37,137,556,UPI,Premium,4.6,Cafe
O624,C260,33,D97,R388,Dominos,"Mumbai B9",Mumbai,2024-03-11,Veg,957,60,14,1003,UPI,Occasional,4.6,"Casual Dining"
O625,C1342,32,D925,R353,"Biryani House","Pune B2",Pune,2024-06-26,Veg,917,23,67,873,UPI,Regular,3.3,"Casual Dining"
O626,C478,32,D52,R292,"Pizza Hut","Delhi B4",Delhi,2023-08-18,Non-Veg,980,31,68,943,UPI,Regular,4.2,"Casual Dining"
O627,C1182,29,D304,R178,"Pizza Hut","Delhi B4",Delhi,2024-01-09,Veg,649,55,67,637,Cash,Premium,3.9,"Casual Dining"
O628,C1208,35,D135,R242,McDonalds,"Pune B8",Pune,2024-06-14,Veg,420,21,88,353,Cash,Occasional,4.2,"Fast Food"
O629,C1212,35,D201,R321,Dominos,"Pune B1",Pune,2023-10-26,Non-Veg,218,41,9,250,UPI,Premium,4.5,"Casual Dining"
O630,C1285,31,D436,R306,McDonalds,"Hyderabad B1",Hyderabad,2023-08-24,Non-Veg,265,48,21,292,UPI,Occasional,3.7,Cafe
O631,C1576,29,D419,R277,Dominos,"Bangalore B6",Bangalore,2023-02-10,Non-Veg,278,24,145,157,Card,Occasional,4.9,"Casual Dining"
O632,C1437,35,D122,R266,"Pizza Hut","Bangalore B9",Bangalore,2023-12-10,Non-Veg,725,33,89,669,UPI,Occasional,4.8,"Casual Dining"
O633,C1123,57,D871,R93,McDonalds,"Mumbai B6",Mumbai,2024-02-28,Non-Veg,663,51,9,705,UPI,Regular,3.9,"Casual Dining"
O634,C1315,42,D834,R343,Dominos,"Bangalore B1",Bangalore,2023-08-07,Non-Veg,420,34,123,331,Cash,Regular,4.1,"Fast Food"
O635,C1526,48,D341,R167,McDonalds,"Bangalore B5",Bangalore,2023-11-01,Veg,713,22,17,718,Cash,Regular,3.2,"Fast Food"
O636,C145,33,D132,R317,KFC,"Mumbai B6",Mumbai,2023-04-15,Veg,478,29,86,421,UPI,Occasional,4.4,"Casual Dining"
O637,C1873,38,D542,R239,McDonalds,"Pune B3",Pune,2023-11-29,Veg,597,60,125,532,UPI,Premium,4.5,Cafe
O638,C1496,30,D646,R362,Dominos,"Bangalore B2",Bangalore,2023-04-26,Non-Veg,747,26,89,684,UPI,Regular,4.8,Cafe
O639,C462,28,D850,R223,McDonalds,"Bangalore B5",Bangalore,2023-12-18,Non-Veg,337,60,85,312,UPI,Regular,3.7,"Fast Food"
O640,C609,34,D181,R264,"Pizza Hut","Mumbai B4",Mumbai,2023-08-27,Non-Veg,656,44,88,612,UPI,Premium,3.5,Cafe
O641,C1246,25,D370,R36,"Biryani House","Delhi B6",Delhi,2024-04-14,Non-Veg,514,23,78,459,UPI,Occasional,4.6,Cafe
O642,C793,40,D66,R316,McDonalds,"Bangalore B3",Bangalore,2024-02-26,Non-Veg,226,58,100,184,UPI,Occasional,3.8,"Casual Dining"
O643,C628,34,D894,R94,"Pizza Hut","Mumbai B10",Mumbai,2023-09-16,Veg,981,56,12,1025,UPI,Premium,3.4,"Fast Food"
O644,C1854,34,D138,R250,McDonalds,"Delhi B8",Delhi,2023-06-30,Non-Veg,530,38,59,509,UPI,Occasional,4.1,"Fast Food"
O645,C284,38,D883,R5,KFC,"Delhi B4",Delhi,2023-05-15,Veg,616,28,132,512,Card,Premium,3.9,"Fast Food"
O646,C1838,50,D578,R221,KFC,"Hyderabad B2",Hyderabad,2023-07-25,Veg,647,30,45,632,Cash,Occasional,3,"Casual Dining"
O647,C1845,26,D643,R36,"Biryani House","Delhi B6",Delhi,2023-02-08,Non-Veg,377,40,119,298,Cash,Occasional,3.3,Cafe
O648,C970,25,D385,R382,McDonalds,"Mumbai B8",Mumbai,2023-06-09,Veg,828,40,86,782,UPI,Regular,5,Cafe
O649,C843,32,D152,R188,KFC,"Bangalore B1",Bangalore,2023-09-17,Veg,360,25,51,334,UPI,Occasional,5,Cafe
O650,C554,34,D389,R268,"Biryani House","Hyderabad B4",Hyderabad,2023-11-04,Non-Veg,789,26,51,764,Cash,Premium,4.3,"Fast Food"
O651,C1673,39,D507,R219,McDonalds,"Mumbai B1",Mumbai,2024-06-26,Non-Veg,730,45,101,674,Cash,Occasional,3.3,Cafe
O652,C1756,34,D716,R124,"Pizza Hut","Hyderabad B1",Hyderabad,2023-08-01,Veg,402,37,32,407,UPI,Premium,4.7,"Fast Food"
O653,C1247,36,D302,R288,"Biryani House","Pune B1",Pune,2024-02-27,Veg,340,22,113,249,UPI,Occasional,4,Cafe
O654,C630,34,D177,R30,"Pizza Hut","Mumbai B5",Mumbai,2024-01-23,Non-Veg,538,37,117,458,UPI,Regular,3.9,"Casual Dining"
O655,C566,33,D622,R293,KFC,"Mumbai B3",Mumbai,2023-08-07,Veg,734,21,20,735,Cash,Occasional,4.8,Cafe
O656,C1002,31,D631,R198,"Pizza Hut","Mumbai B6",Mumbai,2024-05-01,Veg,667,31,46,652,Card,Occasional,4.3,"Fast Food"
O657,C1827,28,D332,R321,Dominos,"Pune B1",Pune,2024-06-29,Non-Veg,886,58,148,796,Cash,Regular,3.9,"Casual Dining"
O658,C353,35,D906,R14,Dominos,"Pune B7",Pune,2023-10-06,Non-Veg,304,58,92,270,Cash,Occasional,3.5,Cafe
O659,C1507,21,D179,R168,"Biryani House","Hyderabad B9",Hyderabad,2024-01-10,Non-Veg,278,59,71,266,UPI,Premium,3.1,"Fast Food"
O660,C1174,37,D745,R112,"Biryani House","Pune B4",Pune,2024-05-17,Veg,239,51,14,276,UPI,Occasional,4.9,"Casual Dining"
O661,C589,27,D761,R336,"Biryani House","Bangalore B9",Bangalore,2024-03-19,Veg,387,46,23,410,UPI,Premium,3.7,"Fast Food"
O662,C1675,35,D962,R35,McDonalds,"Bangalore B6",Bangalore,2023-10-22,Veg,437,55,63,429,UPI,Occasional,4.5,"Casual Dining"
O663,C1670,36,D99,R87,KFC,"Delhi B7",Delhi,2024-03-22,Non-Veg,717,22,37,702,UPI,Occasional,3.9,"Fast Food"
O664,C531,29,D2,R62,McDonalds,"Pune B3",Pune,2023-12-24,Veg,489,35,100,424,UPI,Premium,3.5,Cafe
O665,C43,25,D256,R295,"Biryani House","Pune B5",Pune,2023-05-03,Non-Veg,604,23,119,508,Card,Premium,3.9,Cafe
O666,C1346,53,D74,R35,McDonalds,"Bangalore B6",Bangalore,2023-08-24,Non-Veg,920,30,85,865,Cash,Occasional,3.8,"Casual Dining"
O667,C866,27,D93,R299,"Pizza Hut","Pune B3",Pune,2024-02-14,Non-Veg,895,49,73,871,UPI,Premium,3.6,Cafe
O668,C1432,40,D928,R219,McDonalds,"Mumbai B1",Mumbai,2024-05-19,Veg,561,34,79,516,UPI,Premium,4.6,Cafe
O669,C673,36,D311,R384,McDonalds,"Hyderabad B2",Hyderabad,2023-05-05,Non-Veg,724,38,114,648,Cash,Premium,3.4,Cafe
O670,C118,33,D410,R235,"Pizza Hut","Pune B9",Pune,2024-03-05,Non-Veg,953,52,70,935,UPI,Occasional,4.2,"Fast Food"
O671,C1031,20,D543,R179,McDonalds,"Hyderabad B8",Hyderabad,2023-11-09,Veg,821,51,120,752,Cash,Regular,4.7,"Casual Dining"
O672,C59,56,D703,R359,McDonalds,"Mumbai B9",Mumbai,2023-09-29,Veg,475,30,46,459,UPI,Occasional,4,"Fast Food"
O673,C1559,37,D984,R362,Dominos,"Bangalore B2",Bangalore,2024-01-27,Veg,545,27,135,437,Cash,Premium,3.2,Cafe
O674,C987,31,D201,R75,Dominos,"Pune B10",Pune,2023-06-17,Non-Veg,834,31,13,852,UPI,Premium,4.5,Cafe
O675,C1526,30,D289,R211,"Pizza Hut","Bangalore B4",Bangalore,2024-03-31,Non-Veg,671,53,145,579,Cash,Regular,4.2,Cafe
O676,C1571,48,D237,R34,KFC,"Mumbai B10",Mumbai,2024-08-02,Non-Veg,577,26,0,603,UPI,Regular,4.7,Cafe
O677,C1334,45,D172,R252,"Pizza Hut","Hyderabad B1",Hyderabad,2023-08-02,Veg,439,32,126,345,UPI,Occasional,4.8,"Fast Food"
O678,C7,32,D841,R343,Dominos,"Bangalore B1",Bangalore,2024-08-02,Non-Veg,478,24,74,428,UPI,Occasional,5,"Fast Food"
O679,C454,34,D736,R203,"Pizza Hut","Hyderabad B9",Hyderabad,2023-04-12,Non-Veg,625,51,25,651,UPI,Regular,4.7,"Fast Food"
O680,C374,38,D619,R373,Dominos,"Mumbai B4",Mumbai,2024-05-05,Veg,804,49,144,709,UPI,Premium,3,Cafe
O681,C649,36,D111,R40,McDonalds,"Mumbai B7",Mumbai,2024-04-25,Veg,517,36,41,512,UPI,Regular,4.6,"Casual Dining"
O682,C1941,40,D606,R231,"Biryani House","Mumbai B7",Mumbai,2023-09-20,Veg,378,26,102,302,UPI,Occasional,3,"Casual Dining"
O683,C1837,70,D253,R262,McDonalds,"Mumbai B10",Mumbai,2023-08-05,Veg,607,32,108,531,UPI,Occasional,4.5,"Casual Dining"
O684,C1750,42,D280,R136,McDonalds,"Bangalore B3",Bangalore,2024-04-18,Non-Veg,523,36,116,443,Cash,Occasional,3.5,"Casual Dining"
O685,C1697,53,D906,R25,"Biryani House","Pune B4",Pune,2023-10-13,Non-Veg,917,60,73,904,Cash,Regular,3.5,"Fast Food"
O686,C661,26,D959,R27,McDonalds,"Pune B3",Pune,2023-12-17,Veg,546,22,129,439,Card,Premium,4.4,Cafe
O687,C782,35,D192,R380,"Pizza Hut","Hyderabad B4",Hyderabad,2023-08-11,Veg,327,36,17,346,UPI,Occasional,4.9,"Casual Dining"
O688,C887,25,D94,R186,"Pizza Hut","Delhi B5",Delhi,2024-05-23,Non-Veg,442,30,75,397,Cash,Occasional,3.7,Cafe
O689,C1223,47,D804,R105,"Pizza Hut","Hyderabad B10",Hyderabad,2023-10-31,Veg,367,20,77,310,UPI,Premium,4.8,"Casual Dining"
O690,C159,39,D1,R352,"Biryani House","Hyderabad B4",Hyderabad,2024-01-23,Veg,914,40,12,942,UPI,Occasional,3.9,Cafe
O691,C251,33,D941,R231,"Biryani House","Mumbai B7",Mumbai,2024-03-07,Veg,330,22,64,288,Cash,Regular,3.2,"Casual Dining"
O692,C403,53,D577,R119,"Biryani House","Hyderabad B7",Hyderabad,2024-05-22,Non-Veg,751,20,83,688,UPI,Occasional,3.3,"Fast Food"
O693,C1225,29,D189,R24,"Pizza Hut","Hyderabad B3",Hyderabad,2024-07-22,Veg,243,41,148,136,Cash,Occasional,4.4,"Fast Food"
O694,C1646,38,D881,R356,"Biryani House","Pune B8",Pune,2024-06-18,Veg,631,46,87,590,UPI,Regular,3.8,"Casual Dining"
O695,C986,40,D821,R264,"Pizza Hut","Mumbai B4",Mumbai,2024-01-14,Non-Veg,255,23,20,258,Card,Premium,3.5,Cafe
O696,C1035,37,D986,R137,McDonalds,"Mumbai B9",Mumbai,2024-05-20,Veg,359,28,20,367,UPI,Occasional,3.2,"Casual Dining"
O697,C141,38,D349,R174,Dominos,"Pune B8",Pune,2024-01-08,Veg,857,22,133,746,Cash,Premium,3.2,Cafe
O698,C729,30,D234,R375,McDonalds,"Bangalore B3",Bangalore,2024-04-24,Non-Veg,886,26,43,869,UPI,Premium,4.3,"Fast Food"
O699,C653,26,D929,R211,"Pizza Hut","Bangalore B4",Bangalore,2023-04-11,Veg,202,58,116,144,Cash,Occasional,4,Cafe
O700,C520,32,D571,R345,KFC,"Mumbai B2",Mumbai,2023-11-12,Veg,243,26,63,206,Cash,Regular,3,Cafe
O701,C1760,30,D316,R115,Dominos,"Pune B10",Pune,2024-03-31,Veg,202,35,112,125,UPI,Premium,4.3,"Casual Dining"
O702,C1580,28,D369,R61,"Pizza Hut","Mumbai B6",Mumbai,2024-02-05,Veg,563,48,25,586,UPI,Regular,4.6,"Fast Food"
O703,C452,24,D89,R74,McDonalds,"Mumbai B3",Mumbai,2024-02-11,Non-Veg,674,41,9,706,UPI,Regular,4.7,"Casual Dining"
O704,C1614,28,D708,R207,"Biryani House","Hyderabad B1",Hyderabad,2023-05-16,Non-Veg,986,32,88,930,UPI,Regular,4.7,"Fast Food"
O705,C1878,39,D260,R31,McDonalds,"Bangalore B6",Bangalore,2023-12-30,Veg,721,46,8,759,UPI,Regular,4.5,"Fast Food"
O706,C1033,37,D380,R362,Dominos,"Bangalore B2",Bangalore,2023-12-27,Veg,551,20,62,509,UPI,Regular,3.5,Cafe
O707,C421,45,D622,R143,"Biryani House","Mumbai B10",Mumbai,2023-09-24,Veg,302,25,120,207,Cash,Occasional,4.8,"Fast Food"
O708,C1527,34,D173,R54,"Pizza Hut","Delhi B4",Delhi,2023-10-10,Veg,870,52,2,920,UPI,Occasional,3.7,"Casual Dining"
O709,C1439,34,D161,R353,"Biryani House","Pune B2",Pune,2024-07-30,Veg,326,47,97,276,UPI,Premium,3.5,"Casual Dining"
O710,C1095,26,D660,R53,KFC,"Hyderabad B5",Hyderabad,2024-04-28,Non-Veg,703,33,88,648,UPI,Regular,4.7,"Fast Food"
O711,C443,37,D440,R93,McDonalds,"Mumbai B6",Mumbai,2023-09-04,Veg,971,39,53,957,UPI,Regular,4.3,"Casual Dining"
O712,C891,34,D232,R251,Dominos,"Delhi B10",Delhi,2023-07-13,Non-Veg,873,50,7,916,Cash,Regular,3.8,"Casual Dining"
O713,C629,31,D248,R334,"Biryani House","Hyderabad B10",Hyderabad,2023-08-18,Veg,778,35,127,686,UPI,Premium,3.9,Cafe
O714,C1478,31,D556,R165,"Biryani House","Hyderabad B3",Hyderabad,2024-06-19,Veg,889,20,13,896,Cash,Premium,3.7,"Casual Dining"
O715,C396,51,D720,R179,McDonalds,"Hyderabad B8",Hyderabad,2024-03-12,Non-Veg,668,27,78,617,UPI,Regular,4.9,"Casual Dining"
O716,C982,33,D433,R181,"Biryani House","Hyderabad B9",Hyderabad,2024-02-05,Veg,261,29,85,205,Card,Occasional,3.9,"Casual Dining"
O717,C808,36,D739,R33,"Pizza Hut","Mumbai B10",Mumbai,2024-02-01,Veg,651,36,109,578,UPI,Premium,4.4,Cafe
O718,C1604,28,D783,R61,"Pizza Hut","Mumbai B6",Mumbai,2023-01-14,Non-Veg,513,30,60,483,Card,Regular,4.9,"Fast Food"
O719,C1820,29,D663,R66,Dominos,"Mumbai B5",Mumbai,2023-08-06,Non-Veg,678,24,30,672,UPI,Premium,3,"Casual Dining"
O720,C1631,31,D60,R163,"Biryani House","Bangalore B1",Bangalore,2023-12-20,Veg,297,46,5,338,UPI,Regular,3.3,"Fast Food"
O721,C345,36,D163,R227,McDonalds,"Hyderabad B4",Hyderabad,2024-08-15,Veg,379,56,128,307,Cash,Occasional,4.1,"Casual Dining"
O722,C939,30,D641,R196,"Biryani House","Hyderabad B5",Hyderabad,2023-09-27,Veg,254,38,111,181,UPI,Regular,4.7,Cafe
O723,C1714,24,D895,R148,"Pizza Hut","Delhi B2",Delhi,2023-10-13,Non-Veg,362,47,62,347,UPI,Occasional,3.8,"Casual Dining"
O724,C1905,34,D614,R327,Dominos,"Pune B8",Pune,2024-08-17,Veg,377,51,37,391,UPI,Premium,3.6,Cafe
O725,C308,22,D603,R286,"Biryani House","Delhi B6",Delhi,2024-08-06,Non-Veg,750,53,11,792,Cash,Premium,4.8,Cafe
O726,C1593,25,D15,R227,McDonalds,"Hyderabad B4",Hyderabad,2023-07-24,Veg,800,25,47,778,UPI,Regular,3.6,"Casual Dining"
O727,C1759,25,D365,R40,McDonalds,"Mumbai B7",Mumbai,2023-05-31,Veg,474,21,21,474,UPI,Regular,4.9,"Casual Dining"
O728,C1750,40,D669,R337,KFC,"Bangalore B8",Bangalore,2023-05-06,Non-Veg,717,36,84,669,UPI,Occasional,4.2,"Fast Food"
O729,C867,35,D949,R132,McDonalds,"Hyderabad B1",Hyderabad,2024-01-27,Veg,497,39,73,463,UPI,Premium,4.7,Cafe
O730,C1128,33,D493,R324,McDonalds,"Pune B8",Pune,2023-12-18,Non-Veg,718,48,15,751,UPI,Occasional,4.8,"Casual Dining"
O731,C209,32,D349,R400,McDonalds,"Pune B4",Pune,2024-02-13,Non-Veg,730,25,49,706,Cash,Occasional,3.2,"Fast Food"
O732,C341,35,D345,R165,"Biryani House","Hyderabad B3",Hyderabad,2023-06-25,Non-Veg,582,32,148,466,UPI,Premium,3.2,"Casual Dining"
O733,C1783,39,D467,R66,Dominos,"Mumbai B5",Mumbai,2023-12-01,Veg,805,22,78,749,Cash,Premium,4.2,"Casual Dining"
O734,C1413,33,D214,R55,"Pizza Hut","Delhi B3",Delhi,2024-06-08,Veg,685,32,77,640,UPI,Regular,3.5,"Casual Dining"
O735,C1379,35,D920,R46,"Biryani House","Hyderabad B4",Hyderabad,2023-12-13,Non-Veg,612,43,3,652,Cash,Regular,3.8,"Fast Food"
O736,C1513,45,D799,R272,"Biryani House","Hyderabad B5",Hyderabad,2024-01-19,Veg,393,23,52,364,UPI,Premium,3.4,Cafe
O737,C1157,32,D870,R145,McDonalds,"Pune B4",Pune,2023-07-09,Non-Veg,282,57,4,335,UPI,Premium,4.6,"Fast Food"
O738,C1491,26,D157,R280,McDonalds,"Hyderabad B10",Hyderabad,2024-09-22,Non-Veg,841,58,112,787,UPI,Regular,3.3,"Fast Food"
O739,C1492,40,D648,R192,Dominos,"Bangalore B9",Bangalore,2023-11-15,Non-Veg,221,23,134,110,UPI,Premium,3.5,"Fast Food"
O740,C1376,19,D448,R283,McDonalds,"Mumbai B7",Mumbai,2024-06-29,Veg,898,24,10,912,Card,Regular,4.1,"Fast Food"
O741,C1967,39,D804,R227,McDonalds,"Hyderabad B4",Hyderabad,2024-04-13,Veg,257,51,45,263,Cash,Occasional,4.8,"Casual Dining"
O742,C1767,28,D101,R138,"Pizza Hut","Hyderabad B5",Hyderabad,2023-06-12,Non-Veg,708,21,138,591,Cash,Regular,4.7,"Fast Food"
O743,C1989,31,D304,R7,"Biryani House","Delhi B7",Delhi,2023-10-24,Veg,634,58,10,682,Cash,Regular,3.9,Cafe
O744,C1578,40,D736,R209,"Biryani House","Hyderabad B1",Hyderabad,2023-07-15,Non-Veg,872,29,50,851,UPI,Occasional,4.7,"Casual Dining"
O745,C1938,40,D573,R308,"Pizza Hut","Hyderabad B5",Hyderabad,2023-09-08,Veg,652,32,82,602,UPI,Regular,4.6,Cafe
O746,C1436,25,D805,R175,KFC,"Bangalore B7",Bangalore,2024-05-25,Non-Veg,719,54,53,720,Cash,Regular,3,Cafe
O747,C1559,38,D761,R396,"Pizza Hut","Bangalore B8",Bangalore,2024-03-25,Veg,873,20,67,826,UPI,Premium,3.7,Cafe
O748,C751,53,D880,R23,Dominos,"Delhi B6",Delhi,2024-01-10,Non-Veg,938,43,61,920,Cash,Occasional,3.6,Cafe
O749,C70,70,D941,R76,"Biryani House","Mumbai B9",Mumbai,2024-04-21,Non-Veg,200,45,91,154,UPI,Premium,3.2,Cafe
O750,C459,29,D594,R217,"Pizza Hut","Mumbai B4",Mumbai,2023-12-31,Veg,457,30,141,346,Cash,Premium,3,"Fast Food"
O751,C1491,31,D509,R24,"Pizza Hut","Hyderabad B3",Hyderabad,2024-01-13,Non-Veg,465,33,52,446,Cash,Regular,3.9,"Fast Food"
O752,C1151,42,D529,R360,McDonalds,"Delhi B4",Delhi,2024-04-03,Non-Veg,567,51,142,476,UPI,Occasional,3.2,"Fast Food"
O753,C1057,30,D220,R177,"Biryani House","Hyderabad B8",Hyderabad,2024-02-03,Veg,800,42,58,784,UPI,Premium,3.1,"Casual Dining"
O754,C418,38,D589,R16,McDonalds,"Hyderabad B9",Hyderabad,2023-11-07,Non-Veg,634,34,3,665,Cash,Regular,4.1,"Fast Food"
O755,C955,68,D965,R71,McDonalds,"Delhi B5",Delhi,2024-01-27,Veg,496,45,128,413,UPI,Premium,4.2,"Fast Food"
O756,C1720,31,D364,R63,Dominos,"Delhi B3",Delhi,2023-10-31,Non-Veg,467,34,104,397,Cash,Regular,3.3,Cafe
O757,C285,54,D999,R221,KFC,"Hyderabad B2",Hyderabad,2023-10-28,Veg,973,21,74,920,Cash,Regular,3.3,"Casual Dining"
O758,C708,34,D337,R88,"Biryani House","Delhi B4",Delhi,2023-10-10,Veg,850,36,94,792,Cash,Regular,4.1,"Casual Dining"
O759,C343,65,D19,R6,Dominos,"Mumbai B4",Mumbai,2023-05-21,Veg,675,51,55,671,UPI,Premium,4.1,Cafe
O760,C955,25,D595,R17,"Biryani House","Delhi B10",Delhi,2023-10-12,Veg,473,59,96,436,UPI,Premium,3.4,Cafe
O761,C1374,34,D529,R130,Dominos,"Delhi B3",Delhi,2024-01-31,Non-Veg,689,44,35,698,UPI,Regular,3.2,"Casual Dining"
O762,C1637,34,D432,R213,Dominos,"Mumbai B2",Mumbai,2024-05-17,Non-Veg,662,53,14,701,UPI,Premium,3.7,Cafe
O763,C532,23,D44,R35,McDonalds,"Bangalore B6",Bangalore,2023-10-05,Veg,372,55,63,364,Cash,Occasional,3.5,"Casual Dining"
O764,C453,28,D133,R26,KFC,"Delhi B4",Delhi,2023-07-23,Veg,660,25,92,593,UPI,Premium,4.3,Cafe
O765,C1839,45,D851,R109,Dominos,"Bangalore B3",Bangalore,2023-02-12,Veg,733,26,123,636,UPI,Premium,4.9,Cafe
O766,C896,38,D529,R289,KFC,"Delhi B8",Delhi,2024-01-21,Non-Veg,898,60,32,926,Cash,Occasional,3.2,"Fast Food"
O767,C493,27,D249,R373,Dominos,"Mumbai B4",Mumbai,2023-10-26,Non-Veg,860,31,50,841,UPI,Premium,4.8,Cafe
O768,C1096,25,D400,R209,"Biryani House","Hyderabad B1",Hyderabad,2023-08-26,Non-Veg,673,52,101,624,UPI,Regular,3.5,"Casual Dining"
O769,C56,34,D693,R121,"Biryani House","Delhi B9",Delhi,2023-11-21,Veg,784,59,138,705,Cash,Premium,3.7,"Fast Food"
O770,C1080,37,D329,R186,"Pizza Hut","Delhi B5",Delhi,2023-07-02,Veg,275,53,103,225,UPI,Premium,3.3,Cafe
O771,C298,39,D197,R117,Dominos,"Delhi B1",Delhi,2023-10-29,Veg,570,45,62,553,Cash,Regular,3.6,Cafe
O772,C654,31,D852,R382,McDonalds,"Mumbai B8",Mumbai,2023-11-17,Veg,515,41,35,521,Cash,Occasional,5,Cafe
O773,C305,34,D464,R58,Dominos,"Hyderabad B2",Hyderabad,2024-01-03,Veg,437,50,15,472,Cash,Regular,3.2,"Fast Food"
O774,C713,29,D486,R80,KFC,"Pune B10",Pune,2023-08-17,Veg,712,50,35,727,UPI,Occasional,5,"Fast Food"
O775,C1265,25,D433,R268,"Biryani House","Hyderabad B4",Hyderabad,2023-10-03,Non-Veg,339,27,92,274,Cash,Premium,3.9,"Fast Food"
O776,C1391,42,D313,R261,KFC,"Mumbai B3",Mumbai,2023-11-07,Veg,678,46,93,631,Card,Regular,4.9,"Fast Food"
O777,C129,29,D817,R113,"Pizza Hut","Mumbai B5",Mumbai,2024-01-18,Non-Veg,914,23,57,880,UPI,Regular,4,Cafe
O778,C1682,33,D820,R33,"Pizza Hut","Mumbai B10",Mumbai,2024-02-16,Veg,506,25,47,484,UPI,Occasional,4.7,Cafe
O779,C634,32,D64,R249,"Biryani House","Pune B9",Pune,2023-03-09,Veg,981,34,127,888,UPI,Regular,3.7,"Casual Dining"
O780,C881,36,D350,R189,KFC,"Bangalore B5",Bangalore,2023-09-19,Non-Veg,972,48,104,916,UPI,Regular,4.1,Cafe
O781,C451,27,D763,R222,Dominos,"Delhi B10",Delhi,2024-04-28,Non-Veg,852,33,65,820,UPI,Occasional,4.9,Cafe
O782,C1972,31,D214,R228,McDonalds,"Delhi B6",Delhi,2024-06-05,Non-Veg,814,60,103,771,Cash,Premium,3.5,Cafe
O783,C649,57,D723,R378,"Biryani House","Mumbai B8",Mumbai,2023-08-07,Veg,337,44,130,251,UPI,Regular,3.2,Cafe
O784,C1395,37,D5,R1,Dominos,"Delhi B7",Delhi,2023-12-02,Veg,733,39,113,659,Cash,Regular,3.2,"Casual Dining"
O785,C360,36,D630,R192,Dominos,"Bangalore B9",Bangalore,2023-04-13,Non-Veg,513,26,38,501,Cash,Premium,4,"Fast Food"
O786,C1126,32,D866,R28,Dominos,"Pune B3",Pune,2023-06-18,Veg,801,25,81,745,Cash,Regular,3.8,"Casual Dining"
O787,C616,25,D655,R300,"Pizza Hut","Pune B8",Pune,2024-03-31,Non-Veg,633,25,141,517,UPI,Occasional,3.6,"Fast Food"
O788,C935,36,D764,R314,McDonalds,"Pune B7",Pune,2024-08-28,Veg,359,44,12,391,Cash,Regular,4.3,Cafe
O789,C149,30,D160,R84,"Biryani House","Bangalore B8",Bangalore,2024-03-25,Non-Veg,665,28,74,619,UPI,Occasional,4.4,Cafe
O790,C481,34,D162,R318,"Pizza Hut","Hyderabad B3",Hyderabad,2024-01-23,Veg,229,24,25,228,UPI,Regular,4.6,Cafe
O791,C718,31,D509,R269,KFC,"Hyderabad B4",Hyderabad,2023-08-13,Non-Veg,421,31,27,425,UPI,Occasional,3.9,"Casual Dining"
O792,C1427,27,D398,R49,KFC,"Delhi B3",Delhi,2024-07-29,Veg,433,40,126,347,Cash,Occasional,4.1,"Fast Food"
O793,C843,25,D922,R109,Dominos,"Bangalore B3",Bangalore,2023-09-05,Veg,429,53,35,447,Cash,Occasional,3.6,Cafe
O794,C173,29,D11,R381,KFC,"Hyderabad B10",Hyderabad,2023-12-28,Non-Veg,297,49,135,211,UPI,Regular,3.4,"Fast Food"
O795,C1004,30,D144,R245,"Pizza Hut","Mumbai B8",Mumbai,2023-08-08,Veg,343,42,110,275,UPI,Occasional,3.9,Cafe
O796,C834,31,D12,R84,"Biryani House","Bangalore B8",Bangalore,2024-04-14,Veg,864,41,69,836,UPI,Regular,4.7,Cafe
O797,C1673,32,D545,R180,KFC,"Mumbai B2",Mumbai,2024-03-28,Veg,827,44,122,749,UPI,Occasional,4.5,"Casual Dining"
O798,C717,31,D380,R220,"Biryani House","Bangalore B9",Bangalore,2024-01-04,Veg,444,50,81,413,Cash,Occasional,3.5,"Casual Dining"
O799,C214,23,D956,R266,"Pizza Hut","Bangalore B9",Bangalore,2024-01-02,Non-Veg,964,32,13,983,Card,Occasional,4.2,"Casual Dining"
O800,C228,33,D983,R255,Dominos,"Pune B2",Pune,2024-01-18,Non-Veg,411,30,4,437,Cash,Occasional,3.6,Cafe
O801,C869,30,D279,R265,McDonalds,"Hyderabad B10",Hyderabad,2023-12-22,Non-Veg,908,26,54,880,UPI,Occasional,4.9,"Casual Dining"
O802,C780,28,D847,R41,McDonalds,"Mumbai B6",Mumbai,2023-06-23,Non-Veg,423,45,91,377,Cash,Occasional,4.4,Cafe
O803,C1732,34,D883,R155,KFC,"Delhi B5",Delhi,2023-10-20,Non-Veg,423,47,16,454,UPI,Occasional,3.9,"Fast Food"
O804,C795,57,D439,R168,"Biryani House","Hyderabad B9",Hyderabad,2023-10-28,Veg,622,44,20,646,Cash,Regular,4.2,"Fast Food"
O805,C709,28,D751,R64,KFC,"Delhi B7",Delhi,2024-03-25,Non-Veg,818,25,148,695,UPI,Premium,3.9,"Fast Food"
O806,C549,40,D914,R306,McDonalds,"Hyderabad B1",Hyderabad,2024-01-13,Veg,863,30,138,755,UPI,Premium,3.5,Cafe
O807,C1159,39,D294,R68,McDonalds,"Bangalore B4",Bangalore,2023-08-19,Non-Veg,547,46,35,558,UPI,Occasional,4.9,Cafe
O808,C1193,62,D935,R190,KFC,"Hyderabad B5",Hyderabad,2023-07-20,Non-Veg,235,58,85,208,UPI,Premium,4.4,Cafe
O809,C1660,40,D344,R319,Dominos,"Pune B10",Pune,2024-09-07,Non-Veg,390,42,29,403,Cash,Premium,3.3,"Fast Food"
O810,C639,56,D592,R370,McDonalds,"Bangalore B9",Bangalore,2023-10-09,Veg,914,34,40,908,Cash,Premium,3.5,"Casual Dining"
O811,C1085,38,D211,R49,KFC,"Delhi B3",Delhi,2023-12-04,Veg,382,55,82,355,Cash,Occasional,3.8,"Fast Food"
O812,C1452,31,D653,R249,"Biryani House","Pune B9",Pune,2023-07-01,Non-Veg,919,22,111,830,UPI,Regular,4.6,"Casual Dining"
O813,C402,32,D207,R43,"Pizza Hut","Hyderabad B5",Hyderabad,2024-01-02,Non-Veg,405,54,128,331,Cash,Regular,4.3,"Fast Food"
O814,C1423,60,D755,R108,"Pizza Hut","Mumbai B4",Mumbai,2023-09-03,Veg,565,46,89,522,Cash,Occasional,3.1,"Casual Dining"
O815,C1099,43,D593,R7,"Biryani House","Delhi B7",Delhi,2023-10-17,Non-Veg,877,42,69,850,UPI,Occasional,3.1,Cafe
O816,C1551,33,D121,R365,"Pizza Hut","Bangalore B7",Bangalore,2024-05-12,Veg,981,49,144,886,UPI,Occasional,3.5,"Casual Dining"
O817,C1982,25,D161,R350,"Pizza Hut","Pune B2",Pune,2024-01-24,Veg,531,46,105,472,Cash,Premium,3.5,"Casual Dining"
O818,C1986,35,D531,R288,"Biryani House","Pune B1",Pune,2024-02-15,Non-Veg,329,53,105,277,UPI,Regular,3.1,Cafe
O819,C38,25,D408,R235,"Pizza Hut","Pune B9",Pune,2023-06-16,Veg,674,53,148,579,UPI,Regular,4,"Fast Food"
O820,C601,32,D670,R396,"Pizza Hut","Bangalore B8",Bangalore,2024-03-01,Non-Veg,721,46,9,758,Cash,Occasional,5,Cafe
O821,C57,39,D388,R292,"Pizza Hut","Delhi B4",Delhi,2024-07-03,Veg,453,50,17,486,UPI,Regular,4.5,"Casual Dining"
O822,C583,40,D747,R29,Dominos,"Hyderabad B2",Hyderabad,2024-01-09,Non-Veg,489,36,73,452,UPI,Regular,3.3,"Fast Food"
O823,C1243,39,D406,R48,"Pizza Hut","Mumbai B10",Mumbai,2023-08-20,Non-Veg,686,21,95,612,UPI,Regular,3.2,"Casual Dining"
O824,C920,29,D828,R249,"Biryani House","Pune B9",Pune,2024-01-01,Non-Veg,317,44,9,352,Cash,Premium,4.2,"Casual Dining"
O825,C1581,39,D700,R357,Dominos,"Pune B7",Pune,2023-11-12,Non-Veg,957,36,74,919,UPI,Regular,4.9,"Casual Dining"
O826,C599,29,D710,R46,"Biryani House","Hyderabad B4",Hyderabad,2024-01-18,Veg,455,53,53,455,Cash,Premium,3.1,"Fast Food"
O827,C1299,27,D483,R251,Dominos,"Delhi B10",Delhi,2024-05-29,Non-Veg,815,52,65,802,UPI,Occasional,4.6,"Casual Dining"
O828,C1244,41,D938,R99,"Pizza Hut","Bangalore B6",Bangalore,2024-04-23,Non-Veg,988,24,40,972,UPI,Occasional,5,"Fast Food"
O829,C1229,65,D452,R118,KFC,"Mumbai B4",Mumbai,2023-08-27,Veg,434,56,62,428,Card,Regular,4.8,"Casual Dining"
O830,C618,62,D255,R197,Dominos,"Delhi B4",Delhi,2023-09-27,Veg,490,39,69,460,UPI,Regular,4.1,"Casual Dining"
O831,C563,28,D49,R384,McDonalds,"Hyderabad B2",Hyderabad,2023-07-17,Veg,671,24,106,589,Cash,Premium,4.3,Cafe
O832,C1704,27,D265,R337,KFC,"Bangalore B8",Bangalore,2023-05-03,Veg,969,28,66,931,UPI,Regular,4.6,"Fast Food"
O833,C558,39,D20,R257,Dominos,"Bangalore B3",Bangalore,2023-12-15,Veg,312,42,8,346,Cash,Occasional,3.1,Cafe
O834,C1190,25,D228,R327,Dominos,"Pune B8",Pune,2023-11-18,Non-Veg,641,22,59,604,UPI,Regular,3.5,Cafe
O835,C427,27,D482,R179,McDonalds,"Hyderabad B8",Hyderabad,2024-02-05,Veg,771,34,122,683,Cash,Premium,4.4,"Casual Dining"
O836,C1440,26,D692,R72,McDonalds,"Pune B10",Pune,2024-01-14,Non-Veg,808,37,55,790,UPI,Regular,4.8,"Casual Dining"
O837,C699,61,D394,R351,"Pizza Hut","Delhi B9",Delhi,2024-09-25,Veg,303,49,97,255,UPI,Premium,3,"Fast Food"
O838,C760,25,D757,R197,Dominos,"Delhi B4",Delhi,2024-09-14,Non-Veg,446,27,13,460,UPI,Occasional,3.4,"Casual Dining"
O839,C1117,36,D625,R212,"Biryani House","Bangalore B6",Bangalore,2023-11-13,Veg,235,44,128,151,Cash,Regular,3.3,"Casual Dining"
O840,C1548,48,D31,R36,"Biryani House","Delhi B6",Delhi,2023-11-12,Non-Veg,723,57,77,703,UPI,Regular,3.1,Cafe
O841,C982,33,D736,R46,"Biryani House","Hyderabad B4",Hyderabad,2023-05-20,Non-Veg,790,38,136,692,UPI,Occasional,4.7,"Fast Food"
O842,C1210,59,D418,R310,"Biryani House","Mumbai B3",Mumbai,2023-06-19,Non-Veg,510,29,66,473,UPI,Occasional,4.4,"Casual Dining"
O843,C145,33,D852,R146,McDonalds,"Mumbai B4",Mumbai,2023-08-02,Veg,416,43,45,414,Cash,Occasional,5,"Fast Food"
O844,C1591,39,D345,R44,"Biryani House","Hyderabad B9",Hyderabad,2023-12-18,Veg,510,43,10,543,UPI,Premium,3.2,"Fast Food"
O845,C1493,34,D263,R387,KFC,"Pune B7",Pune,2023-07-31,Veg,931,27,11,947,Cash,Regular,3.8,"Casual Dining"
O846,C1689,30,D602,R36,"Biryani House","Delhi B6",Delhi,2024-01-23,Veg,611,49,82,578,UPI,Occasional,3.8,Cafe
O847,C1673,36,D169,R106,Dominos,"Mumbai B10",Mumbai,2023-09-18,Veg,926,25,24,927,UPI,Occasional,3.5,"Fast Food"
O848,C167,30,D210,R248,McDonalds,"Pune B1",Pune,2023-06-23,Veg,960,30,63,927,UPI,Occasional,3.3,"Casual Dining"
O849,C1068,18,D786,R108,"Pizza Hut","Mumbai B4",Mumbai,2024-05-12,Veg,453,42,29,466,Cash,Premium,3.2,"Casual Dining"
O850,C499,30,D481,R158,"Biryani House","Delhi B8",Delhi,2024-02-29,Veg,869,60,25,904,UPI,Occasional,4.9,"Fast Food"
O851,C253,34,D984,R396,"Pizza Hut","Bangalore B8",Bangalore,2024-02-22,Veg,438,59,79,418,UPI,Occasional,3.2,Cafe
O852,C619,36,D944,R12,"Biryani House","Bangalore B7",Bangalore,2023-07-06,Veg,215,59,67,207,Cash,Regular,3.1,"Casual Dining"
O853,C772,60,D614,R28,Dominos,"Pune B3",Pune,2024-05-02,Veg,211,29,106,134,UPI,Premium,3.6,"Casual Dining"
O854,C424,27,D768,R184,KFC,"Bangalore B3",Bangalore,2023-09-05,Non-Veg,515,60,59,516,UPI,Regular,4.3,"Casual Dining"
O855,C1333,28,D53,R221,KFC,"Hyderabad B2",Hyderabad,2024-02-10,Non-Veg,834,41,68,807,UPI,Occasional,4.1,"Casual Dining"
O856,C1507,27,D191,R132,McDonalds,"Hyderabad B1",Hyderabad,2023-02-05,Veg,613,23,46,590,UPI,Premium,3.4,Cafe
O857,C1608,27,D105,R251,Dominos,"Delhi B10",Delhi,2024-09-01,Veg,900,34,92,842,Cash,Regular,3.5,"Casual Dining"
O858,C1174,36,D975,R210,"Pizza Hut","Pune B6",Pune,2023-11-18,Non-Veg,279,45,142,182,Cash,Occasional,3.5,"Fast Food"
O859,C1179,30,D455,R279,"Pizza Hut","Delhi B4",Delhi,2023-04-22,Non-Veg,589,23,128,484,UPI,Occasional,4.3,"Fast Food"
O860,C854,22,D709,R306,McDonalds,"Hyderabad B1",Hyderabad,2024-07-28,Non-Veg,211,21,114,118,UPI,Occasional,3.7,Cafe
O861,C1268,38,D760,R362,Dominos,"Bangalore B2",Bangalore,2023-11-09,Non-Veg,320,21,8,333,UPI,Premium,3.5,Cafe
O862,C1834,39,D965,R344,KFC,"Delhi B8",Delhi,2024-04-22,Veg,397,59,59,397,Cash,Regular,4.2,"Fast Food"
O863,C552,40,D489,R187,KFC,"Delhi B8",Delhi,2024-01-23,Non-Veg,267,43,22,288,UPI,Premium,3.5,"Casual Dining"
O864,C1892,25,D371,R286,"Biryani House","Delhi B6",Delhi,2023-11-25,Non-Veg,810,22,137,695,Cash,Occasional,4.6,Cafe
O865,C1662,32,D137,R51,"Pizza Hut","Hyderabad B9",Hyderabad,2023-07-07,Non-Veg,290,22,6,306,UPI,Regular,4.7,Cafe
O866,C1470,29,D214,R87,KFC,"Delhi B7",Delhi,2024-07-09,Non-Veg,486,56,110,432,Cash,Premium,3.5,"Fast Food"
O867,C1446,30,D959,R210,"Pizza Hut","Pune B6",Pune,2023-10-11,Veg,620,55,22,653,UPI,Premium,4.4,"Fast Food"
O868,C1965,29,D837,R170,"Pizza Hut","Mumbai B3",Mumbai,2024-05-21,Veg,492,45,85,452,Cash,Regular,3.4,Cafe
O869,C450,61,D371,R5,KFC,"Delhi B4",Delhi,2024-07-13,Veg,214,22,121,115,Card,Occasional,4.6,"Fast Food"
O870,C1480,69,D785,R225,KFC,"Bangalore B7",Bangalore,2023-12-21,Non-Veg,608,36,24,620,Cash,Premium,4.5,Cafe
O871,C1183,32,D321,R6,Dominos,"Mumbai B4",Mumbai,2023-11-10,Non-Veg,663,22,20,665,UPI,Regular,3.6,Cafe
O872,C548,33,D91,R219,McDonalds,"Mumbai B1",Mumbai,2023-05-05,Non-Veg,251,45,93,203,UPI,Occasional,4.1,Cafe
O873,C309,46,D121,R189,KFC,"Bangalore B5",Bangalore,2024-04-14,Non-Veg,777,43,141,679,UPI,Regular,3.5,Cafe
O874,C1358,34,D694,R270,KFC,"Delhi B2",Delhi,2023-09-01,Veg,991,53,137,907,UPI,Premium,3.4,Cafe
O875,C1774,36,D397,R372,"Pizza Hut","Bangalore B6",Bangalore,2024-02-06,Veg,668,21,33,656,UPI,Regular,3.2,"Casual Dining"
O876,C1390,36,D46,R304,McDonalds,"Delhi B1",Delhi,2024-05-25,Non-Veg,384,28,39,373,Cash,Regular,3.1,Cafe
O877,C786,31,D400,R221,KFC,"Hyderabad B2",Hyderabad,2024-02-23,Veg,339,35,51,323,UPI,Occasional,3.5,"Casual Dining"
O878,C1098,28,D285,R37,Dominos,"Hyderabad B4",Hyderabad,2023-08-15,Veg,458,29,109,378,Cash,Occasional,4.7,"Casual Dining"
O879,C365,25,D758,R220,"Biryani House","Bangalore B9",Bangalore,2024-01-07,Veg,713,28,56,685,Cash,Occasional,3.9,"Casual Dining"
O880,C1142,29,D432,R173,KFC,"Mumbai B10",Mumbai,2024-06-11,Non-Veg,221,53,39,235,UPI,Regular,3.7,"Fast Food"
O881,C1412,32,D170,R165,"Biryani House","Hyderabad B3",Hyderabad,2023-09-01,Non-Veg,480,32,135,377,Cash,Premium,4.6,"Casual Dining"
O882,C614,37,D454,R204,"Pizza Hut","Mumbai B1",Mumbai,2024-02-11,Non-Veg,409,46,35,420,UPI,Premium,3.8,"Fast Food"
O883,C4,37,D666,R158,"Biryani House","Delhi B8",Delhi,2023-08-11,Non-Veg,534,41,84,491,UPI,Regular,3.8,"Fast Food"
O884,C542,25,D994,R295,"Biryani House","Pune B5",Pune,2023-04-16,Non-Veg,718,28,17,729,Card,Regular,3.3,Cafe
O885,C260,32,D742,R39,KFC,"Mumbai B7",Mumbai,2023-08-07,Veg,638,24,15,647,UPI,Occasional,4.5,"Casual Dining"
O886,C1128,30,D251,R164,"Biryani House","Pune B5",Pune,2023-11-23,Veg,206,20,32,194,Card,Occasional,3.5,Cafe
O887,C360,32,D415,R216,"Pizza Hut","Bangalore B1",Bangalore,2023-07-31,Veg,971,46,66,951,Card,Premium,4.6,"Casual Dining"
O888,C1207,24,D530,R266,"Pizza Hut","Bangalore B9",Bangalore,2024-02-06,Non-Veg,808,35,120,723,UPI,Occasional,3.7,"Casual Dining"
O889,C419,32,D205,R152,"Biryani House","Mumbai B8",Mumbai,2023-12-10,Veg,869,44,104,809,Cash,Premium,4.6,Cafe
O890,C1782,38,D440,R41,McDonalds,"Mumbai B6",Mumbai,2023-08-02,Non-Veg,218,27,89,156,Cash,Occasional,4.3,Cafe
O891,C1554,39,D547,R128,McDonalds,"Hyderabad B9",Hyderabad,2023-11-10,Veg,283,32,66,249,Cash,Premium,3.6,"Fast Food"
O892,C1448,38,D938,R216,"Pizza Hut","Bangalore B1",Bangalore,2024-08-27,Veg,691,23,135,579,UPI,Occasional,5,"Casual Dining"
O893,C845,22,D256,R90,McDonalds,"Pune B9",Pune,2023-10-12,Non-Veg,203,29,140,92,UPI,Premium,3.9,Cafe
O894,C1584,26,D21,R304,McDonalds,"Delhi B1",Delhi,2024-02-22,Veg,351,45,80,316,UPI,Occasional,4.3,Cafe
O895,C1925,32,D541,R195,"Pizza Hut","Hyderabad B9",Hyderabad,2024-03-06,Non-Veg,701,32,60,673,UPI,Regular,4.4,Cafe
O896,C1055,34,D163,R338,McDonalds,"Hyderabad B8",Hyderabad,2024-03-17,Veg,921,42,16,947,UPI,Occasional,4.1,"Casual Dining"
O897,C1158,36,D449,R209,"Biryani House","Hyderabad B1",Hyderabad,2023-11-01,Veg,791,38,15,814,Cash,Regular,4.3,"Casual Dining"
O898,C1877,40,D509,R209,"Biryani House","Hyderabad B1",Hyderabad,2023-11-08,Non-Veg,697,35,46,686,Cash,Regular,3.9,"Casual Dining"
O899,C18,40,D776,R208,"Biryani House","Pune B2",Pune,2023-08-18,Non-Veg,811,43,37,817,UPI,Premium,4,"Fast Food"
O900,C486,36,D591,R289,KFC,"Delhi B8",Delhi,2024-01-05,Veg,390,52,122,320,UPI,Regular,4.9,"Fast Food"
O901,C874,29,D121,R69,"Pizza Hut","Bangalore B6",Bangalore,2024-02-16,Veg,898,27,32,893,Cash,Regular,3.5,Cafe
O902,C1686,22,D139,R196,"Biryani House","Hyderabad B5",Hyderabad,2023-05-24,Non-Veg,293,37,130,200,UPI,Occasional,3.5,Cafe
O903,C1653,49,D192,R334,"Biryani House","Hyderabad B10",Hyderabad,2023-11-15,Non-Veg,789,42,146,685,Cash,Regular,4.9,Cafe
O904,C1316,32,D404,R398,"Biryani House","Delhi B7",Delhi,2024-03-19,Veg,212,22,53,181,Cash,Occasional,4.3,"Casual Dining"
O905,C1407,38,D981,R392,"Biryani House","Mumbai B2",Mumbai,2023-04-20,Non-Veg,219,47,68,198,Cash,Occasional,3.3,"Casual Dining"
O906,C959,32,D194,R169,KFC,"Mumbai B10",Mumbai,2023-08-31,Veg,304,36,12,328,UPI,Occasional,4.4,"Fast Food"
O907,C1765,25,D890,R242,McDonalds,"Pune B8",Pune,2023-06-14,Non-Veg,424,41,28,437,Cash,Regular,3.2,"Fast Food"
O908,C527,33,D615,R27,McDonalds,"Pune B3",Pune,2023-03-29,Non-Veg,991,22,107,906,UPI,Regular,4,Cafe
O909,C1867,31,D703,R386,"Pizza Hut","Mumbai B3",Mumbai,2024-04-22,Non-Veg,284,41,77,248,UPI,Premium,4,"Casual Dining"
O910,C317,31,D587,R144,KFC,"Bangalore B5",Bangalore,2024-06-11,Veg,449,50,83,416,UPI,Regular,3.1,"Casual Dining"
O911,C764,31,D591,R45,KFC,"Delhi B2",Delhi,2024-02-01,Non-Veg,630,36,135,531,Cash,Premium,4.9,Cafe
O912,C1259,58,D270,R104,KFC,"Mumbai B4",Mumbai,2023-04-07,Veg,808,50,60,798,Cash,Premium,3.7,Cafe
O913,C1142,24,D612,R219,McDonalds,"Mumbai B1",Mumbai,2024-02-05,Non-Veg,622,48,5,665,UPI,Regular,4.4,Cafe
O914,C592,19,D802,R12,"Biryani House","Bangalore B7",Bangalore,2024-02-11,Non-Veg,383,23,89,317,Cash,Occasional,4.6,"Casual Dining"
O915,C717,27,D183,R35,McDonalds,"Bangalore B6",Bangalore,2023-12-03,Non-Veg,694,37,58,673,Cash,Occasional,3.5,"Casual Dining"
O916,C568,62,D470,R181,"Biryani House","Hyderabad B9",Hyderabad,2023-04-06,Veg,536,20,57,499,UPI,Occasional,4.9,"Casual Dining"
O917,C159,36,D633,R363,KFC,"Hyderabad B9",Hyderabad,2024-05-22,Veg,473,22,54,441,Cash,Occasional,3.9,"Fast Food"
O918,C29,29,D779,R2,"Biryani House","Mumbai B4",Mumbai,2023-10-28,Non-Veg,626,31,92,565,Cash,Occasional,3.3,Cafe
O919,C1683,19,D229,R38,McDonalds,"Bangalore B5",Bangalore,2023-09-05,Non-Veg,512,39,13,538,Cash,Premium,3.5,"Casual Dining"
O920,C1523,36,D370,R64,KFC,"Delhi B7",Delhi,2024-04-02,Non-Veg,413,45,118,340,UPI,Regular,4.6,"Fast Food"
O921,C1606,33,D550,R283,McDonalds,"Mumbai B7",Mumbai,2023-07-25,Non-Veg,817,28,2,843,Cash,Regular,5,"Fast Food"
O922,C93,40,D833,R253,McDonalds,"Bangalore B10",Bangalore,2023-10-27,Non-Veg,585,32,67,550,UPI,Premium,3.9,"Fast Food"
O923,C441,25,D351,R362,Dominos,"Bangalore B2",Bangalore,2023-12-05,Non-Veg,895,21,100,816,UPI,Premium,4.1,Cafe
O924,C270,34,D25,R215,Dominos,"Hyderabad B10",Hyderabad,2023-09-11,Non-Veg,578,52,18,612,Cash,Regular,3.1,"Fast Food"
O925,C954,33,D95,R185,Dominos,"Pune B4",Pune,2024-09-23,Non-Veg,299,54,17,336,UPI,Occasional,4.8,"Casual Dining"
O926,C1659,39,D220,R381,KFC,"Hyderabad B10",Hyderabad,2024-02-08,Non-Veg,768,51,51,768,UPI,Occasional,3.1,"Fast Food"
O927,C1780,20,D992,R244,"Pizza Hut","Delhi B10",Delhi,2023-06-27,Non-Veg,204,56,104,156,Card,Occasional,3.1,Cafe
O928,C1742,56,D372,R188,KFC,"Bangalore B1",Bangalore,2023-08-07,Veg,281,55,25,311,Cash,Premium,3.2,Cafe
O929,C109,40,D457,R143,"Biryani House","Mumbai B10",Mumbai,2024-09-19,Non-Veg,239,44,68,215,Cash,Regular,4.1,"Fast Food"
O930,C872,27,D954,R239,McDonalds,"Pune B3",Pune,2023-07-27,Non-Veg,279,31,100,210,Cash,Regular,4.9,Cafe
O931,C444,29,D991,R198,"Pizza Hut","Mumbai B6",Mumbai,2023-10-24,Veg,220,59,39,240,UPI,Regular,3.8,"Fast Food"
O932,C1604,48,D38,R74,McDonalds,"Mumbai B3",Mumbai,2024-05-23,Non-Veg,695,36,27,704,Cash,Regular,4.1,"Casual Dining"
O933,C1606,38,D45,R143,"Biryani House","Mumbai B10",Mumbai,2023-04-19,Veg,425,24,86,363,UPI,Regular,3.8,"Fast Food"
O934,C1425,39,D672,R85,KFC,"Bangalore B1",Bangalore,2023-11-22,Veg,470,38,49,459,Card,Occasional,3.8,"Fast Food"
O935,C1919,38,D774,R179,McDonalds,"Hyderabad B8",Hyderabad,2024-01-17,Veg,747,45,94,698,Cash,Occasional,4.7,"Casual Dining"
O936,C1181,31,D721,R228,McDonalds,"Delhi B6",Delhi,2024-05-01,Non-Veg,825,50,118,757,UPI,Regular,4.2,Cafe
O937,C80,34,D166,R77,KFC,"Delhi B6",Delhi,2024-01-13,Non-Veg,601,45,112,534,UPI,Occasional,3.3,"Casual Dining"
O938,C1631,23,D59,R328,Dominos,"Bangalore B9",Bangalore,2024-04-23,Veg,545,40,16,569,Cash,Regular,3.4,"Casual Dining"
O939,C154,25,D119,R141,Dominos,"Delhi B6",Delhi,2023-10-24,Non-Veg,648,56,86,618,UPI,Occasional,3.6,"Fast Food"
O940,C1940,28,D984,R315,Dominos,"Bangalore B10",Bangalore,2023-12-29,Non-Veg,489,44,138,395,UPI,Regular,3.2,Cafe
O941,C1417,25,D614,R14,Dominos,"Pune B7",Pune,2024-09-14,Non-Veg,895,38,32,901,UPI,Regular,3.6,Cafe
O942,C41,34,D381,R282,"Biryani House","Delhi B8",Delhi,2023-10-05,Veg,686,46,40,692,UPI,Regular,3.1,Cafe
O943,C84,34,D217,R105,"Pizza Hut","Hyderabad B10",Hyderabad,2024-04-05,Non-Veg,510,44,134,420,Cash,Regular,3,"Casual Dining"
O944,C1717,25,D639,R223,McDonalds,"Bangalore B5",Bangalore,2023-10-12,Veg,719,21,124,616,UPI,Regular,3.8,"Fast Food"
O945,C1666,40,D887,R399,"Pizza Hut","Mumbai B7",Mumbai,2023-10-13,Non-Veg,434,39,65,408,Cash,Regular,3.4,"Fast Food"
O946,C390,28,D206,R336,"Biryani House","Bangalore B9",Bangalore,2023-12-21,Non-Veg,471,48,76,443,Card,Premium,3.1,"Fast Food"
O947,C318,33,D305,R226,"Pizza Hut","Mumbai B7",Mumbai,2024-07-18,Veg,347,49,26,370,UPI,Occasional,3.8,"Casual Dining"
O948,C802,31,D973,R375,McDonalds,"Bangalore B3",Bangalore,2024-04-08,Veg,717,60,90,687,UPI,Premium,3.7,"Fast Food"
O949,C1386,26,D58,R68,McDonalds,"Bangalore B4",Bangalore,2024-04-22,Non-Veg,684,55,61,678,UPI,Premium,4.9,Cafe
O950,C1273,31,D753,R56,"Pizza Hut","Bangalore B7",Bangalore,2023-04-12,Non-Veg,498,55,149,404,Cash,Premium,3.8,"Casual Dining"
O951,C994,25,D300,R368,Dominos,"Bangalore B4",Bangalore,2024-01-29,Non-Veg,318,50,20,348,Cash,Premium,4.5,Cafe
O952,C591,25,D70,R99,"Pizza Hut","Bangalore B6",Bangalore,2023-10-02,Non-Veg,454,25,16,463,UPI,Regular,4.4,"Fast Food"
O953,C1954,25,D725,R23,Dominos,"Delhi B6",Delhi,2023-09-21,Veg,659,32,144,547,UPI,Occasional,4.5,Cafe
O954,C1116,34,D743,R333,Dominos,"Pune B1",Pune,2024-08-19,Non-Veg,610,40,11,639,UPI,Premium,4.7,"Fast Food"
O955,C1425,27,D648,R375,McDonalds,"Bangalore B3",Bangalore,2023-07-06,Non-Veg,303,20,50,273,Cash,Occasional,3.5,"Fast Food"
O956,C1811,34,D854,R373,Dominos,"Mumbai B4",Mumbai,2024-02-16,Veg,579,47,56,570,UPI,Occasional,4.7,Cafe
O957,C740,34,D366,R279,"Pizza Hut","Delhi B4",Delhi,2023-11-18,Non-Veg,547,49,98,498,UPI,Premium,5,"Fast Food"
O958,C1154,27,D870,R135,KFC,"Pune B5",Pune,2023-08-17,Veg,240,42,147,135,Cash,Regular,4.6,Cafe
O959,C686,36,D54,R392,"Biryani House","Mumbai B2",Mumbai,2023-04-14,Non-Veg,737,29,1,765,UPI,Regular,4.6,"Casual Dining"
O960,C1237,38,D766,R206,McDonalds,"Mumbai B3",Mumbai,2024-01-08,Veg,761,33,39,755,Cash,Premium,3.5,Cafe
O961,C1067,27,D940,R66,Dominos,"Mumbai B5",Mumbai,2023-08-15,Non-Veg,753,50,43,760,UPI,Regular,3.5,"Casual Dining"
O962,C1688,62,D101,R334,"Biryani House","Hyderabad B10",Hyderabad,2023-05-30,Non-Veg,803,20,72,751,UPI,Premium,4.7,Cafe
O963,C261,24,D923,R20,"Pizza Hut","Delhi B4",Delhi,2023-08-14,Veg,703,26,6,723,Cash,Regular,3,"Casual Dining"
O964,C1433,30,D921,R233,"Pizza Hut","Bangalore B5",Bangalore,2023-12-19,Veg,932,42,136,838,Cash,Premium,3.5,"Casual Dining"
O965,C1159,37,D833,R216,"Pizza Hut","Bangalore B1",Bangalore,2023-08-10,Veg,297,33,145,185,UPI,Occasional,3.9,"Casual Dining"
O966,C1574,30,D433,R124,"Pizza Hut","Hyderabad B1",Hyderabad,2023-10-06,Non-Veg,712,55,19,748,Cash,Premium,3.9,"Fast Food"
O967,C1765,25,D918,R200,McDonalds,"Pune B10",Pune,2023-05-23,Veg,796,52,70,778,Cash,Regular,4.5,Cafe
O968,C1906,26,D492,R164,"Biryani House","Pune B5",Pune,2023-09-18,Non-Veg,232,20,33,219,Card,Premium,4.2,Cafe
O969,C213,27,D892,R246,"Biryani House","Delhi B1",Delhi,2024-02-15,Non-Veg,785,29,80,734,UPI,Regular,4.1,"Fast Food"
O970,C991,25,D913,R399,"Pizza Hut","Mumbai B7",Mumbai,2023-05-16,Non-Veg,627,46,53,620,UPI,Premium,4.8,"Fast Food"
O971,C1542,31,D413,R88,"Biryani House","Delhi B4",Delhi,2023-11-15,Veg,462,27,125,364,Cash,Occasional,4.8,"Casual Dining"
O972,C1337,33,D775,R232,Dominos,"Mumbai B9",Mumbai,2024-08-10,Veg,508,50,23,535,UPI,Regular,4.2,Cafe
O973,C1109,27,D742,R213,Dominos,"Mumbai B2",Mumbai,2023-06-29,Veg,712,56,74,694,Cash,Premium,4.5,Cafe
O974,C259,38,D180,R260,KFC,"Mumbai B1",Mumbai,2024-04-24,Veg,741,30,20,751,UPI,Premium,3.4,Cafe
O975,C545,39,D976,R286,"Biryani House","Delhi B6",Delhi,2023-04-13,Non-Veg,291,29,6,314,UPI,Regular,4.3,Cafe
O976,C920,35,D416,R28,Dominos,"Pune B3",Pune,2023-11-27,Non-Veg,353,34,76,311,Card,Premium,3.9,"Casual Dining"
O977,C1623,38,D914,R215,Dominos,"Hyderabad B10",Hyderabad,2023-12-04,Non-Veg,680,55,109,626,UPI,Premium,3.5,"Fast Food"
O978,C935,29,D212,R174,Dominos,"Pune B8",Pune,2023-07-29,Non-Veg,842,49,126,765,UPI,Regular,4.3,Cafe
O979,C1225,34,D498,R105,"Pizza Hut","Hyderabad B10",Hyderabad,2024-06-22,Veg,305,44,133,216,Cash,Occasional,4.1,"Casual Dining"
O980,C766,29,D288,R367,Dominos,"Pune B7",Pune,2024-02-12,Veg,987,58,20,1025,Cash,Regular,4.9,"Fast Food"
O981,C1273,27,D973,R315,Dominos,"Bangalore B10",Bangalore,2023-11-23,Veg,352,31,118,265,Cash,Premium,3.7,Cafe
O982,C415,37,D401,R63,Dominos,"Delhi B3",Delhi,2024-02-01,Non-Veg,939,36,140,835,UPI,Premium,3.5,Cafe
O983,C1108,35,D447,R85,KFC,"Bangalore B1",Bangalore,2023-09-07,Veg,771,54,20,805,Card,Regular,4.9,"Fast Food"
O984,C771,27,D924,R197,Dominos,"Delhi B4",Delhi,2023-08-19,Non-Veg,550,45,150,445,Cash,Occasional,4.3,"Casual Dining"
O985,C1211,31,D838,R33,"Pizza Hut","Mumbai B10",Mumbai,2023-10-29,Veg,994,52,83,963,Cash,Regular,4.2,Cafe
O986,C1908,23,D795,R30,"Pizza Hut","Mumbai B5",Mumbai,2023-05-28,Non-Veg,845,55,113,787,UPI,Premium,3.1,"Casual Dining"
O987,C1647,38,D248,R227,McDonalds,"Hyderabad B4",Hyderabad,2023-11-20,Non-Veg,502,41,18,525,Cash,Occasional,3.9,"Casual Dining"
O988,C198,33,D649,R384,McDonalds,"Hyderabad B2",Hyderabad,2024-04-23,Veg,978,53,32,999,Cash,Occasional,4.6,Cafe
O989,C498,31,D419,R331,"Biryani House","Bangalore B7",Bangalore,2023-05-08,Non-Veg,805,59,2,862,UPI,Premium,4.9,"Casual Dining"
O990,C567,52,D495,R280,McDonalds,"Hyderabad B10",Hyderabad,2023-10-13,Non-Veg,449,54,144,359,Card,Regular,4.1,"Fast Food"
O991,C506,31,D985,R225,KFC,"Bangalore B7",Bangalore,2023-11-28,Veg,758,27,82,703,Cash,Premium,3.6,Cafe
O992,C607,37,D374,R297,KFC,"Bangalore B3",Bangalore,2024-01-06,Non-Veg,277,56,145,188,UPI,Regular,4.8,Cafe
O993,C318,63,D340,R33,"Pizza Hut","Mumbai B10",Mumbai,2023-12-15,Veg,720,40,132,628,UPI,Occasional,4.8,Cafe
O994,C1206,25,D438,R77,KFC,"Delhi B6",Delhi,2023-08-19,Veg,780,52,22,810,UPI,Occasional,4.2,"Casual Dining"
O995,C553,65,D340,R169,KFC,"Mumbai B10",Mumbai,2024-02-24,Veg,212,33,99,146,UPI,Occasional,4.8,"Fast Food"
O996,C1062,40,D318,R293,KFC,"Mumbai B3",Mumbai,2023-07-23,Non-Veg,934,49,123,860,Cash,Regular,3.8,Cafe
O997,C1669,31,D651,R255,Dominos,"Pune B2",Pune,2024-01-20,Non-Veg,696,31,4,723,UPI,Premium,3.1,Cafe
O998,C564,69,D171,R11,"Biryani House","Pune B2",Pune,2023-10-18,Veg,620,22,89,553,Cash,Regular,3.8,"Fast Food"
O999,C1124,33,D764,R295,"Biryani House","Pune B5",Pune,2024-03-18,Veg,561,46,1,606,Card,Regular,4.3,Cafe
O1000,C1735,44,D285,R338,McDonalds,"Hyderabad B8",Hyderabad,2023-09-25,Non-Veg,767,60,109,718,Cash,Occasional,4.7,"Casual Dining"
O1001,C639,39,D204,R336,"Biryani House","Bangalore B9",Bangalore,2024-02-24,Veg,481,51,54,478,Cash,Premium,4.2,"Fast Food"
O1002,C728,36,D9,R118,KFC,"Mumbai B4",Mumbai,2024-04-09,Veg,402,53,69,386,Cash,Occasional,4.6,"Casual Dining"
O1003,C1128,34,D425,R112,"Biryani House","Pune B4",Pune,2023-12-15,Non-Veg,384,49,127,306,Cash,Occasional,3.7,"Casual Dining"
O1004,C692,32,D242,R260,KFC,"Mumbai B1",Mumbai,2023-12-07,Veg,958,42,81,919,Card,Premium,5,Cafe
O1005,C607,39,D123,R4,KFC,"Bangalore B2",Bangalore,2023-10-21,Non-Veg,496,50,147,399,UPI,Regular,3.4,"Fast Food"
O1006,C378,34,D507,R378,"Biryani House","Mumbai B8",Mumbai,2024-06-30,Non-Veg,847,47,115,779,UPI,Regular,3.3,Cafe
O1007,C1103,61,D125,R43,"Pizza Hut","Hyderabad B5",Hyderabad,2024-01-05,Non-Veg,723,51,111,663,UPI,Occasional,4.5,"Fast Food"
O1008,C536,26,D343,R5,KFC,"Delhi B4",Delhi,2023-08-18,Non-Veg,432,49,29,452,UPI,Regular,4.7,"Fast Food"
O1009,C1928,20,D809,R163,"Biryani House","Bangalore B1",Bangalore,2023-11-17,Veg,942,33,48,927,UPI,Premium,4.4,"Fast Food"
O1010,C1997,56,D679,R343,Dominos,"Bangalore B1",Bangalore,2024-01-27,Veg,923,29,145,807,Cash,Premium,3.6,"Fast Food"
O1011,C31,60,D455,R369,"Biryani House","Delhi B4",Delhi,2024-01-03,Non-Veg,391,22,150,263,Cash,Occasional,4.3,Cafe
O1012,C1623,32,D108,R201,KFC,"Hyderabad B8",Hyderabad,2023-05-27,Non-Veg,251,54,116,189,UPI,Premium,3.9,Cafe
O1013,C1548,69,D948,R228,McDonalds,"Delhi B6",Delhi,2024-06-07,Veg,978,22,67,933,Cash,Regular,3.7,Cafe
O1014,C1742,32,D629,R85,KFC,"Bangalore B1",Bangalore,2023-04-02,Non-Veg,642,31,108,565,UPI,Premium,3.5,"Fast Food"
O1015,C1737,32,D184,R325,KFC,"Hyderabad B4",Hyderabad,2024-05-04,Veg,824,33,89,768,Cash,Regular,4.8,"Casual Dining"
O1016,C1124,34,D223,R81,"Pizza Hut","Pune B7",Pune,2023-08-23,Non-Veg,396,56,29,423,Card,Regular,3.1,"Fast Food"
O1017,C1344,33,D865,R291,"Biryani House","Delhi B3",Delhi,2023-07-26,Veg,703,34,14,723,UPI,Regular,4.2,Cafe
O1018,C533,30,D943,R77,KFC,"Delhi B6",Delhi,2023-08-01,Veg,731,34,105,660,UPI,Regular,4.2,"Casual Dining"
O1019,C154,28,D255,R148,"Pizza Hut","Delhi B2",Delhi,2024-01-14,Non-Veg,424,33,100,357,Cash,Occasional,4.1,"Casual Dining"
O1020,C1212,33,D598,R341,KFC,"Pune B9",Pune,2023-07-30,Veg,237,27,145,119,UPI,Premium,3.1,Cafe
O1021,C1592,36,D707,R279,"Pizza Hut","Delhi B4",Delhi,2024-06-28,Veg,491,23,81,433,UPI,Regular,4.9,"Fast Food"
O1022,C1257,39,D208,R248,McDonalds,"Pune B1",Pune,2024-09-29,Non-Veg,235,29,84,180,UPI,Occasional,3.1,"Casual Dining"
O1023,C640,39,D988,R201,KFC,"Hyderabad B8",Hyderabad,2023-08-26,Non-Veg,287,46,82,251,UPI,Regular,4.9,Cafe
O1024,C1893,23,D990,R8,"Biryani House","Delhi B3",Delhi,2023-12-22,Veg,778,25,114,689,Cash,Occasional,3.5,"Casual Dining"
O1025,C1820,51,D663,R40,McDonalds,"Mumbai B7",Mumbai,2023-10-23,Non-Veg,932,33,125,840,UPI,Premium,3,"Casual Dining"
O1026,C985,32,D631,R388,Dominos,"Mumbai B9",Mumbai,2024-01-03,Veg,897,52,17,932,UPI,Premium,4.3,"Casual Dining"
O1027,C936,34,D331,R169,KFC,"Mumbai B10",Mumbai,2023-12-09,Veg,919,55,86,888,Cash,Occasional,3.7,"Fast Food"
O1028,C1635,36,D151,R247,"Biryani House","Mumbai B8",Mumbai,2024-01-27,Non-Veg,764,53,82,735,UPI,Regular,3.4,Cafe
O1029,C181,25,D618,R248,McDonalds,"Pune B1",Pune,2023-12-18,Veg,879,39,33,885,UPI,Occasional,4.4,"Casual Dining"
O1030,C1499,40,D571,R273,McDonalds,"Mumbai B9",Mumbai,2023-07-05,Veg,734,44,85,693,Cash,Premium,3,"Fast Food"
O1031,C1072,35,D147,R129,KFC,"Delhi B5",Delhi,2023-11-28,Veg,536,53,105,484,Cash,Occasional,4.6,"Fast Food"
O1032,C66,32,D888,R324,McDonalds,"Pune B8",Pune,2023-10-14,Non-Veg,343,55,121,277,Cash,Regular,4.2,"Casual Dining"
O1033,C1472,34,D609,R188,KFC,"Bangalore B1",Bangalore,2024-06-18,Non-Veg,389,39,149,279,Cash,Regular,3,Cafe
O1034,C1233,22,D939,R359,McDonalds,"Mumbai B9",Mumbai,2024-03-26,Non-Veg,919,34,99,854,UPI,Regular,3.1,"Fast Food"
O1035,C439,57,D705,R362,Dominos,"Bangalore B2",Bangalore,2024-02-02,Veg,321,34,78,277,UPI,Regular,3.1,Cafe
O1036,C1799,65,D182,R353,"Biryani House","Pune B2",Pune,2023-12-08,Veg,781,24,88,717,UPI,Regular,4.2,"Casual Dining"
O1037,C1103,32,D709,R309,McDonalds,"Hyderabad B6",Hyderabad,2024-06-19,Non-Veg,923,31,78,876,UPI,Occasional,3.7,Cafe
O1038,C294,28,D764,R62,McDonalds,"Pune B3",Pune,2024-04-26,Non-Veg,322,39,29,332,Cash,Premium,4.3,Cafe
O1039,C489,37,D683,R212,"Biryani House","Bangalore B6",Bangalore,2023-05-26,Non-Veg,744,47,18,773,UPI,Premium,5,"Casual Dining"
O1040,C1966,55,D429,R236,Dominos,"Hyderabad B9",Hyderabad,2024-05-03,Non-Veg,524,43,120,447,UPI,Occasional,3.1,"Fast Food"
O1041,C1342,41,D555,R357,Dominos,"Pune B7",Pune,2023-12-06,Non-Veg,249,34,46,237,Cash,Regular,4.5,"Casual Dining"
O1042,C367,32,D900,R98,KFC,"Delhi B2",Delhi,2023-11-17,Non-Veg,585,37,39,583,UPI,Occasional,4.4,"Fast Food"
O1043,C1944,34,D453,R102,McDonalds,"Mumbai B6",Mumbai,2023-09-08,Non-Veg,936,53,120,869,Cash,Premium,3.3,Cafe
O1044,C477,26,D457,R120,"Biryani House","Mumbai B9",Mumbai,2024-05-09,Non-Veg,744,21,34,731,UPI,Occasional,4.1,Cafe
O1045,C861,26,D635,R152,"Biryani House","Mumbai B8",Mumbai,2024-06-20,Non-Veg,738,47,66,719,Cash,Regular,4.5,Cafe
O1046,C1226,28,D171,R324,McDonalds,"Pune B8",Pune,2023-10-22,Veg,583,42,11,614,UPI,Premium,3.8,"Casual Dining"
O1047,C1597,29,D905,R290,"Biryani House","Pune B10",Pune,2024-02-11,Non-Veg,891,34,78,847,UPI,Occasional,3.6,Cafe
O1048,C1297,40,D811,R272,"Biryani House","Hyderabad B5",Hyderabad,2024-06-07,Non-Veg,591,33,69,555,UPI,Premium,4,Cafe
O1049,C764,68,D267,R398,"Biryani House","Delhi B7",Delhi,2023-07-28,Non-Veg,871,30,94,807,UPI,Premium,4.9,"Casual Dining"
O1050,C786,53,D172,R338,McDonalds,"Hyderabad B8",Hyderabad,2023-04-26,Non-Veg,263,58,74,247,Cash,Occasional,4.8,"Casual Dining"
O1051,C1808,29,D378,R359,McDonalds,"Mumbai B9",Mumbai,2023-04-28,Veg,760,28,100,688,UPI,Premium,4.6,"Fast Food"
O1052,C1750,40,D260,R4,KFC,"Bangalore B2",Bangalore,2023-06-10,Veg,422,35,63,394,UPI,Occasional,4.5,"Fast Food"
O1053,C183,34,D907,R168,"Biryani House","Hyderabad B9",Hyderabad,2023-11-14,Non-Veg,591,45,76,560,UPI,Regular,4.9,"Fast Food"
O1054,C915,51,D213,R244,"Pizza Hut","Delhi B10",Delhi,2023-09-21,Veg,890,50,34,906,UPI,Occasional,3.2,Cafe
O1055,C451,39,D213,R186,"Pizza Hut","Delhi B5",Delhi,2023-09-23,Non-Veg,950,27,90,887,UPI,Occasional,3.2,Cafe
O1056,C657,57,D716,R346,KFC,"Hyderabad B1",Hyderabad,2023-06-15,Veg,256,42,73,225,UPI,Regular,4.7,Cafe
O1057,C37,35,D154,R326,McDonalds,"Pune B7",Pune,2023-06-22,Veg,226,33,140,119,UPI,Premium,4.2,"Casual Dining"
O1058,C407,64,D186,R59,"Biryani House","Bangalore B6",Bangalore,2024-03-28,Non-Veg,893,39,139,793,Cash,Regular,3,"Fast Food"
O1059,C906,33,D511,R98,KFC,"Delhi B2",Delhi,2024-05-30,Veg,501,23,78,446,UPI,Occasional,4.1,"Fast Food"
O1060,C496,29,D32,R138,"Pizza Hut","Hyderabad B5",Hyderabad,2023-10-10,Non-Veg,464,21,82,403,Cash,Regular,4.3,"Fast Food"
O1061,C1246,26,D426,R79,McDonalds,"Delhi B4",Delhi,2024-01-21,Veg,656,55,127,584,UPI,Occasional,3.4,Cafe
O1062,C1770,53,D914,R165,"Biryani House","Hyderabad B3",Hyderabad,2024-07-04,Non-Veg,541,21,58,504,Cash,Premium,3.5,"Casual Dining"
O1063,C936,28,D832,R60,"Pizza Hut","Mumbai B3",Mumbai,2024-06-16,Veg,246,49,2,293,UPI,Occasional,4.9,Cafe
O1064,C635,54,D927,R80,KFC,"Pune B10",Pune,2023-01-30,Veg,971,50,88,933,UPI,Occasional,4.4,"Fast Food"
O1065,C1282,27,D961,R130,Dominos,"Delhi B3",Delhi,2023-05-25,Non-Veg,503,29,127,405,Cash,Premium,4.7,"Casual Dining"
O1066,C1325,29,D678,R223,McDonalds,"Bangalore B5",Bangalore,2023-12-31,Veg,703,57,131,629,UPI,Premium,3.3,"Fast Food"
O1067,C1658,53,D529,R250,McDonalds,"Delhi B8",Delhi,2024-04-01,Non-Veg,627,20,40,607,Cash,Premium,3.2,"Fast Food"
O1068,C2,39,D215,R350,"Pizza Hut","Pune B2",Pune,2024-05-04,Non-Veg,901,43,108,836,UPI,Premium,4.3,"Casual Dining"
O1069,C1658,59,D175,R147,McDonalds,"Delhi B9",Delhi,2023-08-02,Veg,597,56,145,508,Cash,Premium,4.4,"Casual Dining"
O1070,C1176,36,D394,R282,"Biryani House","Delhi B8",Delhi,2024-07-31,Non-Veg,765,24,148,641,UPI,Occasional,3,Cafe
O1071,C748,20,D856,R332,KFC,"Mumbai B10",Mumbai,2024-02-13,Veg,814,35,52,797,UPI,Regular,3.1,"Fast Food"
O1072,C705,35,D705,R114,"Biryani House","Bangalore B2",Bangalore,2023-09-04,Veg,689,33,94,628,UPI,Regular,3.1,"Fast Food"
O1073,C1457,28,D902,R346,KFC,"Hyderabad B1",Hyderabad,2023-11-03,Veg,258,36,106,188,UPI,Regular,3.1,Cafe
O1074,C698,32,D589,R58,Dominos,"Hyderabad B2",Hyderabad,2024-03-01,Non-Veg,532,49,70,511,Cash,Premium,4.1,"Fast Food"
O1075,C1869,34,D855,R263,KFC,"Hyderabad B3",Hyderabad,2023-08-21,Veg,297,58,65,290,UPI,Premium,3.8,Cafe
O1076,C848,27,D624,R78,"Pizza Hut","Pune B1",Pune,2023-07-09,Non-Veg,983,35,146,872,Cash,Premium,3.5,"Fast Food"
O1077,C1842,47,D245,R138,"Pizza Hut","Hyderabad B5",Hyderabad,2023-04-30,Veg,281,22,74,229,Cash,Occasional,4.7,"Fast Food"
O1078,C1158,33,D172,R16,McDonalds,"Hyderabad B9",Hyderabad,2023-10-13,Non-Veg,301,53,66,288,Cash,Regular,4.8,"Fast Food"
O1079,C987,36,D784,R340,McDonalds,"Pune B3",Pune,2023-11-03,Non-Veg,737,20,80,677,UPI,Premium,4.9,"Casual Dining"
O1080,C224,59,D96,R323,"Pizza Hut","Bangalore B3",Bangalore,2023-07-12,Non-Veg,224,56,117,163,UPI,Premium,4.9,"Casual Dining"
O1081,C1573,34,D680,R326,McDonalds,"Pune B7",Pune,2023-11-15,Veg,564,42,24,582,UPI,Regular,4.4,"Casual Dining"
O1082,C1566,32,D379,R380,"Pizza Hut","Hyderabad B4",Hyderabad,2023-05-25,Non-Veg,340,41,42,339,UPI,Regular,4.9,"Casual Dining"
O1083,C1662,39,D207,R9,"Pizza Hut","Hyderabad B2",Hyderabad,2024-01-19,Veg,995,49,58,986,Cash,Regular,4.3,"Fast Food"
O1084,C1835,50,D845,R172,"Biryani House","Pune B1",Pune,2023-05-19,Non-Veg,985,58,139,904,Cash,Premium,4.2,"Fast Food"
O1085,C141,33,D465,R80,KFC,"Pune B10",Pune,2023-04-24,Veg,425,45,128,342,UPI,Premium,4.3,"Fast Food"
O1086,C1499,36,D715,R60,"Pizza Hut","Mumbai B3",Mumbai,2024-03-11,Non-Veg,686,54,22,718,Cash,Premium,3.3,Cafe
O1087,C548,35,D765,R231,"Biryani House","Mumbai B7",Mumbai,2024-06-27,Veg,548,20,55,513,Cash,Occasional,5,"Casual Dining"
O1088,C1758,37,D252,R139,KFC,"Mumbai B6",Mumbai,2023-11-16,Veg,532,44,25,551,UPI,Regular,4.8,"Casual Dining"
O1089,C1691,38,D448,R213,Dominos,"Mumbai B2",Mumbai,2024-03-21,Veg,437,41,143,335,Cash,Occasional,4.1,Cafe
O1090,C1340,32,D834,R136,McDonalds,"Bangalore B3",Bangalore,2023-05-06,Veg,813,58,0,871,Cash,Premium,4.1,"Casual Dining"
O1091,C1220,61,D98,R118,KFC,"Mumbai B4",Mumbai,2023-11-20,Veg,657,30,59,628,UPI,Occasional,4.4,"Casual Dining"
O1092,C1657,20,D609,R365,"Pizza Hut","Bangalore B7",Bangalore,2024-03-20,Veg,379,30,133,276,UPI,Premium,3,"Casual Dining"
O1093,C1715,37,D381,R351,"Pizza Hut","Delhi B9",Delhi,2024-03-08,Non-Veg,749,52,23,778,Cash,Premium,3.1,"Fast Food"
O1094,C1986,19,D210,R140,"Pizza Hut","Pune B5",Pune,2023-07-15,Non-Veg,862,40,49,853,UPI,Regular,3.3,Cafe
O1095,C836,29,D940,R293,KFC,"Mumbai B3",Mumbai,2023-09-21,Non-Veg,735,23,52,706,UPI,Regular,3.5,Cafe
O1096,C153,61,D851,R375,McDonalds,"Bangalore B3",Bangalore,2023-05-29,Non-Veg,516,52,20,548,UPI,Premium,4.9,"Fast Food"
O1097,C561,31,D306,R387,KFC,"Pune B7",Pune,2024-04-08,Non-Veg,754,55,56,753,Cash,Regular,3.9,"Casual Dining"
O1098,C958,29,D468,R203,"Pizza Hut","Hyderabad B9",Hyderabad,2023-08-18,Veg,573,32,20,585,UPI,Premium,3.5,"Fast Food"
O1099,C853,64,D320,R257,Dominos,"Bangalore B3",Bangalore,2023-11-29,Non-Veg,342,20,82,280,Cash,Regular,4.9,Cafe
O1100,C1428,21,D691,R20,"Pizza Hut","Delhi B4",Delhi,2023-02-21,Non-Veg,675,35,127,583,UPI,Occasional,4.5,"Casual Dining"
O1101,C865,28,D548,R35,McDonalds,"Bangalore B6",Bangalore,2023-07-03,Non-Veg,242,26,147,121,Cash,Regular,3.5,"Casual Dining"
O1102,C1205,40,D930,R294,"Biryani House","Hyderabad B1",Hyderabad,2023-08-13,Non-Veg,498,44,127,415,UPI,Regular,3,"Casual Dining"
O1103,C1101,36,D139,R338,McDonalds,"Hyderabad B8",Hyderabad,2023-10-06,Veg,390,36,56,370,UPI,Regular,3.5,"Casual Dining"
O1104,C1014,34,D64,R72,McDonalds,"Pune B10",Pune,2023-10-06,Non-Veg,212,37,52,197,Cash,Occasional,3.7,"Casual Dining"
O1105,C40,40,D43,R245,"Pizza Hut","Mumbai B8",Mumbai,2023-07-10,Veg,311,30,138,203,UPI,Occasional,3.8,Cafe
O1106,C1105,31,D273,R391,McDonalds,"Delhi B5",Delhi,2023-08-04,Non-Veg,753,23,43,733,UPI,Premium,4.2,"Casual Dining"
O1107,C1161,38,D340,R40,McDonalds,"Mumbai B7",Mumbai,2023-10-02,Non-Veg,946,40,108,878,UPI,Premium,4.8,"Casual Dining"
O1108,C1705,40,D571,R330,KFC,"Mumbai B1",Mumbai,2023-11-01,Veg,589,55,32,612,Card,Regular,3,Cafe
O1109,C733,26,D61,R74,McDonalds,"Mumbai B3",Mumbai,2024-08-06,Veg,955,20,134,841,Cash,Regular,3.1,"Casual Dining"
O1110,C1337,36,D318,R198,"Pizza Hut","Mumbai B6",Mumbai,2023-05-25,Non-Veg,240,54,121,173,UPI,Regular,3.8,"Fast Food"
O1111,C939,39,D464,R318,"Pizza Hut","Hyderabad B3",Hyderabad,2024-08-18,Veg,615,21,22,614,UPI,Regular,3.2,Cafe
O1112,C1529,34,D507,R262,McDonalds,"Mumbai B10",Mumbai,2023-12-30,Veg,492,40,39,493,UPI,Premium,3.3,"Casual Dining"
O1113,C1955,38,D308,R225,KFC,"Bangalore B7",Bangalore,2023-09-13,Non-Veg,920,33,99,854,UPI,Occasional,4.7,Cafe
O1114,C1174,32,D141,R356,"Biryani House","Pune B8",Pune,2023-08-16,Non-Veg,754,37,89,702,UPI,Occasional,3.2,"Casual Dining"
O1115,C706,44,D924,R134,"Biryani House","Delhi B8",Delhi,2023-11-06,Veg,232,60,49,243,Cash,Regular,4.3,Cafe
O1116,C373,29,D526,R389,"Biryani House","Bangalore B7",Bangalore,2024-02-28,Veg,562,36,83,515,Cash,Premium,4.9,"Fast Food"
O1117,C1420,37,D267,R7,"Biryani House","Delhi B7",Delhi,2023-04-02,Veg,392,29,68,353,UPI,Occasional,4.9,Cafe
O1118,C146,54,D23,R17,"Biryani House","Delhi B10",Delhi,2023-09-22,Veg,375,42,108,309,UPI,Premium,4.4,Cafe
O1119,C867,39,D896,R276,"Pizza Hut","Hyderabad B9",Hyderabad,2023-05-20,Non-Veg,366,41,44,363,UPI,Premium,4.3,Cafe
O1120,C429,33,D455,R148,"Pizza Hut","Delhi B2",Delhi,2023-10-28,Non-Veg,394,46,23,417,UPI,Regular,4.3,"Casual Dining"
O1121,C68,30,D81,R358,"Pizza Hut","Delhi B10",Delhi,2023-11-13,Non-Veg,429,30,119,340,UPI,Occasional,4.3,"Fast Food"
O1122,C1905,27,D684,R327,Dominos,"Pune B8",Pune,2023-06-04,Veg,207,22,77,152,Cash,Premium,4.6,Cafe
O1123,C1384,25,D951,R354,McDonalds,"Bangalore B7",Bangalore,2024-05-19,Non-Veg,273,28,71,230,Cash,Regular,3.9,"Fast Food"
O1124,C623,26,D296,R164,"Biryani House","Pune B5",Pune,2024-02-11,Non-Veg,306,60,93,273,UPI,Regular,3.9,Cafe
O1125,C452,37,D596,R113,"Pizza Hut","Mumbai B5",Mumbai,2023-08-28,Non-Veg,385,24,8,401,Cash,Regular,4.3,Cafe
O1126,C1428,52,D99,R64,KFC,"Delhi B7",Delhi,2024-07-08,Non-Veg,765,33,137,661,UPI,Occasional,3.9,"Fast Food"
O1127,C996,29,D525,R98,KFC,"Delhi B2",Delhi,2024-01-31,Non-Veg,438,32,54,416,Cash,Regular,4.7,"Fast Food"
O1128,C1956,27,D40,R320,"Pizza Hut","Mumbai B2",Mumbai,2023-04-09,Non-Veg,310,23,135,198,UPI,Occasional,4.4,Cafe
O1129,C242,36,D509,R124,"Pizza Hut","Hyderabad B1",Hyderabad,2023-07-19,Non-Veg,295,42,139,198,UPI,Premium,3.9,"Fast Food"
O1130,C640,38,D338,R268,"Biryani House","Hyderabad B4",Hyderabad,2023-06-29,Non-Veg,410,54,45,419,Cash,Regular,3.4,"Fast Food"
O1131,C901,28,D315,R342,"Biryani House","Pune B5",Pune,2023-12-26,Veg,697,35,26,706,Cash,Regular,3,"Fast Food"
O1132,C615,26,D301,R48,"Pizza Hut","Mumbai B10",Mumbai,2023-08-22,Veg,708,33,22,719,Cash,Premium,3.5,"Casual Dining"
O1133,C604,37,D883,R187,KFC,"Delhi B8",Delhi,2023-11-12,Veg,233,31,91,173,Card,Regular,3.9,"Casual Dining"
O1134,C133,35,D256,R394,McDonalds,"Pune B2",Pune,2023-04-24,Veg,232,32,3,261,Cash,Premium,3.9,"Fast Food"
O1135,C950,32,D922,R354,McDonalds,"Bangalore B7",Bangalore,2023-11-04,Non-Veg,991,34,105,920,UPI,Regular,3.6,"Fast Food"
O1136,C1761,18,D711,R378,"Biryani House","Mumbai B8",Mumbai,2023-12-29,Non-Veg,831,48,24,855,Cash,Premium,4.5,Cafe
O1137,C49,37,D710,R318,"Pizza Hut","Hyderabad B3",Hyderabad,2024-03-20,Veg,459,42,15,486,UPI,Regular,3.1,Cafe
O1138,C432,39,D66,R305,Dominos,"Bangalore B1",Bangalore,2023-11-09,Non-Veg,648,39,88,599,Cash,Occasional,3.8,"Fast Food"
O1139,C539,26,D255,R123,Dominos,"Delhi B2",Delhi,2024-02-26,Veg,401,28,141,288,UPI,Occasional,4.1,"Fast Food"
O1140,C1943,31,D475,R225,KFC,"Bangalore B7",Bangalore,2024-03-30,Non-Veg,548,36,83,501,UPI,Regular,3.1,Cafe
O1141,C1951,27,D522,R76,"Biryani House","Mumbai B9",Mumbai,2023-10-05,Veg,380,38,64,354,UPI,Occasional,3.1,Cafe
O1142,C893,38,D771,R50,"Biryani House","Hyderabad B5",Hyderabad,2024-01-03,Non-Veg,840,55,13,882,Cash,Regular,4.6,Cafe
O1143,C1355,28,D496,R279,"Pizza Hut","Delhi B4",Delhi,2023-09-11,Veg,236,31,33,234,UPI,Premium,3.4,"Fast Food"
O1144,C1003,29,D25,R227,McDonalds,"Hyderabad B4",Hyderabad,2023-07-18,Non-Veg,885,39,7,917,UPI,Regular,3.1,"Casual Dining"
O1145,C81,38,D847,R30,"Pizza Hut","Mumbai B5",Mumbai,2023-09-27,Non-Veg,525,29,14,540,UPI,Occasional,4.4,"Casual Dining"
O1146,C1351,27,D80,R110,Dominos,"Delhi B1",Delhi,2024-04-05,Non-Veg,272,21,32,261,UPI,Occasional,4.3,"Fast Food"
O1147,C1524,25,D663,R293,KFC,"Mumbai B3",Mumbai,2023-09-16,Veg,900,57,14,943,Cash,Premium,3,Cafe
O1148,C992,29,D578,R384,McDonalds,"Hyderabad B2",Hyderabad,2023-09-01,Veg,336,37,94,279,UPI,Premium,3,Cafe
O1149,C1497,40,D738,R257,Dominos,"Bangalore B3",Bangalore,2024-06-09,Non-Veg,811,36,130,717,UPI,Occasional,4.3,Cafe
O1150,C1363,38,D62,R293,KFC,"Mumbai B3",Mumbai,2023-10-30,Non-Veg,357,24,123,258,UPI,Occasional,4.2,Cafe
O1151,C541,30,D3,R33,"Pizza Hut","Mumbai B10",Mumbai,2023-04-21,Non-Veg,284,23,17,290,UPI,Regular,4.7,Cafe
O1152,C1663,33,D788,R223,McDonalds,"Bangalore B5",Bangalore,2024-07-17,Veg,671,30,125,576,Cash,Occasional,4.3,"Fast Food"
O1153,C787,40,D514,R242,McDonalds,"Pune B8",Pune,2023-12-16,Veg,827,22,139,710,UPI,Regular,3.9,"Fast Food"
O1154,C1501,36,D625,R154,"Pizza Hut","Bangalore B7",Bangalore,2023-02-24,Veg,380,60,121,319,UPI,Premium,3.3,"Fast Food"
O1155,C1414,30,D64,R14,Dominos,"Pune B7",Pune,2023-09-11,Non-Veg,728,20,132,616,UPI,Occasional,3.7,Cafe
O1156,C1590,36,D586,R67,McDonalds,"Bangalore B4",Bangalore,2023-09-20,Non-Veg,517,39,69,487,Card,Premium,4.3,"Fast Food"
O1157,C1597,35,D344,R327,Dominos,"Pune B8",Pune,2024-01-31,Veg,316,59,129,246,UPI,Occasional,3.3,Cafe
O1158,C1590,39,D320,R257,Dominos,"Bangalore B3",Bangalore,2023-09-05,Veg,570,46,110,506,Cash,Premium,4.9,Cafe
O1159,C1322,34,D478,R246,"Biryani House","Delhi B1",Delhi,2024-05-14,Veg,759,47,50,756,UPI,Occasional,3.1,"Fast Food"
O1160,C1464,43,D423,R87,KFC,"Delhi B7",Delhi,2023-05-30,Veg,939,32,4,967,UPI,Regular,3.9,"Fast Food"
O1161,C386,31,D907,R338,McDonalds,"Hyderabad B8",Hyderabad,2023-11-27,Veg,854,60,63,851,UPI,Occasional,4.9,"Casual Dining"
O1162,C782,59,D345,R58,Dominos,"Hyderabad B2",Hyderabad,2023-07-05,Non-Veg,953,30,123,860,Cash,Occasional,3.2,"Fast Food"
O1163,C193,25,D132,R169,KFC,"Mumbai B10",Mumbai,2023-08-06,Non-Veg,953,35,141,847,UPI,Regular,4.4,"Fast Food"
O1164,C1033,27,D699,R331,"Biryani House","Bangalore B7",Bangalore,2023-11-27,Non-Veg,402,52,19,435,UPI,Regular,4.5,"Casual Dining"
O1165,C1885,36,D929,R372,"Pizza Hut","Bangalore B6",Bangalore,2024-01-14,Veg,555,27,90,492,UPI,Occasional,4,"Casual Dining"
O1166,C56,46,D298,R398,"Biryani House","Delhi B7",Delhi,2024-06-12,Veg,615,35,38,612,UPI,Premium,4.8,"Casual Dining"
O1167,C214,29,D886,R153,KFC,"Bangalore B1",Bangalore,2024-04-12,Non-Veg,201,24,86,139,UPI,Occasional,4.6,"Casual Dining"
O1168,C1409,39,D630,R364,"Pizza Hut","Bangalore B5",Bangalore,2023-11-15,Veg,914,22,84,852,UPI,Occasional,4,Cafe
O1169,C775,30,D796,R334,"Biryani House","Hyderabad B10",Hyderabad,2023-05-15,Veg,875,44,33,886,Cash,Occasional,3.3,Cafe
O1170,C1782,32,D144,R106,Dominos,"Mumbai B10",Mumbai,2023-07-17,Non-Veg,258,29,80,207,Cash,Occasional,3.9,"Fast Food"
O1171,C621,29,D926,R141,Dominos,"Delhi B6",Delhi,2023-05-12,Non-Veg,866,49,85,830,UPI,Premium,4.1,"Fast Food"
O1172,C230,38,D698,R154,"Pizza Hut","Bangalore B7",Bangalore,2023-10-20,Veg,466,33,128,371,UPI,Premium,3.1,"Fast Food"
O1173,C1919,33,D163,R227,McDonalds,"Hyderabad B4",Hyderabad,2024-01-31,Veg,844,58,26,876,UPI,Occasional,4.1,"Casual Dining"
O1174,C4,37,D153,R117,Dominos,"Delhi B1",Delhi,2023-03-23,Non-Veg,257,20,44,233,Cash,Regular,3.9,Cafe
O1175,C1680,58,D948,R156,Dominos,"Delhi B5",Delhi,2023-12-30,Non-Veg,324,24,92,256,Cash,Regular,3.7,Cafe
O1176,C190,25,D78,R103,"Pizza Hut","Hyderabad B1",Hyderabad,2023-12-05,Veg,417,49,24,442,Cash,Premium,3.6,Cafe
O1177,C1734,33,D136,R36,"Biryani House","Delhi B6",Delhi,2023-07-08,Veg,543,47,27,563,Cash,Premium,3.8,Cafe
O1178,C742,60,D650,R307,KFC,"Bangalore B6",Bangalore,2024-05-16,Veg,694,29,129,594,UPI,Regular,4.4,Cafe
O1179,C234,27,D746,R51,"Pizza Hut","Hyderabad B9",Hyderabad,2023-10-10,Veg,610,57,32,635,Cash,Regular,4.7,Cafe
O1180,C595,37,D870,R300,"Pizza Hut","Pune B8",Pune,2023-10-09,Non-Veg,761,32,137,656,UPI,Premium,4.6,"Fast Food"
O1181,C640,36,D589,R236,Dominos,"Hyderabad B9",Hyderabad,2023-09-28,Non-Veg,303,57,70,290,UPI,Regular,4.1,"Fast Food"
O1182,C1167,40,D763,R63,Dominos,"Delhi B3",Delhi,2024-02-01,Veg,218,46,31,233,Cash,Premium,4.9,Cafe
O1183,C1742,36,D650,R284,"Pizza Hut","Bangalore B10",Bangalore,2024-05-19,Non-Veg,976,57,38,995,Cash,Premium,4.4,Cafe
O1184,C91,33,D654,R73,Dominos,"Bangalore B1",Bangalore,2024-07-18,Non-Veg,663,52,125,590,UPI,Occasional,4.2,Cafe
O1185,C24,30,D28,R78,"Pizza Hut","Pune B1",Pune,2023-10-14,Veg,502,21,65,458,UPI,Premium,4,"Fast Food"
O1186,C248,31,D416,R299,"Pizza Hut","Pune B3",Pune,2023-09-16,Non-Veg,606,53,24,635,Card,Regular,3.9,Cafe
O1187,C1794,42,D800,R245,"Pizza Hut","Mumbai B8",Mumbai,2023-07-28,Non-Veg,693,25,104,614,UPI,Premium,4,Cafe
O1188,C1219,40,D344,R172,"Biryani House","Pune B1",Pune,2024-02-17,Veg,615,36,141,510,Cash,Regular,3.3,"Fast Food"
O1189,C286,28,D612,R170,"Pizza Hut","Mumbai B3",Mumbai,2024-03-13,Non-Veg,942,27,103,866,UPI,Occasional,4.4,Cafe
O1190,C483,39,D880,R92,"Biryani House","Delhi B9",Delhi,2023-05-26,Veg,804,37,137,704,UPI,Premium,3.6,"Casual Dining"
O1191,C1354,29,D151,R392,"Biryani House","Mumbai B2",Mumbai,2023-12-14,Veg,527,43,111,459,Cash,Premium,3.4,"Casual Dining"
O1192,C1758,33,D947,R204,"Pizza Hut","Mumbai B1",Mumbai,2023-06-15,Veg,362,21,91,292,UPI,Regular,3.3,"Fast Food"
O1193,C612,38,D296,R218,McDonalds,"Pune B2",Pune,2023-09-01,Veg,649,56,107,598,Cash,Occasional,3.9,"Fast Food"
O1194,C568,42,D338,R16,McDonalds,"Hyderabad B9",Hyderabad,2023-05-20,Veg,655,46,89,612,UPI,Occasional,3.4,"Fast Food"
O1195,C202,49,D597,R303,"Pizza Hut","Delhi B3",Delhi,2023-10-16,Veg,741,42,137,646,UPI,Regular,4.9,"Casual Dining"
O1196,C1789,54,D771,R302,"Biryani House","Hyderabad B5",Hyderabad,2024-05-08,Veg,231,52,56,227,Cash,Occasional,4.6,"Fast Food"
O1197,C1954,38,D690,R182,McDonalds,"Delhi B9",Delhi,2023-10-20,Non-Veg,810,59,113,756,Cash,Occasional,3.5,"Casual Dining"
O1198,C838,36,D318,R61,"Pizza Hut","Mumbai B6",Mumbai,2023-12-03,Veg,774,20,122,672,UPI,Occasional,3.8,"Fast Food"
O1199,C459,27,D151,R399,"Pizza Hut","Mumbai B7",Mumbai,2023-11-21,Non-Veg,431,26,78,379,UPI,Premium,3.4,"Fast Food"
O1200,C465,31,D507,R40,McDonalds,"Mumbai B7",Mumbai,2024-07-21,Non-Veg,528,20,109,439,UPI,Regular,3.3,"Casual Dining"
O1201,C1607,28,D438,R286,"Biryani House","Delhi B6",Delhi,2023-09-17,Veg,409,49,132,326,UPI,Premium,4.2,Cafe
O1202,C1340,38,D634,R371,"Biryani House","Bangalore B8",Bangalore,2024-01-21,Non-Veg,764,34,105,693,Cash,Premium,4.2,"Fast Food"
O1203,C252,37,D174,R107,KFC,"Pune B4",Pune,2023-03-25,Veg,677,36,30,683,UPI,Regular,4.2,"Casual Dining"
O1204,C1373,26,D29,R229,"Pizza Hut","Bangalore B9",Bangalore,2023-05-13,Veg,537,39,64,512,UPI,Premium,4.7,"Fast Food"
O1205,C1024,32,D692,R295,"Biryani House","Pune B5",Pune,2023-07-18,Veg,525,39,48,516,Cash,Occasional,4.8,Cafe
O1206,C1979,61,D582,R214,"Pizza Hut","Mumbai B3",Mumbai,2023-09-18,Veg,742,37,130,649,Cash,Occasional,4.6,"Fast Food"
O1207,C1987,30,D795,R173,KFC,"Mumbai B10",Mumbai,2023-10-22,Non-Veg,243,27,62,208,Cash,Occasional,3.1,"Fast Food"
O1208,C1768,51,D593,R391,McDonalds,"Delhi B5",Delhi,2024-05-19,Non-Veg,631,51,149,533,Cash,Regular,3.1,"Casual Dining"
O1209,C41,36,D926,R26,KFC,"Delhi B4",Delhi,2023-03-05,Veg,952,26,26,952,UPI,Regular,4.1,Cafe
O1210,C1091,32,D134,R291,"Biryani House","Delhi B3",Delhi,2024-04-24,Non-Veg,597,37,42,592,Cash,Premium,4.7,Cafe
O1211,C1117,20,D374,R109,Dominos,"Bangalore B3",Bangalore,2023-10-22,Non-Veg,864,30,54,840,Cash,Regular,4.8,Cafe
O1212,C1455,39,D878,R48,"Pizza Hut","Mumbai B10",Mumbai,2023-06-29,Non-Veg,604,38,81,561,UPI,Regular,3.1,"Casual Dining"
O1213,C544,35,D230,R41,McDonalds,"Mumbai B6",Mumbai,2024-07-12,Non-Veg,814,32,78,768,UPI,Regular,4.7,Cafe
O1214,C1511,28,D627,R174,Dominos,"Pune B8",Pune,2024-06-18,Veg,433,35,136,332,Cash,Premium,3.7,Cafe
O1215,C1674,42,D148,R344,KFC,"Delhi B8",Delhi,2024-02-22,Veg,778,54,4,828,UPI,Premium,3.7,"Fast Food"
O1216,C883,47,D252,R66,Dominos,"Mumbai B5",Mumbai,2023-12-30,Veg,728,33,114,647,UPI,Occasional,4.8,"Casual Dining"
O1217,C1421,39,D42,R368,Dominos,"Bangalore B4",Bangalore,2023-09-16,Veg,829,38,9,858,UPI,Premium,3.7,Cafe
O1218,C207,28,D74,R315,Dominos,"Bangalore B10",Bangalore,2023-09-27,Veg,314,47,54,307,UPI,Regular,3.8,Cafe
O1219,C446,31,D957,R203,"Pizza Hut","Hyderabad B9",Hyderabad,2023-09-02,Veg,446,58,141,363,Cash,Regular,4.8,"Fast Food"
O1220,C1498,30,D172,R51,"Pizza Hut","Hyderabad B9",Hyderabad,2023-08-29,Non-Veg,475,54,72,457,UPI,Occasional,4.8,Cafe
O1221,C237,32,D468,R24,"Pizza Hut","Hyderabad B3",Hyderabad,2023-11-06,Non-Veg,950,38,115,873,UPI,Premium,3.5,"Fast Food"
O1222,C964,31,D695,R168,"Biryani House","Hyderabad B9",Hyderabad,2023-06-30,Veg,342,20,77,285,UPI,Premium,4.1,"Fast Food"
O1223,C1505,28,D167,R155,KFC,"Delhi B5",Delhi,2024-04-22,Veg,264,37,141,160,Cash,Occasional,3.9,"Fast Food"
O1224,C938,25,D162,R150,"Pizza Hut","Hyderabad B2",Hyderabad,2024-06-10,Veg,285,45,41,289,Cash,Premium,4.6,"Casual Dining"
O1225,C813,32,D387,R120,"Biryani House","Mumbai B9",Mumbai,2023-11-02,Non-Veg,472,59,119,412,UPI,Occasional,3.2,Cafe
O1226,C1190,37,D142,R115,Dominos,"Pune B10",Pune,2023-12-23,Non-Veg,724,59,25,758,UPI,Regular,4.6,"Casual Dining"
O1227,C1633,38,D921,R56,"Pizza Hut","Bangalore B7",Bangalore,2023-08-18,Veg,860,25,51,834,UPI,Regular,3.5,"Casual Dining"
O1228,C1767,25,D429,R195,"Pizza Hut","Hyderabad B9",Hyderabad,2024-06-04,Non-Veg,648,58,40,666,UPI,Regular,3.1,Cafe
O1229,C254,30,D610,R14,Dominos,"Pune B7",Pune,2023-12-15,Veg,408,20,110,318,UPI,Premium,5,Cafe
O1230,C1427,30,D926,R134,"Biryani House","Delhi B8",Delhi,2023-08-31,Non-Veg,814,40,129,725,UPI,Occasional,4.1,Cafe
O1231,C559,35,D93,R27,McDonalds,"Pune B3",Pune,2023-12-24,Veg,261,37,2,296,UPI,Premium,3.6,Cafe
O1232,C272,39,D236,R151,"Biryani House","Hyderabad B10",Hyderabad,2023-07-10,Veg,513,25,132,406,Cash,Premium,4.3,"Fast Food"
O1233,C1827,30,D743,R321,Dominos,"Pune B1",Pune,2024-04-30,Non-Veg,863,32,118,777,UPI,Regular,4.7,"Casual Dining"
O1234,C1957,37,D614,R75,Dominos,"Pune B10",Pune,2024-01-25,Non-Veg,873,43,117,799,UPI,Regular,3.6,Cafe
O1235,C1494,48,D100,R80,KFC,"Pune B10",Pune,2024-03-09,Non-Veg,814,45,41,818,Cash,Occasional,3,"Fast Food"
O1236,C387,47,D205,R137,McDonalds,"Mumbai B9",Mumbai,2023-12-01,Non-Veg,411,54,24,441,UPI,Premium,4.6,"Casual Dining"
O1237,C476,30,D202,R393,"Pizza Hut","Pune B6",Pune,2023-09-26,Non-Veg,588,33,78,543,UPI,Regular,3.9,"Casual Dining"
O1238,C726,36,D59,R211,"Pizza Hut","Bangalore B4",Bangalore,2024-03-02,Non-Veg,458,49,67,440,Cash,Regular,3.4,Cafe
O1239,C857,68,D109,R50,"Biryani House","Hyderabad B5",Hyderabad,2023-10-12,Veg,448,29,94,383,UPI,Occasional,3.2,Cafe
O1240,C1703,30,D243,R394,McDonalds,"Pune B2",Pune,2024-09-06,Non-Veg,494,60,135,419,UPI,Premium,4.6,"Fast Food"
O1241,C1796,38,D209,R330,KFC,"Mumbai B1",Mumbai,2023-08-10,Non-Veg,408,49,26,431,Cash,Regular,3.5,Cafe
O1242,C63,40,D113,R148,"Pizza Hut","Delhi B2",Delhi,2023-10-06,Veg,975,31,20,986,UPI,Regular,4.3,"Casual Dining"
O1243,C1639,36,D283,R147,McDonalds,"Delhi B9",Delhi,2023-08-15,Veg,312,36,50,298,UPI,Premium,3.7,"Casual Dining"
O1244,C1041,33,D488,R396,"Pizza Hut","Bangalore B8",Bangalore,2024-01-01,Veg,896,45,50,891,UPI,Premium,3.1,Cafe
O1245,C1732,28,D690,R391,McDonalds,"Delhi B5",Delhi,2023-05-08,Non-Veg,738,55,70,723,UPI,Occasional,3.5,"Casual Dining"
O1246,C974,38,D598,R356,"Biryani House","Pune B8",Pune,2024-04-14,Veg,545,40,104,481,UPI,Occasional,3.1,"Casual Dining"
O1247,C1502,32,D745,R18,McDonalds,"Pune B5",Pune,2024-10-12,Non-Veg,476,41,57,460,Cash,Occasional,4.9,"Fast Food"
O1248,C1075,25,D442,R88,"Biryani House","Delhi B4",Delhi,2023-08-30,Veg,247,28,74,201,UPI,Occasional,4.5,"Casual Dining"
O1249,C990,31,D283,R121,"Biryani House","Delhi B9",Delhi,2024-03-10,Non-Veg,917,25,150,792,Cash,Premium,3.7,"Fast Food"
O1250,C1645,40,D12,R375,McDonalds,"Bangalore B3",Bangalore,2023-10-29,Non-Veg,297,33,57,273,UPI,Premium,4.7,"Fast Food"
O1251,C744,39,D182,R341,KFC,"Pune B9",Pune,2024-03-11,Veg,343,55,27,371,UPI,Regular,4.2,Cafe
O1252,C1804,40,D544,R179,McDonalds,"Hyderabad B8",Hyderabad,2024-04-10,Veg,501,41,124,418,UPI,Occasional,3.7,"Casual Dining"
O1253,C1476,26,D149,R148,"Pizza Hut","Delhi B2",Delhi,2024-01-04,Non-Veg,446,20,147,319,UPI,Regular,4.6,"Casual Dining"
O1254,C1383,36,D825,R132,McDonalds,"Hyderabad B1",Hyderabad,2024-08-02,Non-Veg,323,43,70,296,Cash,Occasional,3,Cafe
O1255,C626,25,D47,R348,Dominos,"Bangalore B4",Bangalore,2024-02-14,Veg,540,43,42,541,UPI,Occasional,4.5,Cafe
O1256,C484,31,D868,R57,KFC,"Pune B2",Pune,2023-12-18,Non-Veg,955,33,0,988,UPI,Premium,4.9,"Casual Dining"
O1257,C1190,70,D653,R11,"Biryani House","Pune B2",Pune,2023-09-03,Veg,659,50,15,694,Cash,Regular,4.6,"Fast Food"
O1258,C52,39,D130,R100,"Pizza Hut","Pune B3",Pune,2024-06-26,Veg,603,53,59,597,UPI,Occasional,3.5,"Fast Food"
O1259,C707,37,D584,R337,KFC,"Bangalore B8",Bangalore,2024-08-27,Non-Veg,463,57,143,377,Cash,Premium,3.3,"Fast Food"
O1260,C713,38,D927,R27,McDonalds,"Pune B3",Pune,2023-05-28,Non-Veg,944,25,89,880,Cash,Occasional,4.4,Cafe
O1261,C445,37,D259,R25,"Biryani House","Pune B4",Pune,2023-06-23,Non-Veg,909,20,38,891,UPI,Premium,4.3,"Fast Food"
O1262,C1540,27,D840,R12,"Biryani House","Bangalore B7",Bangalore,2023-09-14,Non-Veg,675,41,99,617,Cash,Regular,4.4,"Casual Dining"
O1263,C371,35,D798,R226,"Pizza Hut","Mumbai B7",Mumbai,2023-09-21,Non-Veg,517,42,131,428,Card,Occasional,3.5,"Casual Dining"
O1264,C1501,31,D734,R153,KFC,"Bangalore B1",Bangalore,2023-07-31,Non-Veg,802,37,120,719,UPI,Premium,4.7,"Casual Dining"
O1265,C350,58,D17,R300,"Pizza Hut","Pune B8",Pune,2023-06-14,Veg,441,34,18,457,Cash,Regular,4.6,"Fast Food"
O1266,C1241,27,D251,R290,"Biryani House","Pune B10",Pune,2023-10-12,Veg,236,56,26,266,UPI,Premium,3.5,Cafe
O1267,C5,26,D211,R228,McDonalds,"Delhi B6",Delhi,2023-11-12,Non-Veg,295,37,108,224,Cash,Occasional,3.8,Cafe
O1268,C802,40,D57,R383,"Pizza Hut","Bangalore B4",Bangalore,2023-11-20,Veg,901,57,52,906,UPI,Premium,4.4,"Fast Food"
O1269,C42,25,D807,R75,Dominos,"Pune B10",Pune,2023-05-09,Veg,363,51,59,355,UPI,Occasional,3.5,Cafe
O1270,C70,31,D766,R40,McDonalds,"Mumbai B7",Mumbai,2023-11-28,Veg,988,34,0,1022,Cash,Premium,3.5,"Casual Dining"
O1271,C1303,33,D33,R398,"Biryani House","Delhi B7",Delhi,2023-11-03,Non-Veg,650,51,137,564,Cash,Premium,3.3,"Casual Dining"
O1272,C696,60,D231,R240,Dominos,"Pune B5",Pune,2023-06-05,Non-Veg,949,46,146,849,UPI,Premium,4.4,"Casual Dining"
O1273,C1607,43,D595,R77,KFC,"Delhi B6",Delhi,2024-01-25,Veg,420,35,78,377,Cash,Premium,3.4,"Casual Dining"
O1274,C826,39,D798,R226,"Pizza Hut","Mumbai B7",Mumbai,2023-08-21,Non-Veg,321,44,34,331,UPI,Premium,3.5,"Casual Dining"
O1275,C815,29,D986,R237,Dominos,"Mumbai B2",Mumbai,2023-12-06,Non-Veg,606,41,65,582,UPI,Premium,3.2,"Fast Food"
O1276,C1933,25,D852,R310,"Biryani House","Mumbai B3",Mumbai,2023-06-24,Veg,907,41,60,888,Cash,Regular,5,"Casual Dining"
O1277,C453,40,D390,R222,Dominos,"Delhi B10",Delhi,2023-07-11,Non-Veg,750,30,119,661,Cash,Premium,4.6,Cafe
O1278,C204,23,D368,R265,McDonalds,"Hyderabad B10",Hyderabad,2024-03-01,Veg,756,48,1,803,UPI,Occasional,4.6,"Casual Dining"
O1279,C1125,38,D889,R341,KFC,"Pune B9",Pune,2024-04-25,Veg,402,29,83,348,Cash,Premium,4.5,Cafe
O1280,C837,37,D767,R399,"Pizza Hut","Mumbai B7",Mumbai,2023-10-11,Non-Veg,202,28,68,162,UPI,Occasional,4.7,"Fast Food"
O1281,C1916,34,D370,R82,McDonalds,"Delhi B8",Delhi,2024-01-31,Non-Veg,951,28,150,829,Cash,Occasional,4.6,"Casual Dining"
O1282,C1575,47,D295,R193,"Pizza Hut","Mumbai B3",Mumbai,2024-08-22,Veg,207,49,1,255,UPI,Regular,3.1,"Fast Food"
O1283,C302,32,D782,R285,"Pizza Hut","Hyderabad B9",Hyderabad,2024-01-31,Non-Veg,949,42,146,845,Cash,Regular,4.3,"Fast Food"
O1284,C650,36,D593,R158,"Biryani House","Delhi B8",Delhi,2024-02-18,Veg,495,49,118,426,UPI,Regular,3.1,"Fast Food"
O1285,C432,24,D234,R376,"Biryani House","Bangalore B4",Bangalore,2024-06-13,Veg,203,33,127,109,UPI,Occasional,4.3,"Casual Dining"
O1286,C640,36,D109,R103,"Pizza Hut","Hyderabad B1",Hyderabad,2023-10-18,Non-Veg,645,53,143,555,Cash,Regular,3.2,Cafe
O1287,C16,33,D217,R346,KFC,"Hyderabad B1",Hyderabad,2024-03-16,Veg,266,37,146,157,UPI,Regular,3,Cafe
O1288,C1438,35,D95,R322,KFC,"Pune B9",Pune,2024-02-17,Non-Veg,685,45,133,597,Cash,Premium,4.8,"Casual Dining"
O1289,C21,30,D186,R175,KFC,"Bangalore B7",Bangalore,2023-08-25,Veg,653,39,31,661,Cash,Regular,3,Cafe
O1290,C1909,34,D62,R139,KFC,"Mumbai B6",Mumbai,2023-07-21,Non-Veg,866,60,88,838,Cash,Premium,4.2,"Casual Dining"
O1291,C850,30,D69,R198,"Pizza Hut","Mumbai B6",Mumbai,2023-10-16,Non-Veg,789,38,121,706,Cash,Premium,4.7,"Fast Food"
O1292,C263,30,D591,R17,"Biryani House","Delhi B10",Delhi,2023-09-29,Veg,207,20,41,186,UPI,Premium,4.9,Cafe
O1293,C464,33,D998,R82,McDonalds,"Delhi B8",Delhi,2023-10-03,Veg,236,41,14,263,UPI,Regular,4.8,"Casual Dining"
O1294,C838,28,D19,R329,"Biryani House","Mumbai B1",Mumbai,2023-07-13,Veg,369,36,125,280,UPI,Occasional,4.1,Cafe
O1295,C1458,27,D85,R252,"Pizza Hut","Hyderabad B1",Hyderabad,2023-10-17,Non-Veg,685,59,51,693,Cash,Premium,4.3,"Fast Food"
O1296,C238,34,D416,R72,McDonalds,"Pune B10",Pune,2023-10-21,Veg,617,20,17,620,UPI,Premium,3.9,"Casual Dining"
O1297,C1064,25,D320,R287,McDonalds,"Bangalore B10",Bangalore,2024-03-22,Non-Veg,750,26,148,628,Cash,Occasional,4.9,Cafe
O1298,C889,26,D693,R116,Dominos,"Delhi B9",Delhi,2023-04-18,Non-Veg,654,33,78,609,Cash,Premium,3.7,"Fast Food"
O1299,C1126,42,D212,R379,Dominos,"Pune B6",Pune,2024-01-05,Veg,329,47,121,255,UPI,Regular,4.3,"Fast Food"
O1300,C281,38,D419,R65,"Pizza Hut","Bangalore B6",Bangalore,2023-08-11,Veg,261,56,7,310,Cash,Occasional,4.9,"Fast Food"
O1301,C1883,33,D586,R175,KFC,"Bangalore B7",Bangalore,2023-06-14,Veg,352,25,89,288,UPI,Premium,4.3,Cafe
O1302,C619,39,D277,R383,"Pizza Hut","Bangalore B4",Bangalore,2023-09-27,Veg,512,48,1,559,UPI,Regular,3.8,"Fast Food"
O1303,C1165,26,D54,R214,"Pizza Hut","Mumbai B3",Mumbai,2023-11-01,Non-Veg,243,48,33,258,Cash,Occasional,4.6,"Fast Food"
O1304,C1541,70,D444,R277,Dominos,"Bangalore B6",Bangalore,2024-07-05,Veg,660,21,119,562,UPI,Regular,4.7,"Casual Dining"
O1305,C979,28,D713,R358,"Pizza Hut","Delhi B10",Delhi,2023-12-21,Veg,526,45,149,422,Cash,Occasional,3.5,"Fast Food"
O1306,C159,35,D551,R203,"Pizza Hut","Hyderabad B9",Hyderabad,2024-01-25,Non-Veg,561,39,31,569,UPI,Occasional,4.1,"Fast Food"
O1307,C1545,25,D215,R242,McDonalds,"Pune B8",Pune,2024-08-22,Non-Veg,874,20,92,802,Cash,Premium,4.3,"Fast Food"
O1308,C102,40,D733,R161,Dominos,"Delhi B2",Delhi,2024-04-03,Non-Veg,535,41,53,523,Cash,Premium,4.9,"Fast Food"
O1309,C44,33,D910,R65,"Pizza Hut","Bangalore B6",Bangalore,2024-05-02,Non-Veg,782,55,49,788,UPI,Premium,3.3,"Fast Food"
O1310,C926,38,D419,R316,McDonalds,"Bangalore B3",Bangalore,2023-11-02,Non-Veg,613,26,63,576,Cash,Premium,4.9,"Casual Dining"
O1311,C821,34,D891,R37,Dominos,"Hyderabad B4",Hyderabad,2024-01-30,Veg,435,36,20,451,UPI,Premium,3.3,"Casual Dining"
O1312,C1539,32,D671,R382,McDonalds,"Mumbai B8",Mumbai,2024-05-30,Veg,281,34,58,257,UPI,Occasional,4.4,Cafe
O1313,C361,38,D545,R137,McDonalds,"Mumbai B9",Mumbai,2023-07-21,Non-Veg,294,58,94,258,UPI,Premium,4.5,"Casual Dining"
O1314,C160,33,D603,R228,McDonalds,"Delhi B6",Delhi,2024-05-12,Non-Veg,437,56,114,379,UPI,Premium,4.8,Cafe
O1315,C1312,40,D617,R289,KFC,"Delhi B8",Delhi,2024-02-18,Non-Veg,329,30,5,354,UPI,Premium,4.7,"Fast Food"
O1316,C1442,36,D960,R52,McDonalds,"Bangalore B6",Bangalore,2024-01-15,Veg,627,22,126,523,UPI,Occasional,4.7,"Fast Food"
O1317,C486,34,D657,R156,Dominos,"Delhi B5",Delhi,2024-04-07,Non-Veg,854,24,88,790,UPI,Regular,4.3,Cafe
O1318,C405,68,D934,R326,McDonalds,"Pune B7",Pune,2024-03-22,Non-Veg,235,52,68,219,UPI,Regular,4.1,"Casual Dining"
O1319,C1372,40,D990,R351,"Pizza Hut","Delhi B9",Delhi,2023-11-06,Veg,593,29,99,523,UPI,Premium,3.5,"Fast Food"
O1320,C1158,36,D901,R215,Dominos,"Hyderabad B10",Hyderabad,2023-08-17,Non-Veg,361,22,59,324,UPI,Regular,4.4,"Fast Food"
O1321,C1280,58,D523,R23,Dominos,"Delhi B6",Delhi,2024-06-05,Non-Veg,868,30,14,884,UPI,Regular,3.4,Cafe
O1322,C470,34,D503,R276,"Pizza Hut","Hyderabad B9",Hyderabad,2023-11-23,Non-Veg,911,45,1,955,Cash,Premium,4.6,Cafe
O1323,C479,34,D828,R321,Dominos,"Pune B1",Pune,2024-04-19,Veg,931,34,36,929,UPI,Occasional,4.2,"Casual Dining"
O1324,C160,28,D998,R286,"Biryani House","Delhi B6",Delhi,2024-04-12,Non-Veg,848,24,114,758,Cash,Premium,4.8,Cafe
O1325,C663,38,D845,R393,"Pizza Hut","Pune B6",Pune,2023-02-08,Non-Veg,712,49,129,632,Cash,Regular,4.2,"Casual Dining"
O1326,C1037,31,D319,R384,McDonalds,"Hyderabad B2",Hyderabad,2023-11-16,Veg,358,26,140,244,UPI,Occasional,4,Cafe
O1327,C1657,29,D83,R328,Dominos,"Bangalore B9",Bangalore,2023-03-09,Veg,398,60,136,322,Cash,Premium,5,"Casual Dining"
O1328,C822,32,D236,R338,McDonalds,"Hyderabad B8",Hyderabad,2023-08-28,Non-Veg,737,54,150,641,UPI,Occasional,4.3,"Casual Dining"
O1329,C1172,29,D467,R60,"Pizza Hut","Mumbai B3",Mumbai,2023-08-02,Veg,414,48,80,382,Cash,Regular,4.2,Cafe
O1330,C1193,33,D660,R224,KFC,"Hyderabad B7",Hyderabad,2023-08-11,Non-Veg,756,55,109,702,Cash,Premium,4.7,"Fast Food"
O1331,C890,35,D563,R11,"Biryani House","Pune B2",Pune,2023-04-06,Veg,742,41,28,755,UPI,Occasional,4.2,"Fast Food"
O1332,C1914,37,D441,R354,McDonalds,"Bangalore B7",Bangalore,2024-03-19,Non-Veg,623,35,114,544,UPI,Occasional,4.3,"Fast Food"
O1333,C1269,39,D488,R336,"Biryani House","Bangalore B9",Bangalore,2023-09-08,Non-Veg,274,53,27,300,UPI,Premium,3.1,"Fast Food"
O1334,C1937,25,D256,R341,KFC,"Pune B9",Pune,2023-06-13,Non-Veg,988,59,121,926,UPI,Occasional,3.9,Cafe
O1335,C631,70,D701,R9,"Pizza Hut","Hyderabad B2",Hyderabad,2023-11-02,Non-Veg,241,34,16,259,UPI,Premium,3.5,"Fast Food"
O1336,C1431,29,D667,R55,"Pizza Hut","Delhi B3",Delhi,2024-01-01,Veg,292,26,2,316,UPI,Premium,3.8,"Casual Dining"
O1337,C382,30,D278,R111,Dominos,"Delhi B7",Delhi,2023-12-17,Veg,958,20,31,947,Cash,Premium,4.2,"Casual Dining"
O1338,C1080,25,D704,R197,Dominos,"Delhi B4",Delhi,2024-02-01,Veg,791,42,136,697,Cash,Premium,3.2,"Casual Dining"
O1339,C230,28,D877,R167,McDonalds,"Bangalore B5",Bangalore,2023-10-27,Veg,850,46,82,814,UPI,Premium,3.4,"Fast Food"
O1340,C282,39,D585,R166,"Pizza Hut","Hyderabad B2",Hyderabad,2023-10-05,Veg,260,38,107,191,Cash,Occasional,3.9,"Casual Dining"
O1341,C585,52,D382,R139,KFC,"Mumbai B6",Mumbai,2024-05-12,Veg,428,43,57,414,UPI,Premium,4.7,"Casual Dining"
O1342,C1951,31,D775,R104,KFC,"Mumbai B4",Mumbai,2024-03-11,Veg,819,29,142,706,Card,Occasional,4.2,Cafe
O1343,C1758,67,D43,R206,McDonalds,"Mumbai B3",Mumbai,2023-09-01,Non-Veg,481,57,97,441,Cash,Regular,3.8,Cafe
O1344,C1412,31,D400,R196,"Biryani House","Hyderabad B5",Hyderabad,2024-03-15,Veg,626,30,81,575,UPI,Premium,3.5,Cafe
O1345,C1040,34,D26,R164,"Biryani House","Pune B5",Pune,2023-03-11,Non-Veg,215,46,95,166,UPI,Regular,3.2,Cafe
O1346,C506,22,D877,R364,"Pizza Hut","Bangalore B5",Bangalore,2023-04-29,Non-Veg,490,25,36,479,UPI,Premium,3.4,Cafe
O1347,C1121,25,D191,R119,"Biryani House","Hyderabad B7",Hyderabad,2023-03-13,Veg,945,20,113,852,UPI,Regular,3.4,"Fast Food"
O1348,C1861,33,D295,R48,"Pizza Hut","Mumbai B10",Mumbai,2024-02-27,Veg,415,50,138,327,UPI,Regular,3.1,"Casual Dining"
O1349,C783,30,D922,R315,Dominos,"Bangalore B10",Bangalore,2023-07-19,Veg,357,25,147,235,UPI,Premium,3.6,Cafe
O1350,C1566,40,D276,R308,"Pizza Hut","Hyderabad B5",Hyderabad,2024-05-04,Veg,766,41,76,731,Cash,Regular,3.8,Cafe
O1351,C205,38,D980,R103,"Pizza Hut","Hyderabad B1",Hyderabad,2024-03-10,Veg,566,34,2,598,UPI,Regular,3.2,Cafe
O1352,C1464,35,D147,R289,KFC,"Delhi B8",Delhi,2024-02-01,Veg,319,37,120,236,UPI,Regular,4.6,"Fast Food"
O1353,C416,29,D115,R144,KFC,"Bangalore B5",Bangalore,2024-07-16,Veg,468,50,88,430,Cash,Regular,3.8,"Casual Dining"
O1354,C974,31,D983,R393,"Pizza Hut","Pune B6",Pune,2023-08-23,Non-Veg,530,41,73,498,Cash,Occasional,3.6,"Casual Dining"
O1355,C1472,40,D760,R253,McDonalds,"Bangalore B10",Bangalore,2024-02-28,Non-Veg,795,57,21,831,Cash,Regular,3.5,"Fast Food"
O1356,C1587,29,D721,R194,Dominos,"Delhi B3",Delhi,2024-02-23,Veg,807,20,150,677,UPI,Premium,4.2,"Fast Food"
O1357,C1464,64,D657,R79,McDonalds,"Delhi B4",Delhi,2024-06-08,Veg,266,32,61,237,UPI,Regular,4.3,Cafe
O1358,C1049,31,D327,R240,Dominos,"Pune B5",Pune,2023-04-29,Veg,520,27,11,536,Cash,Occasional,3.1,"Casual Dining"
O1359,C668,35,D983,R95,KFC,"Pune B2",Pune,2024-02-03,Non-Veg,844,20,34,830,Cash,Occasional,3.6,"Fast Food"
O1360,C1069,34,D693,R344,KFC,"Delhi B8",Delhi,2023-12-14,Non-Veg,293,57,25,325,UPI,Occasional,3.7,"Fast Food"
O1361,C1093,25,D722,R335,"Pizza Hut","Pune B6",Pune,2024-06-02,Veg,309,59,81,287,UPI,Premium,3.7,Cafe
O1362,C1361,29,D701,R16,McDonalds,"Hyderabad B9",Hyderabad,2023-05-06,Veg,659,31,123,567,UPI,Regular,3.5,"Fast Food"
O1363,C280,53,D907,R280,McDonalds,"Hyderabad B10",Hyderabad,2023-08-08,Non-Veg,540,52,2,590,Cash,Premium,4.9,"Fast Food"
O1364,C1391,37,D786,R97,KFC,"Mumbai B10",Mumbai,2023-12-28,Non-Veg,736,35,98,673,UPI,Regular,3.2,Cafe
O1365,C615,31,D715,R330,KFC,"Mumbai B1",Mumbai,2023-08-26,Non-Veg,387,25,121,291,UPI,Premium,3.3,Cafe
O1366,C654,30,D507,R264,"Pizza Hut","Mumbai B4",Mumbai,2024-07-01,Veg,644,20,38,626,UPI,Occasional,3.3,Cafe
O1367,C779,34,D364,R20,"Pizza Hut","Delhi B4",Delhi,2024-01-31,Veg,948,25,123,850,UPI,Occasional,3.3,"Casual Dining"
O1368,C750,31,D426,R45,KFC,"Delhi B2",Delhi,2023-11-15,Non-Veg,279,39,146,172,UPI,Premium,3.4,Cafe
O1369,C877,34,D135,R57,KFC,"Pune B2",Pune,2024-05-08,Veg,714,49,111,652,UPI,Occasional,4.2,"Casual Dining"
O1370,C614,53,D605,R61,"Pizza Hut","Mumbai B6",Mumbai,2024-01-27,Non-Veg,850,36,119,767,UPI,Premium,4.7,"Fast Food"
O1371,C1951,36,D505,R330,KFC,"Mumbai B1",Mumbai,2023-12-20,Non-Veg,278,28,7,299,UPI,Occasional,4,Cafe
O1372,C1637,32,D912,R256,Dominos,"Mumbai B5",Mumbai,2024-02-29,Non-Veg,334,40,86,288,Cash,Premium,4.3,"Fast Food"
O1373,C1597,27,D443,R314,McDonalds,"Pune B7",Pune,2024-08-07,Veg,861,42,1,902,UPI,Occasional,3.7,Cafe
O1374,C225,38,D845,R400,McDonalds,"Pune B4",Pune,2023-08-27,Veg,300,53,53,300,Cash,Regular,4.2,"Fast Food"
O1375,C1143,33,D332,R185,Dominos,"Pune B4",Pune,2024-07-24,Non-Veg,368,30,60,338,UPI,Occasional,3.9,"Casual Dining"
O1376,C1663,62,D355,R253,McDonalds,"Bangalore B10",Bangalore,2023-11-17,Non-Veg,963,28,132,859,Cash,Occasional,4.9,"Fast Food"
O1377,C1059,39,D993,R129,KFC,"Delhi B5",Delhi,2023-07-18,Veg,330,36,78,288,Cash,Premium,4.4,"Fast Food"
O1378,C1395,40,D474,R360,McDonalds,"Delhi B4",Delhi,2023-12-19,Non-Veg,630,49,137,542,Cash,Regular,3.7,"Fast Food"
O1379,C628,40,D621,R2,"Biryani House","Mumbai B4",Mumbai,2023-12-04,Veg,427,55,112,370,Card,Premium,3.6,Cafe
O1380,C259,31,D750,R94,"Pizza Hut","Mumbai B10",Mumbai,2024-03-31,Veg,541,42,150,433,Cash,Premium,3.4,"Fast Food"
O1381,C924,28,D968,R173,KFC,"Mumbai B10",Mumbai,2023-10-23,Veg,416,33,29,420,UPI,Regular,3.8,"Fast Food"
O1382,C1455,46,D428,R22,"Biryani House","Mumbai B4",Mumbai,2024-06-23,Veg,437,38,19,456,Card,Regular,3.4,Cafe
O1383,C1090,25,D540,R99,"Pizza Hut","Bangalore B6",Bangalore,2024-02-06,Veg,476,39,133,382,UPI,Premium,5,"Fast Food"
O1384,C827,31,D788,R267,"Biryani House","Bangalore B9",Bangalore,2023-12-12,Non-Veg,872,27,35,864,UPI,Regular,4.3,"Casual Dining"
O1385,C1724,27,D964,R54,"Pizza Hut","Delhi B4",Delhi,2023-12-28,Non-Veg,933,45,69,909,Card,Premium,3,"Casual Dining"
O1386,C1645,31,D639,R271,McDonalds,"Bangalore B2",Bangalore,2023-07-13,Non-Veg,555,38,24,569,Cash,Premium,3.8,"Fast Food"
O1387,C1945,27,D253,R34,KFC,"Mumbai B10",Mumbai,2023-12-22,Non-Veg,679,45,54,670,UPI,Premium,4.5,Cafe
O1388,C603,30,D342,R285,"Pizza Hut","Hyderabad B9",Hyderabad,2024-02-18,Non-Veg,909,55,107,857,Cash,Premium,4,"Fast Food"
O1389,C89,27,D309,R338,McDonalds,"Hyderabad B8",Hyderabad,2023-07-23,Non-Veg,581,29,5,605,UPI,Occasional,4.7,"Casual Dining"
O1390,C1712,26,D2,R210,"Pizza Hut","Pune B6",Pune,2023-11-13,Non-Veg,797,46,34,809,UPI,Regular,3.5,"Fast Food"
O1391,C143,37,D596,R256,Dominos,"Mumbai B5",Mumbai,2023-07-13,Non-Veg,622,30,137,515,Cash,Occasional,4.3,"Fast Food"
O1392,C1248,35,D995,R172,"Biryani House","Pune B1",Pune,2023-12-16,Veg,898,53,147,804,UPI,Premium,3.1,"Fast Food"
O1393,C673,40,D189,R215,Dominos,"Hyderabad B10",Hyderabad,2023-12-07,Non-Veg,778,31,87,722,UPI,Premium,4.4,"Fast Food"
O1394,C601,31,D351,R4,KFC,"Bangalore B2",Bangalore,2023-11-15,Veg,578,33,110,501,UPI,Occasional,4.1,"Fast Food"
O1395,C1399,30,D878,R22,"Biryani House","Mumbai B4",Mumbai,2023-12-30,Non-Veg,572,38,68,542,Card,Premium,3.1,Cafe
O1396,C490,37,D576,R281,"Pizza Hut","Mumbai B1",Mumbai,2023-10-21,Non-Veg,226,32,130,128,Cash,Regular,4.5,"Casual Dining"
O1397,C163,25,D960,R225,KFC,"Bangalore B7",Bangalore,2024-04-12,Veg,302,36,136,202,Cash,Regular,4.7,Cafe
O1398,C343,30,D453,R320,"Pizza Hut","Mumbai B2",Mumbai,2023-08-24,Non-Veg,287,27,57,257,Cash,Premium,3.3,Cafe
O1399,C744,52,D28,R248,McDonalds,"Pune B1",Pune,2024-03-03,Non-Veg,460,60,44,476,UPI,Regular,4,"Casual Dining"
O1400,C1905,36,D712,R335,"Pizza Hut","Pune B6",Pune,2024-02-11,Veg,416,51,94,373,UPI,Premium,4.6,Cafe
O1401,C1449,38,D109,R126,KFC,"Hyderabad B6",Hyderabad,2023-09-30,Non-Veg,331,28,131,228,UPI,Premium,3.2,"Fast Food"
O1402,C1325,46,D530,R328,Dominos,"Bangalore B9",Bangalore,2024-01-07,Veg,347,49,114,282,UPI,Premium,3.7,"Casual Dining"
O1403,C415,59,D694,R129,KFC,"Delhi B5",Delhi,2023-06-07,Non-Veg,883,47,117,813,Cash,Premium,3.4,"Fast Food"
O1404,C1839,35,D929,R284,"Pizza Hut","Bangalore B10",Bangalore,2023-08-30,Veg,260,55,25,290,UPI,Premium,4,Cafe
O1405,C1062,27,D871,R213,Dominos,"Mumbai B2",Mumbai,2023-09-11,Veg,539,30,147,422,UPI,Regular,3.9,Cafe
O1406,C1415,39,D618,R162,Dominos,"Pune B9",Pune,2023-12-04,Veg,757,43,117,683,Cash,Occasional,4.4,"Fast Food"
O1407,C1169,25,D384,R309,McDonalds,"Hyderabad B6",Hyderabad,2024-01-17,Non-Veg,511,27,24,514,Cash,Regular,3.9,Cafe
O1408,C66,33,D662,R350,"Pizza Hut","Pune B2",Pune,2023-05-16,Veg,617,20,79,558,UPI,Regular,3.3,"Casual Dining"
O1409,C120,53,D702,R147,McDonalds,"Delhi B9",Delhi,2023-11-04,Non-Veg,223,42,68,197,Card,Occasional,3.6,"Casual Dining"
O1410,C1083,44,D726,R56,"Pizza Hut","Bangalore B7",Bangalore,2023-09-07,Non-Veg,226,50,54,222,Cash,Occasional,3.6,"Casual Dining"
O1411,C208,25,D942,R335,"Pizza Hut","Pune B6",Pune,2023-10-14,Non-Veg,610,23,17,616,UPI,Occasional,4.3,Cafe
O1412,C65,25,D556,R37,Dominos,"Hyderabad B4",Hyderabad,2024-05-23,Non-Veg,992,48,24,1016,Cash,Premium,3.7,"Casual Dining"
O1413,C800,28,D624,R356,"Biryani House","Pune B8",Pune,2024-03-12,Veg,376,38,120,294,UPI,Regular,3.5,"Casual Dining"
O1414,C476,70,D303,R235,"Pizza Hut","Pune B9",Pune,2024-02-10,Veg,758,49,90,717,UPI,Regular,3.7,"Fast Food"
O1415,C1611,19,D648,R305,Dominos,"Bangalore B1",Bangalore,2023-07-05,Veg,761,21,97,685,UPI,Premium,3.5,"Fast Food"
O1416,C616,43,D17,R14,Dominos,"Pune B7",Pune,2023-05-23,Non-Veg,368,54,134,288,Cash,Occasional,4.6,Cafe
O1417,C962,37,D563,R18,McDonalds,"Pune B5",Pune,2023-02-08,Veg,807,49,135,721,Cash,Occasional,4.2,"Fast Food"
O1418,C829,19,D92,R220,"Biryani House","Bangalore B9",Bangalore,2024-06-05,Non-Veg,590,52,9,633,Cash,Premium,3.2,"Casual Dining"
O1419,C1626,26,D462,R215,Dominos,"Hyderabad B10",Hyderabad,2024-02-14,Veg,656,25,55,626,UPI,Regular,4.3,"Fast Food"
O1420,C378,37,D605,R388,Dominos,"Mumbai B9",Mumbai,2023-12-04,Non-Veg,706,27,17,716,UPI,Regular,4.7,"Casual Dining"
O1421,C466,27,D249,R245,"Pizza Hut","Mumbai B8",Mumbai,2024-01-09,Veg,876,54,74,856,UPI,Premium,4.8,Cafe
O1422,C1976,61,D432,R320,"Pizza Hut","Mumbai B2",Mumbai,2024-07-13,Veg,968,25,99,894,UPI,Occasional,3.7,Cafe
O1423,C1378,47,D335,R152,"Biryani House","Mumbai B8",Mumbai,2023-10-26,Veg,229,52,137,144,UPI,Occasional,3.9,Cafe
O1424,C1610,65,D280,R316,McDonalds,"Bangalore B3",Bangalore,2024-01-27,Non-Veg,820,43,33,830,UPI,Premium,3.5,"Casual Dining"
O1425,C1814,32,D688,R59,"Biryani House","Bangalore B6",Bangalore,2024-09-07,Veg,346,40,72,314,UPI,Occasional,3.6,"Fast Food"
O1426,C1027,25,D535,R284,"Pizza Hut","Bangalore B10",Bangalore,2023-11-30,Veg,477,35,59,453,UPI,Premium,3.3,Cafe
O1427,C380,37,D892,R358,"Pizza Hut","Delhi B10",Delhi,2024-05-31,Veg,904,45,144,805,UPI,Regular,4.1,"Fast Food"
O1428,C401,31,D186,R4,KFC,"Bangalore B2",Bangalore,2023-10-04,Veg,506,24,120,410,UPI,Premium,3,"Fast Food"
O1429,C717,33,D592,R362,Dominos,"Bangalore B2",Bangalore,2023-10-04,Non-Veg,943,36,90,889,UPI,Occasional,3.5,Cafe
O1430,C1012,40,D133,R141,Dominos,"Delhi B6",Delhi,2024-02-04,Non-Veg,247,51,103,195,Cash,Occasional,4.3,"Fast Food"
O1431,C405,61,D601,R135,KFC,"Pune B5",Pune,2024-03-16,Non-Veg,825,28,16,837,UPI,Regular,4.7,Cafe
O1432,C671,34,D605,R157,KFC,"Mumbai B3",Mumbai,2023-11-14,Non-Veg,257,47,64,240,Cash,Premium,4.7,Cafe
O1433,C1437,25,D679,R315,Dominos,"Bangalore B10",Bangalore,2023-10-02,Non-Veg,478,49,83,444,UPI,Occasional,3.6,Cafe
O1434,C112,32,D726,R307,KFC,"Bangalore B6",Bangalore,2023-12-08,Non-Veg,984,34,55,963,UPI,Occasional,3.6,Cafe
O1435,C523,35,D799,R313,KFC,"Hyderabad B6",Hyderabad,2024-01-26,Veg,834,59,141,752,UPI,Occasional,3.4,Cafe
O1436,C588,34,D237,R373,Dominos,"Mumbai B4",Mumbai,2024-04-06,Non-Veg,948,45,85,908,UPI,Occasional,4.7,Cafe
O1437,C1644,28,D935,R352,"Biryani House","Hyderabad B4",Hyderabad,2023-10-22,Veg,398,22,101,319,Card,Regular,4.4,Cafe
O1438,C785,31,D508,R305,Dominos,"Bangalore B1",Bangalore,2023-11-18,Veg,422,21,22,421,UPI,Premium,4,"Fast Food"
O1439,C856,69,D965,R197,Dominos,"Delhi B4",Delhi,2024-01-08,Non-Veg,529,52,38,543,Cash,Regular,4.2,"Casual Dining"
O1440,C1196,28,D742,R139,KFC,"Mumbai B6",Mumbai,2023-08-29,Veg,401,51,92,360,Cash,Regular,4.5,"Casual Dining"
O1441,C452,35,D550,R40,McDonalds,"Mumbai B7",Mumbai,2023-07-31,Veg,310,34,57,287,Cash,Regular,5,"Casual Dining"
O1442,C1500,28,D975,R135,KFC,"Pune B5",Pune,2023-08-16,Non-Veg,536,26,11,551,UPI,Regular,3.5,Cafe
O1443,C1272,39,D514,R3,"Pizza Hut","Pune B8",Pune,2024-05-03,Veg,226,22,62,186,Cash,Premium,3.9,"Casual Dining"
O1444,C1467,36,D4,R300,"Pizza Hut","Pune B8",Pune,2023-12-17,Non-Veg,569,40,141,468,UPI,Regular,3.4,"Fast Food"
O1445,C444,27,D582,R2,"Biryani House","Mumbai B4",Mumbai,2023-11-11,Non-Veg,455,21,16,460,UPI,Regular,4.6,Cafe
O1446,C715,37,D967,R102,McDonalds,"Mumbai B6",Mumbai,2024-04-22,Veg,691,56,128,619,Cash,Regular,4.2,Cafe
O1447,C68,32,D398,R130,Dominos,"Delhi B3",Delhi,2024-07-04,Non-Veg,619,28,54,593,UPI,Occasional,4.1,"Casual Dining"
O1448,C464,33,D225,R259,"Pizza Hut","Delhi B6",Delhi,2023-12-24,Veg,721,48,59,710,Cash,Regular,4.2,"Casual Dining"
O1449,C332,32,D672,R114,"Biryani House","Bangalore B2",Bangalore,2023-06-25,Non-Veg,998,53,33,1018,UPI,Occasional,3.8,"Fast Food"
O1450,C84,27,D543,R46,"Biryani House","Hyderabad B4",Hyderabad,2023-10-09,Veg,976,20,14,982,Card,Regular,4.7,"Fast Food"
O1451,C443,18,D717,R170,"Pizza Hut","Mumbai B3",Mumbai,2024-06-22,Veg,536,26,19,543,UPI,Regular,3.1,Cafe
O1452,C1267,35,D183,R84,"Biryani House","Bangalore B8",Bangalore,2023-10-09,Non-Veg,261,53,124,190,UPI,Regular,3.5,Cafe
O1453,C1439,37,D995,R319,Dominos,"Pune B10",Pune,2024-04-08,Veg,889,33,149,773,Cash,Premium,3.1,"Fast Food"
O1454,C558,37,D145,R368,Dominos,"Bangalore B4",Bangalore,2024-03-24,Veg,273,56,110,219,Cash,Occasional,4.9,Cafe
O1455,C415,32,D608,R110,Dominos,"Delhi B1",Delhi,2024-02-05,Non-Veg,856,42,10,888,UPI,Premium,4.7,"Fast Food"
O1456,C840,39,D126,R362,Dominos,"Bangalore B2",Bangalore,2023-07-08,Veg,437,25,113,349,UPI,Premium,3.9,Cafe
O1457,C1410,29,D918,R28,Dominos,"Pune B3",Pune,2023-08-07,Veg,379,27,109,297,UPI,Regular,4.5,"Casual Dining"
O1458,C269,30,D957,R312,KFC,"Hyderabad B7",Hyderabad,2023-10-06,Veg,806,49,115,740,UPI,Premium,4.8,"Casual Dining"
O1459,C574,30,D246,R24,"Pizza Hut","Hyderabad B3",Hyderabad,2023-12-23,Non-Veg,249,44,25,268,Cash,Regular,3.6,"Fast Food"
O1460,C19,33,D796,R268,"Biryani House","Hyderabad B4",Hyderabad,2023-06-10,Veg,951,39,17,973,UPI,Occasional,3.3,"Fast Food"
O1461,C720,36,D463,R100,"Pizza Hut","Pune B3",Pune,2023-07-25,Non-Veg,332,59,108,283,UPI,Regular,3.4,"Fast Food"
O1462,C311,32,D295,R232,Dominos,"Mumbai B9",Mumbai,2024-06-01,Veg,489,42,57,474,Cash,Premium,3.1,Cafe
O1463,C1283,38,D110,R284,"Pizza Hut","Bangalore B10",Bangalore,2024-06-18,Veg,444,39,110,373,UPI,Regular,4,Cafe
O1464,C1519,35,D71,R69,"Pizza Hut","Bangalore B6",Bangalore,2024-05-11,Veg,416,51,84,383,UPI,Regular,3.9,Cafe
O1465,C1066,35,D985,R372,"Pizza Hut","Bangalore B6",Bangalore,2023-12-12,Non-Veg,759,46,92,713,UPI,Occasional,3.6,"Casual Dining"
O1466,C607,26,D738,R154,"Pizza Hut","Bangalore B7",Bangalore,2024-04-10,Veg,344,36,121,259,UPI,Regular,4.3,"Fast Food"
O1467,C1487,38,D971,R190,KFC,"Hyderabad B5",Hyderabad,2023-02-07,Non-Veg,723,55,6,772,Cash,Occasional,3.5,Cafe
O1468,C632,25,D58,R31,McDonalds,"Bangalore B6",Bangalore,2024-09-03,Non-Veg,850,48,10,888,UPI,Regular,4.9,"Fast Food"
O1469,C1656,25,D946,R335,"Pizza Hut","Pune B6",Pune,2024-03-14,Veg,260,22,140,142,UPI,Premium,3.6,Cafe
O1470,C333,27,D711,R232,Dominos,"Mumbai B9",Mumbai,2024-03-26,Veg,912,25,25,912,Cash,Regular,4.5,Cafe
O1471,C367,21,D188,R246,"Biryani House","Delhi B1",Delhi,2023-05-17,Non-Veg,529,22,121,430,Cash,Occasional,4.8,"Fast Food"
O1472,C1583,33,D206,R167,McDonalds,"Bangalore B5",Bangalore,2024-01-26,Non-Veg,679,37,33,683,UPI,Regular,3.1,"Fast Food"
O1473,C1839,28,D372,R67,McDonalds,"Bangalore B4",Bangalore,2023-11-10,Non-Veg,282,47,26,303,Cash,Premium,3.2,"Fast Food"
O1474,C1420,67,D241,R7,"Biryani House","Delhi B7",Delhi,2023-09-29,Non-Veg,736,56,77,715,Cash,Occasional,4.8,Cafe
O1475,C1905,40,D700,R18,McDonalds,"Pune B5",Pune,2023-08-25,Veg,503,57,125,435,UPI,Premium,4.9,"Fast Food"
O1476,C1302,28,D694,R270,KFC,"Delhi B2",Delhi,2023-09-03,Non-Veg,639,33,126,546,Cash,Occasional,3.4,Cafe
O1477,C1507,29,D746,R16,McDonalds,"Hyderabad B9",Hyderabad,2024-03-04,Non-Veg,390,28,88,330,UPI,Premium,4.7,"Fast Food"
O1478,C1442,61,D129,R371,"Biryani House","Bangalore B8",Bangalore,2024-07-30,Veg,443,30,32,441,UPI,Occasional,4.8,"Fast Food"
O1479,C150,27,D231,R185,Dominos,"Pune B4",Pune,2023-03-29,Veg,656,55,138,573,UPI,Regular,4.4,"Casual Dining"
O1480,C1518,25,D531,R78,"Pizza Hut","Pune B1",Pune,2024-06-08,Veg,351,33,122,262,UPI,Premium,3.1,"Fast Food"
O1481,C66,25,D997,R57,KFC,"Pune B2",Pune,2024-03-01,Non-Veg,808,43,37,814,Cash,Regular,4.8,"Casual Dining"
O1482,C503,30,D196,R294,"Biryani House","Hyderabad B1",Hyderabad,2024-07-20,Non-Veg,779,42,150,671,Cash,Premium,4.6,"Casual Dining"
O1483,C69,49,D64,R241,"Pizza Hut","Pune B5",Pune,2023-08-08,Non-Veg,893,60,24,929,UPI,Premium,3.7,Cafe
O1484,C365,30,D833,R31,McDonalds,"Bangalore B6",Bangalore,2023-08-26,Non-Veg,324,57,18,363,Cash,Occasional,3.9,"Fast Food"
O1485,C344,51,D177,R97,KFC,"Mumbai B10",Mumbai,2023-09-01,Veg,868,58,58,868,Cash,Occasional,3.9,Cafe
O1486,C567,27,D710,R37,Dominos,"Hyderabad B4",Hyderabad,2024-08-31,Veg,790,49,85,754,Cash,Regular,3.1,"Casual Dining"
O1487,C1303,32,D616,R54,"Pizza Hut","Delhi B4",Delhi,2023-09-21,Veg,596,35,32,599,UPI,Premium,4.6,"Casual Dining"
O1488,C1290,35,D416,R342,"Biryani House","Pune B5",Pune,2024-01-19,Non-Veg,570,24,103,491,Cash,Occasional,3.9,"Fast Food"
O1489,C1658,26,D376,R121,"Biryani House","Delhi B9",Delhi,2023-06-11,Veg,557,33,12,578,UPI,Premium,3.6,"Fast Food"
O1490,C343,31,D1000,R40,McDonalds,"Mumbai B7",Mumbai,2023-03-06,Non-Veg,249,51,141,159,UPI,Premium,4.8,"Casual Dining"
O1491,C1113,27,D625,R136,McDonalds,"Bangalore B3",Bangalore,2023-11-08,Veg,459,33,61,431,UPI,Premium,3.3,"Casual Dining"
O1492,C174,26,D821,R260,KFC,"Mumbai B1",Mumbai,2024-02-10,Non-Veg,744,38,143,639,UPI,Regular,3.5,Cafe
O1493,C1224,38,D40,R6,Dominos,"Mumbai B4",Mumbai,2023-02-14,Veg,990,41,103,928,UPI,Premium,4.4,Cafe
O1494,C81,27,D252,R226,"Pizza Hut","Mumbai B7",Mumbai,2024-01-03,Veg,868,46,61,853,Cash,Occasional,4.8,"Casual Dining"
O1495,C1142,63,D677,R39,KFC,"Mumbai B7",Mumbai,2023-07-04,Non-Veg,892,23,86,829,UPI,Regular,4.2,"Casual Dining"
O1496,C1355,38,D474,R7,"Biryani House","Delhi B7",Delhi,2023-07-23,Non-Veg,954,23,42,935,Cash,Premium,3.7,Cafe
O1497,C455,31,D980,R252,"Pizza Hut","Hyderabad B1",Hyderabad,2024-07-31,Non-Veg,413,44,111,346,UPI,Premium,3.2,"Fast Food"
O1498,C1964,31,D512,R278,Dominos,"Bangalore B1",Bangalore,2024-01-07,Veg,288,24,11,301,UPI,Occasional,4.3,Cafe
O1499,C281,58,D780,R364,"Pizza Hut","Bangalore B5",Bangalore,2023-11-01,Non-Veg,966,57,92,931,Cash,Occasional,4.2,Cafe
O1500,C611,49,D347,R299,"Pizza Hut","Pune B3",Pune,2023-10-03,Non-Veg,536,40,40,536,UPI,Premium,4.3,Cafe
O1501,C1993,62,D185,R329,"Biryani House","Mumbai B1",Mumbai,2024-01-03,Non-Veg,206,35,23,218,Card,Premium,3.3,Cafe
O1502,C1310,27,D991,R231,"Biryani House","Mumbai B7",Mumbai,2024-05-02,Non-Veg,281,37,53,265,Cash,Occasional,3.8,"Casual Dining"
O1503,C1700,27,D307,R195,"Pizza Hut","Hyderabad B9",Hyderabad,2024-04-10,Non-Veg,332,32,74,290,Card,Occasional,4.4,Cafe
O1504,C1361,31,D589,R209,"Biryani House","Hyderabad B1",Hyderabad,2023-10-12,Veg,835,57,129,763,UPI,Regular,4.1,"Casual Dining"
O1505,C1957,50,D477,R335,"Pizza Hut","Pune B6",Pune,2023-12-01,Veg,379,37,76,340,UPI,Regular,3.2,Cafe
O1506,C36,26,D685,R64,KFC,"Delhi B7",Delhi,2024-03-31,Non-Veg,321,45,69,297,UPI,Premium,4.8,"Fast Food"
O1507,C1986,37,D857,R174,Dominos,"Pune B8",Pune,2024-07-16,Veg,355,49,94,310,Cash,Regular,3.8,Cafe
O1508,C837,37,D365,R41,McDonalds,"Mumbai B6",Mumbai,2023-07-09,Veg,515,22,130,407,UPI,Occasional,4.9,Cafe
O1509,C1781,27,D124,R310,"Biryani House","Mumbai B3",Mumbai,2023-10-15,Non-Veg,618,36,105,549,UPI,Premium,3,"Casual Dining"
O1510,C690,34,D636,R354,McDonalds,"Bangalore B7",Bangalore,2023-12-24,Non-Veg,412,41,26,427,Cash,Occasional,4.2,"Fast Food"
O1511,C246,33,D629,R68,McDonalds,"Bangalore B4",Bangalore,2023-12-12,Veg,839,46,29,856,UPI,Occasional,3.5,Cafe
O1512,C830,34,D542,R75,Dominos,"Pune B10",Pune,2024-05-17,Non-Veg,827,56,40,843,Cash,Regular,4.5,Cafe
O1513,C325,36,D592,R364,"Pizza Hut","Bangalore B5",Bangalore,2023-06-14,Veg,405,24,40,389,UPI,Premium,3.5,Cafe
O1514,C1688,33,D67,R236,Dominos,"Hyderabad B9",Hyderabad,2024-01-30,Non-Veg,926,50,111,865,UPI,Premium,4.1,"Fast Food"
O1515,C1075,39,D483,R303,"Pizza Hut","Delhi B3",Delhi,2023-09-28,Veg,849,54,73,830,Cash,Occasional,4.6,"Casual Dining"
O1516,C950,35,D834,R4,KFC,"Bangalore B2",Bangalore,2023-06-18,Veg,631,35,41,625,Card,Regular,4.1,"Fast Food"
O1517,C142,31,D954,R135,KFC,"Pune B5",Pune,2024-04-05,Veg,303,35,30,308,UPI,Occasional,4.9,Cafe
O1518,C1210,37,D9,R237,Dominos,"Mumbai B2",Mumbai,2023-09-22,Veg,248,21,60,209,UPI,Occasional,4.6,"Fast Food"
O1519,C1588,26,D248,R142,"Pizza Hut","Hyderabad B6",Hyderabad,2023-11-30,Non-Veg,697,42,104,635,Card,Occasional,3.9,"Fast Food"
O1520,C1019,26,D567,R73,Dominos,"Bangalore B1",Bangalore,2023-08-21,Veg,505,23,148,380,Card,Premium,3.5,Cafe
O1521,C276,24,D944,R52,McDonalds,"Bangalore B6",Bangalore,2023-06-17,Veg,928,49,109,868,UPI,Premium,3.1,"Fast Food"
O1522,C1571,43,D887,R106,Dominos,"Mumbai B10",Mumbai,2023-10-21,Veg,923,34,47,910,Cash,Regular,3.4,"Fast Food"
O1523,C331,34,D731,R187,KFC,"Delhi B8",Delhi,2023-10-05,Veg,290,56,142,204,UPI,Regular,3.4,"Casual Dining"
O1524,C705,48,D121,R343,Dominos,"Bangalore B1",Bangalore,2024-05-25,Non-Veg,574,35,147,462,UPI,Regular,3.5,"Fast Food"
O1525,C879,31,D397,R347,Dominos,"Bangalore B3",Bangalore,2023-10-28,Non-Veg,972,45,139,878,UPI,Occasional,3.2,"Fast Food"
O1526,C447,49,D750,R97,KFC,"Mumbai B10",Mumbai,2024-05-22,Veg,792,22,88,726,Card,Regular,3.4,Cafe
O1527,C838,26,D440,R61,"Pizza Hut","Mumbai B6",Mumbai,2023-11-16,Veg,516,31,48,499,UPI,Occasional,4.3,"Fast Food"
O1528,C630,28,D576,R378,"Biryani House","Mumbai B8",Mumbai,2023-10-14,Veg,265,21,82,204,UPI,Regular,4.5,Cafe
O1529,C221,29,D853,R300,"Pizza Hut","Pune B8",Pune,2023-08-04,Non-Veg,677,57,150,584,Cash,Occasional,4.4,"Fast Food"
O1530,C1876,25,D259,R400,McDonalds,"Pune B4",Pune,2023-05-18,Non-Veg,616,32,135,513,UPI,Occasional,4.3,"Fast Food"
O1531,C941,25,D60,R243,KFC,"Bangalore B10",Bangalore,2023-12-08,Non-Veg,975,21,11,985,UPI,Regular,3.3,"Fast Food"
O1532,C1803,32,D947,R388,Dominos,"Mumbai B9",Mumbai,2023-08-06,Veg,217,51,25,243,UPI,Premium,3.3,"Casual Dining"
O1533,C284,32,D113,R391,McDonalds,"Delhi B5",Delhi,2024-02-21,Veg,244,37,99,182,UPI,Premium,4.3,"Casual Dining"
O1534,C1221,28,D722,R326,McDonalds,"Pune B7",Pune,2023-12-12,Non-Veg,464,46,18,492,Cash,Regular,3.7,"Casual Dining"
O1535,C1225,28,D863,R207,"Biryani House","Hyderabad B1",Hyderabad,2024-01-21,Veg,312,36,113,235,UPI,Occasional,3.4,"Fast Food"
O1536,C404,37,D961,R279,"Pizza Hut","Delhi B4",Delhi,2023-11-16,Veg,646,29,85,590,UPI,Regular,4.7,"Fast Food"
O1537,C713,31,D36,R210,"Pizza Hut","Pune B6",Pune,2023-07-05,Non-Veg,851,21,25,847,UPI,Occasional,4.5,"Fast Food"
O1538,C872,33,D514,R350,"Pizza Hut","Pune B2",Pune,2024-04-15,Non-Veg,818,44,115,747,Cash,Regular,3.9,"Casual Dining"
O1539,C1346,30,D190,R225,KFC,"Bangalore B7",Bangalore,2024-06-23,Non-Veg,928,57,88,897,Card,Occasional,4.3,Cafe
O1540,C960,36,D615,R394,McDonalds,"Pune B2",Pune,2023-05-30,Veg,352,43,55,340,Cash,Premium,4,"Fast Food"
O1541,C244,31,D402,R268,"Biryani House","Hyderabad B4",Hyderabad,2023-06-09,Veg,353,49,72,330,Cash,Regular,4.1,"Fast Food"
O1542,C177,40,D276,R195,"Pizza Hut","Hyderabad B9",Hyderabad,2024-08-26,Non-Veg,672,31,81,622,UPI,Occasional,3.8,Cafe
O1543,C1704,33,D391,R109,Dominos,"Bangalore B3",Bangalore,2023-05-01,Non-Veg,629,49,8,670,UPI,Regular,5,Cafe
O1544,C1027,48,D87,R370,McDonalds,"Bangalore B9",Bangalore,2023-12-23,Non-Veg,432,30,118,344,Cash,Premium,4.1,"Casual Dining"
O1545,C1234,37,D719,R117,Dominos,"Delhi B1",Delhi,2023-08-29,Veg,485,22,45,462,UPI,Premium,3.6,Cafe
O1546,C1817,32,D195,R210,"Pizza Hut","Pune B6",Pune,2024-05-23,Non-Veg,457,31,11,477,UPI,Regular,4.1,"Fast Food"
O1547,C996,40,D55,R156,Dominos,"Delhi B5",Delhi,2024-01-23,Non-Veg,946,41,77,910,Cash,Regular,4,Cafe
O1548,C1205,31,D429,R166,"Pizza Hut","Hyderabad B2",Hyderabad,2024-04-30,Veg,424,50,136,338,Cash,Regular,3.1,"Casual Dining"
O1549,C1975,31,D724,R120,"Biryani House","Mumbai B9",Mumbai,2023-11-26,Non-Veg,318,56,72,302,UPI,Occasional,4.6,Cafe
O1550,C106,40,D655,R324,McDonalds,"Pune B8",Pune,2024-03-04,Non-Veg,490,58,133,415,Cash,Occasional,3.6,"Casual Dining"
O1551,C950,32,D951,R336,"Biryani House","Bangalore B9",Bangalore,2023-12-04,Non-Veg,654,20,117,557,UPI,Regular,3.9,"Fast Food"
O1552,C108,70,D593,R391,McDonalds,"Delhi B5",Delhi,2024-02-09,Veg,477,42,89,430,Card,Occasional,3.1,"Casual Dining"
O1553,C447,34,D887,R198,"Pizza Hut","Mumbai B6",Mumbai,2023-04-11,Non-Veg,589,54,145,498,Cash,Regular,3.4,"Fast Food"
O1554,C15,27,D237,R260,KFC,"Mumbai B1",Mumbai,2024-04-26,Veg,408,60,143,325,UPI,Regular,4.7,Cafe
O1555,C533,26,D99,R250,McDonalds,"Delhi B8",Delhi,2024-05-19,Non-Veg,512,48,79,481,Cash,Regular,3.9,"Fast Food"
O1556,C697,39,D341,R69,"Pizza Hut","Bangalore B6",Bangalore,2023-03-12,Veg,813,58,56,815,UPI,Premium,3.2,Cafe
O1557,C53,37,D679,R68,McDonalds,"Bangalore B4",Bangalore,2023-06-08,Non-Veg,487,25,67,445,UPI,Regular,3.6,Cafe
O1558,C1887,30,D529,R45,KFC,"Delhi B2",Delhi,2024-01-28,Veg,612,34,57,589,UPI,Occasional,3.2,Cafe
O1559,C1062,23,D645,R169,KFC,"Mumbai B10",Mumbai,2024-03-13,Veg,464,27,70,421,Cash,Regular,4.8,"Fast Food"
O1560,C10,34,D248,R70,"Biryani House","Hyderabad B10",Hyderabad,2023-12-10,Veg,356,39,22,373,UPI,Premium,3.9,"Casual Dining"
O1561,C471,29,D433,R42,KFC,"Hyderabad B2",Hyderabad,2023-12-15,Non-Veg,681,23,10,694,Cash,Regular,3.9,"Fast Food"
O1562,C1403,31,D130,R174,Dominos,"Pune B8",Pune,2024-06-18,Non-Veg,503,49,35,517,Cash,Occasional,3.5,Cafe
O1563,C743,39,D70,R189,KFC,"Bangalore B5",Bangalore,2023-05-14,Non-Veg,715,47,96,666,Cash,Occasional,4.4,Cafe
O1564,C1249,28,D734,R153,KFC,"Bangalore B1",Bangalore,2023-07-23,Veg,596,56,138,514,UPI,Occasional,4.7,"Casual Dining"
O1565,C1771,40,D463,R393,"Pizza Hut","Pune B6",Pune,2023-04-23,Veg,212,28,65,175,Cash,Premium,3.4,"Casual Dining"
O1566,C1968,32,D598,R131,KFC,"Pune B7",Pune,2024-02-05,Non-Veg,580,48,61,567,UPI,Occasional,3.1,Cafe
O1567,C1146,23,D995,R164,"Biryani House","Pune B5",Pune,2024-08-13,Non-Veg,421,50,6,465,Card,Occasional,3.1,Cafe
O1568,C1973,33,D784,R356,"Biryani House","Pune B8",Pune,2023-11-07,Non-Veg,776,39,123,692,UPI,Regular,4.9,"Casual Dining"
O1569,C916,43,D753,R220,"Biryani House","Bangalore B9",Bangalore,2023-08-30,Veg,397,44,140,301,UPI,Occasional,3.8,"Casual Dining"
O1570,C547,18,D307,R196,"Biryani House","Hyderabad B5",Hyderabad,2024-08-27,Veg,719,49,113,655,Cash,Regular,4.4,Cafe
O1571,C601,35,D42,R114,"Biryani House","Bangalore B2",Bangalore,2023-08-24,Non-Veg,952,47,113,886,Cash,Occasional,3.7,"Fast Food"
O1572,C242,38,D774,R224,KFC,"Hyderabad B7",Hyderabad,2024-02-05,Non-Veg,434,42,10,466,Cash,Premium,4.7,"Fast Food"
O1573,C285,30,D102,R313,KFC,"Hyderabad B6",Hyderabad,2024-03-06,Veg,682,52,0,734,UPI,Regular,3.9,Cafe
O1574,C539,33,D147,R358,"Pizza Hut","Delhi B10",Delhi,2023-11-01,Veg,699,25,33,691,UPI,Occasional,4.6,"Fast Food"
O1575,C827,49,D609,R67,McDonalds,"Bangalore B4",Bangalore,2024-06-21,Veg,920,47,6,961,UPI,Regular,3,"Fast Food"
O1576,C1010,32,D306,R356,"Biryani House","Pune B8",Pune,2023-11-21,Non-Veg,786,48,145,689,UPI,Regular,3.9,"Casual Dining"
O1577,C1605,33,D775,R378,"Biryani House","Mumbai B8",Mumbai,2024-01-20,Non-Veg,559,31,109,481,Cash,Premium,4.2,Cafe
O1578,C752,28,D789,R264,"Pizza Hut","Mumbai B4",Mumbai,2023-06-02,Non-Veg,435,29,52,412,UPI,Regular,3.3,Cafe
O1579,C1895,38,D52,R187,KFC,"Delhi B8",Delhi,2023-11-16,Veg,941,42,101,882,UPI,Regular,4.2,"Casual Dining"
O1580,C349,27,D420,R302,"Biryani House","Hyderabad B5",Hyderabad,2023-11-25,Veg,625,51,2,674,UPI,Regular,4.4,"Fast Food"
O1581,C1404,36,D98,R206,McDonalds,"Mumbai B3",Mumbai,2024-06-04,Non-Veg,662,55,52,665,Card,Regular,4.4,Cafe
O1582,C62,34,D793,R369,"Biryani House","Delhi B4",Delhi,2023-08-05,Non-Veg,948,29,144,833,UPI,Premium,3.3,Cafe
O1583,C224,39,D730,R336,"Biryani House","Bangalore B9",Bangalore,2024-03-18,Non-Veg,231,28,65,194,Cash,Premium,4.5,"Fast Food"
O1584,C712,39,D113,R117,Dominos,"Delhi B1",Delhi,2024-02-07,Veg,234,43,12,265,UPI,Regular,4.3,Cafe
O1585,C706,45,D617,R121,"Biryani House","Delhi B9",Delhi,2024-04-02,Veg,887,45,143,789,UPI,Regular,4.7,"Fast Food"
O1586,C607,37,D859,R163,"Biryani House","Bangalore B1",Bangalore,2024-07-21,Veg,489,51,129,411,Cash,Regular,3.9,"Fast Food"
O1587,C83,40,D732,R37,Dominos,"Hyderabad B4",Hyderabad,2023-09-25,Non-Veg,992,56,107,941,UPI,Premium,3.9,"Casual Dining"
O1588,C1556,33,D517,R387,KFC,"Pune B7",Pune,2024-06-19,Veg,854,32,119,767,UPI,Regular,4.8,"Casual Dining"
O1589,C305,34,D957,R15,Dominos,"Hyderabad B9",Hyderabad,2023-08-18,Veg,341,27,32,336,Cash,Regular,4.8,"Fast Food"
O1590,C40,31,D322,R93,McDonalds,"Mumbai B6",Mumbai,2023-05-18,Non-Veg,401,60,103,358,UPI,Occasional,5,"Casual Dining"
O1591,C265,34,D926,R291,"Biryani House","Delhi B3",Delhi,2023-03-04,Veg,282,21,62,241,UPI,Regular,4.1,Cafe
O1592,C573,70,D271,R164,"Biryani House","Pune B5",Pune,2024-07-07,Veg,301,33,138,196,UPI,Regular,3.6,Cafe
O1593,C1184,37,D970,R142,"Pizza Hut","Hyderabad B6",Hyderabad,2023-11-05,Non-Veg,901,55,132,824,UPI,Premium,4.7,"Fast Food"
O1594,C86,28,D730,R368,Dominos,"Bangalore B4",Bangalore,2024-04-16,Veg,320,44,57,307,Cash,Regular,4.5,Cafe
O1595,C888,66,D756,R271,McDonalds,"Bangalore B2",Bangalore,2024-04-14,Veg,668,56,84,640,Cash,Premium,3.3,"Fast Food"
O1596,C741,37,D20,R253,McDonalds,"Bangalore B10",Bangalore,2023-12-09,Veg,446,25,104,367,Cash,Occasional,3.1,"Fast Food"
O1597,C396,38,D547,R105,"Pizza Hut","Hyderabad B10",Hyderabad,2023-12-21,Veg,483,54,63,474,Cash,Regular,3.6,"Casual Dining"
O1598,C122,35,D484,R338,McDonalds,"Hyderabad B8",Hyderabad,2024-02-21,Veg,609,29,113,525,UPI,Occasional,3.2,"Casual Dining"
O1599,C1424,29,D554,R306,McDonalds,"Hyderabad B1",Hyderabad,2023-06-08,Veg,375,52,143,284,Cash,Occasional,3,Cafe
O1600,C1078,47,D525,R358,"Pizza Hut","Delhi B10",Delhi,2023-09-12,Veg,565,46,149,462,UPI,Regular,4.7,"Fast Food"
O1601,C1313,25,D75,R122,"Pizza Hut","Bangalore B5",Bangalore,2024-06-15,Veg,803,56,6,853,UPI,Regular,3.4,"Fast Food"
O1602,C983,26,D113,R186,"Pizza Hut","Delhi B5",Delhi,2024-05-30,Veg,297,59,113,243,Cash,Regular,4.3,Cafe
O1603,C1928,40,D761,R109,Dominos,"Bangalore B3",Bangalore,2023-06-03,Non-Veg,411,37,57,391,UPI,Premium,3.7,Cafe
O1604,C1845,34,D595,R246,"Biryani House","Delhi B1",Delhi,2024-07-05,Non-Veg,873,47,117,803,Cash,Occasional,3.4,"Fast Food"
O1605,C914,39,D547,R179,McDonalds,"Hyderabad B8",Hyderabad,2023-03-16,Veg,546,24,85,485,UPI,Regular,3.6,"Casual Dining"
O1606,C1242,66,D293,R246,"Biryani House","Delhi B1",Delhi,2023-05-02,Veg,513,43,141,415,Cash,Premium,3.8,"Fast Food"
O1607,C600,33,D645,R40,McDonalds,"Mumbai B7",Mumbai,2023-12-26,Non-Veg,714,23,38,699,UPI,Regular,4.8,"Casual Dining"
O1608,C837,32,D778,R34,KFC,"Mumbai B10",Mumbai,2024-03-09,Veg,318,41,81,278,Card,Occasional,4.4,Cafe
O1609,C888,27,D558,R253,McDonalds,"Bangalore B10",Bangalore,2024-03-14,Non-Veg,488,33,6,515,Cash,Premium,4.5,"Fast Food"
O1610,C1161,26,D457,R6,Dominos,"Mumbai B4",Mumbai,2023-12-19,Veg,384,46,25,405,Cash,Premium,4.1,Cafe
O1611,C1252,27,D659,R248,McDonalds,"Pune B1",Pune,2023-10-18,Non-Veg,589,34,112,511,UPI,Regular,3.7,"Casual Dining"
O1612,C1182,22,D99,R377,"Biryani House","Delhi B1",Delhi,2024-06-19,Veg,856,21,12,865,UPI,Premium,3.9,Cafe
O1613,C519,25,D645,R281,"Pizza Hut","Mumbai B1",Mumbai,2024-03-21,Veg,595,42,90,547,UPI,Regular,4.8,"Casual Dining"
O1614,C377,35,D817,R237,Dominos,"Mumbai B2",Mumbai,2023-07-18,Veg,728,42,25,745,UPI,Occasional,4,"Fast Food"
O1615,C1115,31,D699,R153,KFC,"Bangalore B1",Bangalore,2023-04-16,Veg,470,56,124,402,Cash,Premium,4.5,"Casual Dining"
O1616,C123,34,D916,R178,"Pizza Hut","Delhi B4",Delhi,2023-03-12,Non-Veg,751,30,46,735,UPI,Regular,3.6,"Casual Dining"
O1617,C1530,36,D851,R52,McDonalds,"Bangalore B6",Bangalore,2023-05-24,Veg,367,23,130,260,Cash,Premium,4.9,"Fast Food"
O1618,C850,25,D750,R176,"Biryani House","Mumbai B2",Mumbai,2024-09-03,Veg,905,21,55,871,Cash,Premium,3.4,"Casual Dining"
O1619,C377,25,D874,R102,McDonalds,"Mumbai B6",Mumbai,2023-09-06,Veg,457,55,32,480,UPI,Occasional,3.6,Cafe
O1620,C1004,38,D576,R33,"Pizza Hut","Mumbai B10",Mumbai,2023-06-22,Veg,912,23,130,805,UPI,Occasional,4.5,Cafe
O1621,C1042,29,D521,R397,"Pizza Hut","Pune B6",Pune,2023-08-13,Non-Veg,864,27,10,881,Card,Occasional,4.4,Cafe
O1622,C1452,40,D416,R164,"Biryani House","Pune B5",Pune,2023-08-30,Non-Veg,294,40,66,268,Card,Regular,3.9,Cafe
O1623,C811,70,D416,R25,"Biryani House","Pune B4",Pune,2023-11-14,Non-Veg,392,47,129,310,Cash,Occasional,3.9,"Fast Food"
O1624,C896,48,D241,R194,Dominos,"Delhi B3",Delhi,2023-11-17,Non-Veg,597,32,10,619,UPI,Occasional,4.8,"Fast Food"
O1625,C1015,49,D521,R350,"Pizza Hut","Pune B2",Pune,2023-08-31,Veg,544,37,93,488,UPI,Regular,4.4,"Casual Dining"
O1626,C1038,20,D568,R381,KFC,"Hyderabad B10",Hyderabad,2024-01-10,Non-Veg,844,38,58,824,UPI,Regular,3.8,"Fast Food"
O1627,C1982,23,D659,R208,"Biryani House","Pune B2",Pune,2023-02-18,Non-Veg,890,42,12,920,UPI,Premium,3.7,"Fast Food"
O1628,C400,64,D219,R373,Dominos,"Mumbai B4",Mumbai,2023-10-13,Non-Veg,678,23,123,578,UPI,Regular,4.3,Cafe
O1629,C1960,29,D779,R108,"Pizza Hut","Mumbai B4",Mumbai,2023-07-12,Non-Veg,808,22,3,827,UPI,Occasional,3.3,"Casual Dining"
O1630,C870,53,D679,R271,McDonalds,"Bangalore B2",Bangalore,2023-07-25,Veg,212,22,103,131,UPI,Premium,3.6,"Fast Food"
O1631,C1660,33,D934,R353,"Biryani House","Pune B2",Pune,2023-08-29,Veg,386,32,50,368,UPI,Premium,4.1,"Casual Dining"
O1632,C413,30,D477,R14,Dominos,"Pune B7",Pune,2023-08-20,Non-Veg,916,28,46,898,UPI,Premium,3.2,Cafe
O1633,C1808,34,D765,R146,McDonalds,"Mumbai B4",Mumbai,2023-12-28,Non-Veg,583,21,128,476,Cash,Premium,5,"Fast Food"
O1634,C1115,25,D683,R114,"Biryani House","Bangalore B2",Bangalore,2023-06-13,Veg,635,35,113,557,Card,Premium,5,"Fast Food"
O1635,C614,40,D621,R392,"Biryani House","Mumbai B2",Mumbai,2023-09-29,Veg,239,60,32,267,Cash,Premium,3.6,"Casual Dining"
O1636,C1485,33,D962,R253,McDonalds,"Bangalore B10",Bangalore,2023-12-22,Veg,879,28,42,865,Card,Occasional,4.5,"Fast Food"
O1637,C433,26,D198,R46,"Biryani House","Hyderabad B4",Hyderabad,2023-12-24,Veg,357,28,23,362,Cash,Regular,3.4,"Fast Food"
O1638,C886,43,D502,R128,McDonalds,"Hyderabad B9",Hyderabad,2024-04-17,Non-Veg,951,56,95,912,UPI,Regular,4.7,"Fast Food"
O1639,C71,38,D95,R335,"Pizza Hut","Pune B6",Pune,2023-12-26,Veg,924,26,20,930,Cash,Regular,4.8,Cafe
O1640,C1801,28,D550,R198,"Pizza Hut","Mumbai B6",Mumbai,2023-08-08,Veg,508,27,14,521,UPI,Occasional,5,"Fast Food"
O1641,C1949,26,D195,R218,McDonalds,"Pune B2",Pune,2023-12-28,Veg,415,28,30,413,Cash,Premium,4.1,"Fast Food"
O1642,C1942,25,D438,R303,"Pizza Hut","Delhi B3",Delhi,2024-05-04,Non-Veg,952,32,89,895,UPI,Regular,4.2,"Casual Dining"
O1643,C649,46,D697,R204,"Pizza Hut","Mumbai B1",Mumbai,2023-09-09,Non-Veg,436,29,89,376,Cash,Regular,3.2,"Fast Food"
O1644,C1100,34,D150,R268,"Biryani House","Hyderabad B4",Hyderabad,2024-03-01,Veg,878,23,126,775,UPI,Premium,4.1,"Fast Food"
O1645,C1473,27,D241,R187,KFC,"Delhi B8",Delhi,2023-11-27,Non-Veg,648,33,20,661,UPI,Premium,4.8,"Casual Dining"
O1646,C1358,36,D931,R292,"Pizza Hut","Delhi B4",Delhi,2023-09-07,Non-Veg,359,48,42,365,Cash,Premium,4.9,"Casual Dining"
O1647,C572,28,D624,R78,"Pizza Hut","Pune B1",Pune,2024-02-15,Veg,276,28,3,301,UPI,Regular,3.5,"Fast Food"
O1648,C1085,25,D590,R187,KFC,"Delhi B8",Delhi,2023-11-26,Veg,641,55,87,609,Cash,Occasional,4.5,"Casual Dining"
O1649,C679,19,D972,R77,KFC,"Delhi B6",Delhi,2024-03-18,Non-Veg,200,53,70,183,UPI,Premium,4.6,"Casual Dining"
O1650,C883,20,D887,R283,McDonalds,"Mumbai B7",Mumbai,2023-09-20,Non-Veg,476,44,113,407,UPI,Occasional,3.4,"Fast Food"
O1651,C297,31,D676,R136,McDonalds,"Bangalore B3",Bangalore,2023-08-27,Non-Veg,408,50,33,425,Cash,Regular,3.2,"Casual Dining"
O1652,C1431,32,D232,R82,McDonalds,"Delhi B8",Delhi,2023-03-25,Non-Veg,531,37,41,527,Cash,Premium,3.8,"Casual Dining"
O1653,C1215,26,D313,R214,"Pizza Hut","Mumbai B3",Mumbai,2024-01-29,Veg,817,46,104,759,Card,Occasional,4.9,"Fast Food"
O1654,C1983,36,D720,R325,KFC,"Hyderabad B4",Hyderabad,2024-01-29,Non-Veg,431,47,23,455,UPI,Regular,4.9,"Casual Dining"
O1655,C495,27,D997,R374,KFC,"Pune B5",Pune,2024-07-28,Veg,934,34,130,838,Cash,Occasional,4.8,"Casual Dining"
O1656,C319,25,D455,R47,"Biryani House","Delhi B3",Delhi,2023-04-12,Non-Veg,419,52,30,441,UPI,Premium,4.3,"Casual Dining"
O1657,C677,63,D752,R33,"Pizza Hut","Mumbai B10",Mumbai,2024-07-09,Veg,501,50,67,484,Cash,Regular,3.3,Cafe
O1658,C460,67,D949,R280,McDonalds,"Hyderabad B10",Hyderabad,2023-08-03,Veg,380,26,27,379,Cash,Occasional,4.7,"Fast Food"
O1659,C1719,69,D733,R49,KFC,"Delhi B3",Delhi,2023-11-26,Non-Veg,730,29,20,739,Cash,Premium,4.9,"Fast Food"
O1660,C1669,26,D344,R140,"Pizza Hut","Pune B5",Pune,2024-07-19,Veg,268,55,38,285,UPI,Premium,3.3,Cafe
O1661,C1358,36,D438,R49,KFC,"Delhi B3",Delhi,2023-08-05,Veg,831,49,76,804,UPI,Premium,4.2,"Fast Food"
O1662,C1980,39,D978,R35,McDonalds,"Bangalore B6",Bangalore,2023-09-02,Veg,380,41,43,378,Cash,Regular,4.8,"Casual Dining"
O1663,C714,70,D595,R222,Dominos,"Delhi B10",Delhi,2024-06-30,Veg,686,55,110,631,Cash,Premium,3.4,Cafe
O1664,C1257,40,D888,R140,"Pizza Hut","Pune B5",Pune,2023-11-15,Non-Veg,550,52,73,529,Cash,Occasional,4.2,Cafe
O1665,C58,28,D659,R314,McDonalds,"Pune B7",Pune,2023-04-24,Non-Veg,309,57,108,258,UPI,Premium,3.7,Cafe
O1666,C1064,37,D910,R362,Dominos,"Bangalore B2",Bangalore,2024-04-10,Non-Veg,737,45,131,651,UPI,Occasional,3.3,Cafe
O1667,C107,35,D954,R350,"Pizza Hut","Pune B2",Pune,2023-11-02,Non-Veg,526,20,66,480,UPI,Premium,4.9,"Casual Dining"
O1668,C140,30,D566,R208,"Biryani House","Pune B2",Pune,2024-01-17,Non-Veg,202,50,74,178,Cash,Premium,3.6,"Fast Food"
O1669,C1260,41,D951,R38,McDonalds,"Bangalore B5",Bangalore,2024-02-10,Veg,303,32,24,311,UPI,Regular,3.9,"Casual Dining"
O1670,C1700,48,D238,R177,"Biryani House","Hyderabad B8",Hyderabad,2023-10-25,Veg,818,31,54,795,Cash,Occasional,3.7,"Casual Dining"
O1671,C1111,32,D826,R398,"Biryani House","Delhi B7",Delhi,2023-05-09,Veg,827,49,147,729,Cash,Premium,3.5,"Casual Dining"
O1672,C2,36,D828,R145,McDonalds,"Pune B4",Pune,2024-05-08,Non-Veg,248,33,22,259,Cash,Premium,4.2,"Fast Food"
O1673,C941,38,D190,R275,Dominos,"Bangalore B9",Bangalore,2024-01-17,Veg,612,22,77,557,Cash,Regular,4.3,Cafe
O1674,C1760,26,D65,R274,KFC,"Pune B2",Pune,2023-07-12,Non-Veg,295,28,132,191,UPI,Premium,3.5,Cafe
O1675,C226,20,D894,R214,"Pizza Hut","Mumbai B3",Mumbai,2023-08-22,Non-Veg,942,27,39,930,UPI,Regular,3.4,"Fast Food"
O1676,C1859,31,D364,R129,KFC,"Delhi B5",Delhi,2023-10-31,Veg,834,28,100,762,UPI,Premium,3.3,"Fast Food"
O1677,C1761,32,D594,R48,"Pizza Hut","Mumbai B10",Mumbai,2024-06-04,Non-Veg,364,37,47,354,UPI,Premium,3,"Casual Dining"
O1678,C388,39,D85,R380,"Pizza Hut","Hyderabad B4",Hyderabad,2023-10-17,Veg,258,24,13,269,Cash,Regular,4.3,"Casual Dining"
O1679,C638,26,D822,R369,"Biryani House","Delhi B4",Delhi,2023-11-23,Veg,438,51,21,468,Cash,Regular,3.1,Cafe
O1680,C327,28,D27,R196,"Biryani House","Hyderabad B5",Hyderabad,2023-08-21,Veg,341,27,114,254,Cash,Occasional,5,Cafe
O1681,C836,30,D51,R373,Dominos,"Mumbai B4",Mumbai,2024-10-10,Veg,657,28,105,580,UPI,Regular,3.8,Cafe
O1682,C283,33,D333,R333,Dominos,"Pune B1",Pune,2023-12-14,Non-Veg,261,44,21,284,Cash,Regular,4.7,"Fast Food"
O1683,C1523,31,D497,R63,Dominos,"Delhi B3",Delhi,2023-10-09,Non-Veg,706,56,37,725,UPI,Regular,4.6,Cafe
O1684,C344,40,D205,R213,Dominos,"Mumbai B2",Mumbai,2023-03-09,Non-Veg,402,28,40,390,Cash,Occasional,4.6,Cafe
O1685,C1061,57,D688,R31,McDonalds,"Bangalore B6",Bangalore,2024-03-20,Non-Veg,263,32,82,213,UPI,Premium,3.6,"Fast Food"
O1686,C204,37,D199,R384,McDonalds,"Hyderabad B2",Hyderabad,2023-10-09,Non-Veg,407,58,84,381,UPI,Occasional,3.1,Cafe
O1687,C1307,35,D105,R289,KFC,"Delhi B8",Delhi,2024-04-20,Veg,892,32,81,843,UPI,Occasional,3.5,"Fast Food"
O1688,C256,29,D649,R236,Dominos,"Hyderabad B9",Hyderabad,2023-12-14,Non-Veg,767,29,52,744,UPI,Regular,4.6,"Fast Food"
O1689,C345,38,D392,R252,"Pizza Hut","Hyderabad B1",Hyderabad,2023-07-23,Non-Veg,235,20,77,178,UPI,Occasional,4.1,"Fast Food"
O1690,C1178,26,D153,R292,"Pizza Hut","Delhi B4",Delhi,2023-05-26,Non-Veg,539,29,18,550,UPI,Regular,3.9,"Casual Dining"
O1691,C1927,36,D769,R320,"Pizza Hut","Mumbai B2",Mumbai,2024-03-21,Veg,292,28,136,184,Cash,Premium,3.6,Cafe
O1692,C347,40,D433,R44,"Biryani House","Hyderabad B9",Hyderabad,2024-03-01,Veg,972,46,112,906,UPI,Premium,3.9,"Fast Food"
O1693,C404,30,D50,R82,McDonalds,"Delhi B8",Delhi,2024-03-04,Non-Veg,732,24,77,679,UPI,Regular,4.1,"Casual Dining"
O1694,C1084,37,D608,R64,KFC,"Delhi B7",Delhi,2024-02-07,Non-Veg,980,60,116,924,Cash,Occasional,4.7,"Fast Food"
O1695,C661,29,D828,R393,"Pizza Hut","Pune B6",Pune,2023-11-17,Veg,562,24,46,540,Cash,Premium,4.2,"Casual Dining"
O1696,C1636,28,D545,R173,KFC,"Mumbai B10",Mumbai,2024-04-15,Non-Veg,412,28,140,300,UPI,Regular,4.5,"Fast Food"
O1697,C759,33,D724,R226,"Pizza Hut","Mumbai B7",Mumbai,2024-05-14,Veg,409,30,118,321,UPI,Premium,4.6,"Casual Dining"
O1698,C750,29,D876,R116,Dominos,"Delhi B9",Delhi,2023-10-08,Non-Veg,336,34,67,303,Cash,Premium,3.3,"Fast Food"
O1699,C1576,36,D760,R267,"Biryani House","Bangalore B9",Bangalore,2023-07-26,Non-Veg,959,27,136,850,UPI,Occasional,3.5,"Casual Dining"
O1700,C316,26,D475,R189,KFC,"Bangalore B5",Bangalore,2024-09-13,Veg,934,37,63,908,Cash,Regular,3.1,Cafe
O1701,C730,28,D918,R314,McDonalds,"Pune B7",Pune,2023-09-09,Non-Veg,240,36,130,146,UPI,Regular,4.5,Cafe
O1702,C1920,68,D102,R151,"Biryani House","Hyderabad B10",Hyderabad,2023-12-12,Non-Veg,212,44,57,199,UPI,Occasional,3.9,"Fast Food"
O1703,C1918,43,D232,R358,"Pizza Hut","Delhi B10",Delhi,2023-09-11,Veg,413,36,108,341,Card,Regular,3.8,"Fast Food"
O1704,C176,22,D405,R165,"Biryani House","Hyderabad B3",Hyderabad,2023-03-20,Non-Veg,731,22,48,705,UPI,Premium,4.4,"Casual Dining"
O1705,C63,32,D370,R17,"Biryani House","Delhi B10",Delhi,2024-08-07,Veg,825,54,62,817,Cash,Regular,4.6,Cafe
O1706,C1758,25,D783,R198,"Pizza Hut","Mumbai B6",Mumbai,2023-09-19,Non-Veg,340,47,118,269,UPI,Regular,4.9,"Fast Food"
O1707,C1175,27,D359,R68,McDonalds,"Bangalore B4",Bangalore,2024-01-18,Non-Veg,991,59,19,1031,UPI,Premium,3.9,Cafe
O1708,C449,38,D991,R2,"Biryani House","Mumbai B4",Mumbai,2024-03-03,Non-Veg,630,45,16,659,Cash,Occasional,3.8,Cafe
O1709,C1281,48,D502,R50,"Biryani House","Hyderabad B5",Hyderabad,2024-02-19,Non-Veg,700,38,137,601,UPI,Regular,4.7,Cafe
O1710,C1880,38,D158,R90,McDonalds,"Pune B9",Pune,2023-08-07,Veg,766,47,146,667,Cash,Regular,4.4,Cafe
O1711,C361,25,D440,R93,McDonalds,"Mumbai B6",Mumbai,2023-10-26,Non-Veg,861,37,16,882,UPI,Premium,4.3,"Casual Dining"
O1712,C192,54,D258,R106,Dominos,"Mumbai B10",Mumbai,2023-04-29,Veg,920,38,149,809,UPI,Occasional,4,"Fast Food"
O1713,C57,34,D580,R54,"Pizza Hut","Delhi B4",Delhi,2024-07-17,Veg,356,60,146,270,Cash,Regular,4.5,"Casual Dining"
O1714,C937,35,D869,R54,"Pizza Hut","Delhi B4",Delhi,2023-12-30,Veg,665,58,20,703,UPI,Regular,4.8,"Casual Dining"
O1715,C1672,69,D451,R172,"Biryani House","Pune B1",Pune,2024-01-11,Non-Veg,500,41,148,393,Cash,Occasional,3.2,"Fast Food"
O1716,C1781,44,D559,R170,"Pizza Hut","Mumbai B3",Mumbai,2023-12-12,Veg,645,39,41,643,Cash,Premium,3.4,Cafe
O1717,C1536,62,D661,R60,"Pizza Hut","Mumbai B3",Mumbai,2024-06-22,Non-Veg,204,35,105,134,Cash,Regular,4.5,Cafe
O1718,C1669,28,D210,R248,McDonalds,"Pune B1",Pune,2023-10-08,Veg,266,47,134,179,Cash,Premium,3.3,"Casual Dining"
O1719,C1815,25,D972,R303,"Pizza Hut","Delhi B3",Delhi,2024-01-28,Veg,851,41,139,753,UPI,Occasional,4.6,"Casual Dining"
O1720,C1909,26,D452,R6,Dominos,"Mumbai B4",Mumbai,2023-10-10,Veg,580,41,68,553,Cash,Premium,4.8,Cafe
O1721,C470,25,D708,R268,"Biryani House","Hyderabad B4",Hyderabad,2024-01-16,Non-Veg,966,38,73,931,UPI,Premium,4.7,"Fast Food"
O1722,C681,38,D168,R75,Dominos,"Pune B10",Pune,2023-10-30,Non-Veg,320,52,69,303,UPI,Regular,3.1,Cafe
O1723,C167,21,D56,R81,"Pizza Hut","Pune B7",Pune,2024-04-16,Veg,232,44,7,269,UPI,Occasional,4.9,"Fast Food"
O1724,C1671,33,D468,R285,"Pizza Hut","Hyderabad B9",Hyderabad,2023-05-08,Veg,627,32,57,602,Cash,Regular,3.5,"Fast Food"
O1725,C1139,26,D691,R23,Dominos,"Delhi B6",Delhi,2023-04-27,Non-Veg,906,54,104,856,Cash,Premium,4.5,Cafe
O1726,C536,30,D515,R125,"Pizza Hut","Delhi B2",Delhi,2024-04-28,Non-Veg,229,21,30,220,UPI,Regular,4.3,"Casual Dining"
O1727,C1282,37,D603,R54,"Pizza Hut","Delhi B4",Delhi,2024-07-15,Non-Veg,306,48,83,271,UPI,Premium,4.8,"Casual Dining"
O1728,C1806,30,D71,R167,McDonalds,"Bangalore B5",Bangalore,2024-02-17,Non-Veg,411,31,83,359,Cash,Occasional,3.9,"Fast Food"
O1729,C381,31,D361,R385,"Biryani House","Hyderabad B4",Hyderabad,2023-12-11,Non-Veg,622,48,46,624,UPI,Premium,3.5,"Casual Dining"
O1730,C1696,36,D704,R234,"Biryani House","Delhi B2",Delhi,2024-02-16,Veg,470,58,19,509,UPI,Premium,3.2,"Fast Food"
O1731,C1632,29,D300,R349,"Pizza Hut","Bangalore B10",Bangalore,2024-06-22,Veg,328,24,103,249,Cash,Regular,4.5,Cafe
O1732,C1836,27,D381,R228,McDonalds,"Delhi B6",Delhi,2023-08-13,Veg,915,36,103,848,Cash,Regular,3.1,Cafe
O1733,C1529,34,D322,R198,"Pizza Hut","Mumbai B6",Mumbai,2023-07-31,Non-Veg,205,41,16,230,UPI,Premium,5,"Fast Food"
O1734,C1314,25,D94,R178,"Pizza Hut","Delhi B4",Delhi,2024-05-27,Veg,786,54,130,710,UPI,Premium,3.7,"Casual Dining"
O1735,C962,30,D706,R218,McDonalds,"Pune B2",Pune,2024-02-23,Non-Veg,569,58,99,528,Cash,Occasional,4.5,"Fast Food"
O1736,C101,26,D114,R192,Dominos,"Bangalore B9",Bangalore,2023-04-12,Non-Veg,269,34,150,153,UPI,Premium,3.2,"Fast Food"
O1737,C349,25,D842,R128,McDonalds,"Hyderabad B9",Hyderabad,2023-10-11,Non-Veg,1000,57,47,1010,UPI,Regular,4.8,"Fast Food"
O1738,C1727,33,D38,R60,"Pizza Hut","Mumbai B3",Mumbai,2023-12-07,Non-Veg,432,20,77,375,Cash,Regular,4.1,Cafe
O1739,C510,26,D983,R248,McDonalds,"Pune B1",Pune,2023-10-31,Veg,709,21,117,613,UPI,Regular,3.6,"Casual Dining"
O1740,C698,34,D509,R227,McDonalds,"Hyderabad B4",Hyderabad,2023-10-23,Veg,723,60,130,653,UPI,Premium,3.9,"Casual Dining"
O1741,C1659,55,D409,R24,"Pizza Hut","Hyderabad B3",Hyderabad,2023-12-04,Non-Veg,393,42,18,417,Cash,Occasional,4.1,"Fast Food"
O1742,C726,36,D419,R153,KFC,"Bangalore B1",Bangalore,2023-05-13,Non-Veg,716,45,143,618,UPI,Regular,4.9,"Casual Dining"
O1743,C1620,29,D172,R325,KFC,"Hyderabad B4",Hyderabad,2023-09-16,Non-Veg,994,34,124,904,UPI,Premium,4.8,"Casual Dining"
O1744,C1605,25,D377,R120,"Biryani House","Mumbai B9",Mumbai,2024-02-10,Veg,893,42,116,819,UPI,Premium,4.6,Cafe
O1745,C1540,28,D683,R69,"Pizza Hut","Bangalore B6",Bangalore,2023-09-17,Non-Veg,472,27,119,380,UPI,Regular,5,Cafe
O1746,C1391,31,D742,R260,KFC,"Mumbai B1",Mumbai,2023-08-17,Non-Veg,920,57,141,836,UPI,Regular,4.5,Cafe
O1747,C1696,39,D173,R351,"Pizza Hut","Delhi B9",Delhi,2024-03-12,Veg,954,58,104,908,Cash,Premium,3.7,"Fast Food"
O1748,C998,36,D899,R217,"Pizza Hut","Mumbai B4",Mumbai,2024-01-13,Veg,305,36,101,240,Cash,Premium,4.5,"Fast Food"
O1749,C1033,36,D128,R212,"Biryani House","Bangalore B6",Bangalore,2023-12-27,Veg,211,59,9,261,UPI,Regular,4.3,"Casual Dining"
O1750,C881,28,D937,R257,Dominos,"Bangalore B3",Bangalore,2023-07-17,Veg,389,52,77,364,UPI,Regular,3.5,Cafe
O1751,C773,37,D521,R333,Dominos,"Pune B1",Pune,2024-02-10,Non-Veg,457,24,43,438,UPI,Regular,4.4,"Fast Food"
O1752,C923,30,D467,R106,Dominos,"Mumbai B10",Mumbai,2023-05-16,Non-Veg,760,55,108,707,Cash,Regular,4.2,"Fast Food"
O1753,C1790,28,D617,R7,"Biryani House","Delhi B7",Delhi,2024-09-04,Veg,224,31,150,105,Cash,Occasional,4.7,Cafe
O1754,C105,29,D252,R217,"Pizza Hut","Mumbai B4",Mumbai,2023-06-28,Veg,377,49,33,393,UPI,Premium,4.8,"Fast Food"
O1755,C262,55,D67,R395,McDonalds,"Hyderabad B6",Hyderabad,2023-10-28,Non-Veg,845,56,26,875,UPI,Occasional,4.1,"Fast Food"
O1756,C1104,30,D765,R76,"Biryani House","Mumbai B9",Mumbai,2024-03-01,Non-Veg,980,50,58,972,Cash,Regular,5,Cafe
O1757,C1645,32,D683,R220,"Biryani House","Bangalore B9",Bangalore,2023-12-31,Non-Veg,547,27,86,488,UPI,Premium,5,"Casual Dining"
O1758,C207,25,D277,R258,KFC,"Bangalore B3",Bangalore,2023-09-07,Veg,475,40,28,487,UPI,Regular,3.8,"Fast Food"
O1759,C1750,31,D808,R347,Dominos,"Bangalore B3",Bangalore,2023-10-30,Non-Veg,844,56,117,783,Cash,Occasional,3.8,"Fast Food"
O1760,C1432,58,D340,R139,KFC,"Mumbai B6",Mumbai,2023-10-08,Non-Veg,429,46,25,450,Cash,Premium,4.8,"Casual Dining"
O1761,C1656,28,D950,R185,Dominos,"Pune B4",Pune,2023-07-03,Non-Veg,309,41,13,337,UPI,Premium,4.4,"Casual Dining"
O1762,C1847,27,D102,R318,"Pizza Hut","Hyderabad B3",Hyderabad,2023-07-28,Veg,854,48,13,889,Cash,Premium,3.9,Cafe
O1763,C1768,35,D273,R187,KFC,"Delhi B8",Delhi,2024-01-01,Veg,526,32,120,438,UPI,Regular,4.2,"Casual Dining"
O1764,C229,38,D290,R53,KFC,"Hyderabad B5",Hyderabad,2024-01-23,Veg,903,56,74,885,Card,Occasional,3.4,"Fast Food"
O1765,C839,30,D117,R185,Dominos,"Pune B4",Pune,2023-08-24,Non-Veg,790,56,9,837,UPI,Regular,3.5,"Casual Dining"
O1766,C1461,56,D318,R143,"Biryani House","Mumbai B10",Mumbai,2024-03-15,Veg,548,28,26,550,UPI,Premium,3.8,"Fast Food"
O1767,C823,34,D521,R239,McDonalds,"Pune B3",Pune,2024-02-09,Veg,645,39,113,571,Cash,Regular,4.4,Cafe
O1768,C443,36,D418,R260,KFC,"Mumbai B1",Mumbai,2023-10-30,Non-Veg,485,43,108,420,UPI,Regular,4.4,Cafe
O1769,C1364,32,D474,R36,"Biryani House","Delhi B6",Delhi,2023-06-30,Non-Veg,489,22,150,361,Cash,Regular,3.7,Cafe
O1770,C1461,31,D456,R262,McDonalds,"Mumbai B10",Mumbai,2024-04-08,Veg,677,37,94,620,UPI,Premium,3.6,"Casual Dining"
O1771,C1104,25,D682,R40,McDonalds,"Mumbai B7",Mumbai,2023-11-24,Veg,649,34,125,558,UPI,Regular,3.2,"Casual Dining"
O1772,C1865,26,D451,R164,"Biryani House","Pune B5",Pune,2024-07-15,Veg,844,25,41,828,Cash,Regular,3.2,Cafe
O1773,C692,29,D967,R108,"Pizza Hut","Mumbai B4",Mumbai,2024-03-14,Veg,330,37,74,293,UPI,Premium,4.2,"Casual Dining"
O1774,C58,26,D202,R100,"Pizza Hut","Pune B3",Pune,2023-10-02,Non-Veg,935,53,32,956,UPI,Premium,3.9,"Fast Food"
O1775,C1088,32,D350,R376,"Biryani House","Bangalore B4",Bangalore,2023-11-17,Veg,298,24,34,288,UPI,Occasional,4.1,"Casual Dining"
O1776,C62,35,D426,R289,KFC,"Delhi B8",Delhi,2024-01-29,Veg,873,23,80,816,UPI,Premium,3.4,"Fast Food"
O1777,C719,37,D380,R184,KFC,"Bangalore B3",Bangalore,2023-12-17,Veg,771,49,91,729,Cash,Premium,3.5,"Casual Dining"
O1778,C1110,34,D641,R43,"Pizza Hut","Hyderabad B5",Hyderabad,2023-07-18,Non-Veg,550,43,69,524,Cash,Occasional,4.7,"Fast Food"
O1779,C1229,66,D686,R170,"Pizza Hut","Mumbai B3",Mumbai,2023-08-22,Veg,617,29,19,627,UPI,Regular,3.3,Cafe
O1780,C1360,37,D257,R166,"Pizza Hut","Hyderabad B2",Hyderabad,2024-07-17,Non-Veg,537,34,86,485,UPI,Premium,3.6,"Casual Dining"
O1781,C1931,32,D997,R183,"Biryani House","Pune B3",Pune,2024-03-02,Non-Veg,512,43,4,551,UPI,Premium,4.8,"Fast Food"
O1782,C1072,60,D617,R88,"Biryani House","Delhi B4",Delhi,2024-10-18,Veg,632,24,53,603,UPI,Occasional,4.7,"Casual Dining"
O1783,C1367,28,D552,R172,"Biryani House","Pune B1",Pune,2023-08-13,Veg,469,34,9,494,UPI,Premium,3.7,"Fast Food"
O1784,C727,27,D435,R235,"Pizza Hut","Pune B9",Pune,2023-10-18,Veg,897,57,59,895,Cash,Occasional,3.7,"Fast Food"
O1785,C1255,25,D444,R331,"Biryani House","Bangalore B7",Bangalore,2024-02-17,Veg,432,35,149,318,UPI,Premium,4.7,"Casual Dining"
O1786,C1593,37,D176,R29,Dominos,"Hyderabad B2",Hyderabad,2024-07-29,Veg,536,22,100,458,UPI,Regular,4.4,"Fast Food"
O1787,C1973,35,D477,R326,McDonalds,"Pune B7",Pune,2023-08-23,Non-Veg,983,38,25,996,Cash,Regular,3.2,"Casual Dining"
O1788,C769,58,D492,R218,McDonalds,"Pune B2",Pune,2023-07-16,Veg,615,55,16,654,UPI,Premium,4.2,"Fast Food"
O1789,C487,46,D550,R310,"Biryani House","Mumbai B3",Mumbai,2023-09-19,Non-Veg,870,32,52,850,UPI,Regular,5,"Casual Dining"
O1790,C1639,29,D50,R230,KFC,"Delhi B7",Delhi,2023-11-27,Veg,334,58,143,249,UPI,Premium,4.1,"Casual Dining"
O1791,C15,24,D606,R382,McDonalds,"Mumbai B8",Mumbai,2023-06-01,Veg,933,43,142,834,Cash,Regular,3,Cafe
O1792,C855,36,D272,R400,McDonalds,"Pune B4",Pune,2023-10-28,Non-Veg,476,27,57,446,Card,Occasional,3.3,"Fast Food"
O1793,C1489,27,D886,R12,"Biryani House","Bangalore B7",Bangalore,2023-11-17,Veg,663,28,126,565,UPI,Regular,4.6,"Casual Dining"
O1794,C599,28,D970,R50,"Biryani House","Hyderabad B5",Hyderabad,2024-07-07,Veg,903,52,31,924,UPI,Premium,4.7,Cafe
O1795,C327,25,D139,R318,"Pizza Hut","Hyderabad B3",Hyderabad,2023-10-05,Veg,624,53,41,636,Cash,Occasional,3.5,Cafe
O1796,C698,34,D891,R51,"Pizza Hut","Hyderabad B9",Hyderabad,2024-07-20,Veg,380,60,16,424,UPI,Premium,3.3,Cafe
O1797,C1256,27,D616,R63,Dominos,"Delhi B3",Delhi,2023-09-06,Non-Veg,303,33,114,222,Cash,Premium,4.6,Cafe
O1798,C164,40,D733,R303,"Pizza Hut","Delhi B3",Delhi,2024-01-07,Veg,477,25,26,476,UPI,Regular,4.9,"Casual Dining"
O1799,C843,18,D146,R109,Dominos,"Bangalore B3",Bangalore,2023-12-10,Veg,564,26,38,552,Cash,Occasional,4.6,Cafe
O1800,C839,30,D459,R350,"Pizza Hut","Pune B2",Pune,2023-08-31,Non-Veg,335,54,131,258,UPI,Regular,3.5,"Casual Dining"
O1801,C1677,40,D95,R81,"Pizza Hut","Pune B7",Pune,2024-03-18,Non-Veg,256,24,88,192,UPI,Premium,4.8,"Fast Food"
O1802,C1485,35,D873,R233,"Pizza Hut","Bangalore B5",Bangalore,2024-05-14,Non-Veg,592,33,68,557,UPI,Occasional,3.7,"Casual Dining"
O1803,C223,31,D534,R142,"Pizza Hut","Hyderabad B6",Hyderabad,2024-01-28,Veg,824,21,113,732,UPI,Occasional,4.3,"Fast Food"
O1804,C1730,26,D49,R221,KFC,"Hyderabad B2",Hyderabad,2023-12-02,Veg,279,47,48,278,UPI,Occasional,4.3,"Casual Dining"
O1805,C1400,36,D588,R106,Dominos,"Mumbai B10",Mumbai,2023-11-11,Non-Veg,867,59,97,829,UPI,Regular,4.3,"Fast Food"
O1806,C1531,33,D493,R387,KFC,"Pune B7",Pune,2023-10-31,Veg,467,30,48,449,Cash,Occasional,4.8,"Casual Dining"
O1807,C1047,51,D420,R103,"Pizza Hut","Hyderabad B1",Hyderabad,2024-01-05,Non-Veg,629,35,6,658,UPI,Premium,4.4,Cafe
O1808,C2000,34,D311,R311,KFC,"Hyderabad B5",Hyderabad,2023-08-05,Non-Veg,909,30,116,823,Cash,Premium,3.4,"Casual Dining"
O1809,C1702,33,D247,R275,Dominos,"Bangalore B9",Bangalore,2024-02-28,Non-Veg,954,52,88,918,Cash,Occasional,4.4,Cafe
O1810,C28,35,D629,R163,"Biryani House","Bangalore B1",Bangalore,2023-10-04,Veg,275,28,55,248,UPI,Occasional,3.5,"Fast Food"
O1811,C1738,29,D649,R280,McDonalds,"Hyderabad B10",Hyderabad,2024-05-21,Veg,475,41,149,367,UPI,Occasional,4.6,"Fast Food"
O1812,C219,69,D138,R186,"Pizza Hut","Delhi B5",Delhi,2023-07-20,Veg,207,60,47,220,Cash,Occasional,4.1,Cafe
O1813,C742,35,D729,R375,McDonalds,"Bangalore B3",Bangalore,2024-01-06,Non-Veg,788,57,9,836,Cash,Regular,3.6,"Fast Food"
O1814,C1040,66,D918,R239,McDonalds,"Pune B3",Pune,2023-06-08,Veg,826,28,101,753,UPI,Regular,4.5,Cafe
O1815,C1255,31,D973,R69,"Pizza Hut","Bangalore B6",Bangalore,2023-12-12,Veg,503,32,84,451,UPI,Premium,3.7,Cafe
O1816,C1047,66,D427,R236,Dominos,"Hyderabad B9",Hyderabad,2024-06-16,Veg,592,23,7,608,UPI,Premium,3.2,"Fast Food"
O1817,C382,30,D175,R369,"Biryani House","Delhi B4",Delhi,2024-02-23,Non-Veg,381,42,30,393,UPI,Premium,4.4,Cafe
O1818,C1267,68,D44,R154,"Pizza Hut","Bangalore B7",Bangalore,2024-02-13,Veg,912,43,102,853,UPI,Regular,3.5,"Fast Food"
O1819,C742,45,D444,R316,McDonalds,"Bangalore B3",Bangalore,2024-08-20,Non-Veg,217,21,98,140,Cash,Regular,4.7,"Casual Dining"
O1820,C1151,30,D214,R398,"Biryani House","Delhi B7",Delhi,2023-11-03,Veg,921,48,29,940,Cash,Occasional,3.5,"Casual Dining"
O1821,C681,30,D781,R387,KFC,"Pune B7",Pune,2024-05-22,Veg,995,40,54,981,UPI,Regular,3.7,"Casual Dining"
O1822,C1648,54,D279,R42,KFC,"Hyderabad B2",Hyderabad,2024-03-04,Veg,563,54,149,468,UPI,Premium,4.9,"Fast Food"
O1823,C1466,42,D702,R125,"Pizza Hut","Delhi B2",Delhi,2023-07-26,Non-Veg,461,25,132,354,Cash,Regular,3.6,"Casual Dining"
O1824,C588,19,D491,R40,McDonalds,"Mumbai B7",Mumbai,2023-10-01,Non-Veg,424,51,68,407,UPI,Occasional,4.9,"Casual Dining"
O1825,C441,65,D960,R99,"Pizza Hut","Bangalore B6",Bangalore,2024-05-29,Veg,277,53,38,292,Cash,Premium,4.7,"Fast Food"
O1826,C427,19,D543,R268,"Biryani House","Hyderabad B4",Hyderabad,2023-09-16,Non-Veg,927,30,35,922,Cash,Premium,4.7,"Fast Food"
O1827,C1969,27,D705,R375,McDonalds,"Bangalore B3",Bangalore,2023-12-30,Non-Veg,923,25,67,881,UPI,Premium,3.1,"Fast Food"
O1828,C928,29,D700,R218,McDonalds,"Pune B2",Pune,2023-12-30,Veg,542,44,3,583,UPI,Regular,4.9,"Fast Food"
O1829,C1582,26,D596,R118,KFC,"Mumbai B4",Mumbai,2023-08-31,Non-Veg,226,24,109,141,UPI,Occasional,4.3,"Casual Dining"
O1830,C1213,41,D496,R230,KFC,"Delhi B7",Delhi,2024-05-05,Veg,325,24,109,240,UPI,Premium,3.4,"Casual Dining"
O1831,C140,39,D259,R81,"Pizza Hut","Pune B7",Pune,2023-08-19,Non-Veg,485,41,32,494,Cash,Premium,4.3,"Fast Food"
O1832,C295,29,D580,R63,Dominos,"Delhi B3",Delhi,2024-03-28,Veg,231,42,90,183,UPI,Occasional,4.5,Cafe
O1833,C1788,34,D874,R180,KFC,"Mumbai B2",Mumbai,2023-10-19,Non-Veg,936,27,106,857,UPI,Premium,3.6,"Casual Dining"
O1834,C725,25,D673,R55,"Pizza Hut","Delhi B3",Delhi,2023-04-21,Veg,785,24,127,682,Cash,Occasional,3.4,"Casual Dining"
O1835,C260,39,D30,R39,KFC,"Mumbai B7",Mumbai,2023-05-13,Non-Veg,945,27,134,838,Cash,Occasional,4.6,"Casual Dining"
O1836,C698,35,D791,R181,"Biryani House","Hyderabad B9",Hyderabad,2023-05-31,Veg,676,38,108,606,UPI,Premium,3.6,"Casual Dining"
O1837,C189,64,D184,R215,Dominos,"Hyderabad B10",Hyderabad,2024-09-23,Veg,863,60,96,827,UPI,Regular,4.8,"Fast Food"
O1838,C766,26,D493,R235,"Pizza Hut","Pune B9",Pune,2023-12-12,Veg,800,58,99,759,Cash,Regular,4.8,"Fast Food"
O1839,C1034,33,D547,R252,"Pizza Hut","Hyderabad B1",Hyderabad,2023-09-30,Veg,402,41,120,323,UPI,Regular,3.6,"Fast Food"
O1840,C1120,46,D815,R331,"Biryani House","Bangalore B7",Bangalore,2023-11-01,Non-Veg,779,37,125,691,UPI,Premium,4.4,"Casual Dining"
O1841,C917,35,D781,R172,"Biryani House","Pune B1",Pune,2023-09-23,Non-Veg,322,27,57,292,UPI,Occasional,3.7,"Fast Food"
O1842,C1892,30,D438,R23,Dominos,"Delhi B6",Delhi,2023-08-28,Veg,686,32,42,676,UPI,Occasional,4.2,Cafe
O1843,C967,32,D395,R336,"Biryani House","Bangalore B9",Bangalore,2023-09-17,Non-Veg,209,30,73,166,Cash,Occasional,4,"Fast Food"
O1844,C1629,33,D754,R262,McDonalds,"Mumbai B10",Mumbai,2024-05-25,Veg,335,41,79,297,UPI,Regular,4.8,"Casual Dining"
O1845,C1500,27,D917,R255,Dominos,"Pune B2",Pune,2024-08-22,Non-Veg,358,40,115,283,UPI,Regular,3.6,Cafe
O1846,C9,25,D444,R316,McDonalds,"Bangalore B3",Bangalore,2024-04-22,Non-Veg,274,50,76,248,UPI,Regular,4.7,"Casual Dining"
O1847,C507,31,D800,R21,Dominos,"Mumbai B1",Mumbai,2023-10-21,Veg,990,54,108,936,Cash,Premium,4,"Fast Food"
O1848,C1959,57,D768,R253,McDonalds,"Bangalore B10",Bangalore,2024-01-16,Non-Veg,630,31,20,641,Cash,Occasional,4.3,"Fast Food"
O1849,C1635,39,D253,R301,Dominos,"Mumbai B5",Mumbai,2023-10-22,Non-Veg,264,58,119,203,UPI,Regular,4.5,Cafe
O1850,C331,36,D390,R199,"Biryani House","Delhi B9",Delhi,2023-07-08,Non-Veg,726,35,63,698,UPI,Regular,4.6,"Casual Dining"
O1851,C166,30,D985,R305,Dominos,"Bangalore B1",Bangalore,2024-06-25,Veg,739,58,61,736,UPI,Occasional,3.6,"Fast Food"
O1852,C769,61,D555,R242,McDonalds,"Pune B8",Pune,2024-05-11,Non-Veg,951,54,124,881,UPI,Premium,4.5,"Fast Food"
O1853,C951,25,D481,R125,"Pizza Hut","Delhi B2",Delhi,2024-03-21,Veg,941,45,94,892,UPI,Regular,4.9,"Casual Dining"
O1854,C204,28,D449,R53,KFC,"Hyderabad B5",Hyderabad,2024-01-21,Non-Veg,869,57,51,875,Cash,Occasional,4.3,"Fast Food"
O1855,C452,39,D111,R173,KFC,"Mumbai B10",Mumbai,2023-12-22,Non-Veg,441,51,125,367,UPI,Regular,4.6,"Fast Food"
O1856,C132,40,D737,R304,McDonalds,"Delhi B1",Delhi,2024-04-27,Non-Veg,664,46,94,616,Cash,Premium,4.9,Cafe
O1857,C1855,66,D694,R259,"Pizza Hut","Delhi B6",Delhi,2023-08-03,Veg,318,36,77,277,Cash,Premium,3.4,"Casual Dining"
O1858,C1861,37,D14,R293,KFC,"Mumbai B3",Mumbai,2024-01-01,Non-Veg,390,53,25,418,UPI,Regular,4.1,Cafe
O1859,C1809,21,D164,R196,"Biryani House","Hyderabad B5",Hyderabad,2023-06-03,Non-Veg,363,55,44,374,Cash,Occasional,3.8,Cafe
O1860,C781,38,D358,R11,"Biryani House","Pune B2",Pune,2023-12-18,Non-Veg,393,39,37,395,UPI,Premium,3.7,"Fast Food"
O1861,C1458,31,D914,R381,KFC,"Hyderabad B10",Hyderabad,2024-06-06,Veg,426,49,95,380,Cash,Premium,3.5,"Fast Food"
O1862,C1314,34,D225,R17,"Biryani House","Delhi B10",Delhi,2023-09-06,Veg,994,37,103,928,UPI,Premium,4.2,Cafe
O1863,C1062,26,D313,R392,"Biryani House","Mumbai B2",Mumbai,2024-03-20,Non-Veg,482,26,22,486,Cash,Regular,4.9,"Casual Dining"
O1864,C1899,68,D14,R283,McDonalds,"Mumbai B7",Mumbai,2023-10-11,Non-Veg,439,52,40,451,Cash,Occasional,4.1,"Fast Food"
O1865,C1953,34,D295,R137,McDonalds,"Mumbai B9",Mumbai,2024-06-11,Veg,520,33,143,410,UPI,Regular,3.1,"Casual Dining"
O1866,C431,41,D260,R266,"Pizza Hut","Bangalore B9",Bangalore,2023-08-20,Veg,717,38,147,608,UPI,Occasional,4.5,"Casual Dining"
O1867,C280,30,D896,R395,McDonalds,"Hyderabad B6",Hyderabad,2023-03-26,Veg,493,50,23,520,UPI,Premium,4.3,"Fast Food"
O1868,C204,28,D510,R58,Dominos,"Hyderabad B2",Hyderabad,2024-06-13,Veg,403,25,38,390,UPI,Occasional,4.3,"Fast Food"
O1869,C1158,27,D909,R346,KFC,"Hyderabad B1",Hyderabad,2023-09-27,Non-Veg,724,54,122,656,Cash,Regular,4.9,Cafe
O1870,C807,41,D500,R298,Dominos,"Pune B5",Pune,2024-03-31,Veg,218,60,4,274,Cash,Premium,3.8,"Casual Dining"
O1871,C1922,36,D122,R383,"Pizza Hut","Bangalore B4",Bangalore,2023-12-26,Veg,981,30,52,959,Cash,Occasional,4.8,"Fast Food"
O1872,C1970,30,D573,R381,KFC,"Hyderabad B10",Hyderabad,2023-02-20,Non-Veg,659,53,49,663,UPI,Premium,4.6,"Fast Food"
O1873,C563,40,D640,R384,McDonalds,"Hyderabad B2",Hyderabad,2023-06-07,Non-Veg,526,56,134,448,UPI,Premium,3.6,Cafe
O1874,C634,32,D243,R288,"Biryani House","Pune B1",Pune,2024-07-01,Non-Veg,773,37,70,740,Cash,Regular,4.6,Cafe
O1875,C763,37,D131,R290,"Biryani House","Pune B10",Pune,2023-08-04,Veg,417,22,29,410,Cash,Regular,3.3,Cafe
O1876,C1801,39,D770,R94,"Pizza Hut","Mumbai B10",Mumbai,2024-01-16,Non-Veg,648,20,57,611,UPI,Occasional,3.8,"Fast Food"
O1877,C1989,39,D725,R110,Dominos,"Delhi B1",Delhi,2024-05-01,Non-Veg,623,38,136,525,Cash,Regular,4.5,"Fast Food"
O1878,C732,32,D274,R167,McDonalds,"Bangalore B5",Bangalore,2023-08-22,Non-Veg,748,39,16,771,UPI,Regular,4.6,"Fast Food"
O1879,C1740,28,D134,R289,KFC,"Delhi B8",Delhi,2024-04-01,Veg,312,50,68,294,Cash,Occasional,4.7,"Fast Food"
O1880,C937,25,D455,R259,"Pizza Hut","Delhi B6",Delhi,2023-05-09,Veg,449,56,120,385,UPI,Regular,4.3,"Casual Dining"
O1881,C463,27,D999,R132,McDonalds,"Hyderabad B1",Hyderabad,2024-06-12,Non-Veg,373,34,134,273,Cash,Occasional,3.3,Cafe
O1882,C674,29,D506,R237,Dominos,"Mumbai B2",Mumbai,2024-10-05,Veg,749,23,81,691,UPI,Regular,4.5,"Fast Food"
O1883,C1376,40,D583,R373,Dominos,"Mumbai B4",Mumbai,2023-05-23,Non-Veg,679,27,148,558,UPI,Regular,4.6,Cafe
O1884,C131,29,D601,R107,KFC,"Pune B4",Pune,2023-10-27,Veg,210,51,67,194,Cash,Regular,4.7,"Casual Dining"
O1885,C190,26,D554,R181,"Biryani House","Hyderabad B9",Hyderabad,2024-02-28,Veg,335,59,22,372,UPI,Premium,3,"Casual Dining"
O1886,C1038,33,D930,R309,McDonalds,"Hyderabad B6",Hyderabad,2023-09-19,Veg,235,57,87,205,Cash,Regular,3,Cafe
O1887,C1029,26,D115,R284,"Pizza Hut","Bangalore B10",Bangalore,2024-05-08,Non-Veg,556,44,55,545,UPI,Premium,3.8,Cafe
O1888,C1292,25,D86,R337,KFC,"Bangalore B8",Bangalore,2024-01-05,Non-Veg,615,45,89,571,Cash,Premium,4.5,"Fast Food"
O1889,C669,48,D197,R339,"Biryani House","Delhi B6",Delhi,2024-03-23,Veg,902,36,11,927,UPI,Premium,3.6,"Casual Dining"
O1890,C1705,30,D606,R30,"Pizza Hut","Mumbai B5",Mumbai,2023-06-17,Non-Veg,528,20,142,406,Cash,Regular,3,"Casual Dining"
O1891,C964,37,D915,R338,McDonalds,"Hyderabad B8",Hyderabad,2023-04-20,Non-Veg,251,57,136,172,UPI,Premium,3.7,"Casual Dining"
O1892,C778,37,D168,R135,KFC,"Pune B5",Pune,2023-09-28,Veg,883,25,137,771,UPI,Occasional,3.1,Cafe
O1893,C1106,42,D247,R188,KFC,"Bangalore B1",Bangalore,2024-10-20,Veg,271,30,30,271,UPI,Regular,4.4,Cafe
O1894,C516,27,D375,R215,Dominos,"Hyderabad B10",Hyderabad,2023-10-25,Non-Veg,736,23,112,647,UPI,Premium,3.7,"Fast Food"
O1895,C325,29,D294,R376,"Biryani House","Bangalore B4",Bangalore,2023-06-30,Non-Veg,296,59,20,335,Cash,Premium,4.9,"Casual Dining"
O1896,C1879,32,D615,R274,KFC,"Pune B2",Pune,2023-05-06,Veg,847,46,54,839,Cash,Regular,4,Cafe
O1897,C1225,40,D533,R334,"Biryani House","Hyderabad B10",Hyderabad,2023-09-07,Veg,881,48,104,825,UPI,Occasional,3.1,Cafe
O1898,C1851,53,D980,R70,"Biryani House","Hyderabad B10",Hyderabad,2024-05-10,Non-Veg,832,21,133,720,Cash,Premium,3.2,"Casual Dining"
O1899,C1094,25,D729,R258,KFC,"Bangalore B3",Bangalore,2023-10-30,Veg,447,24,84,387,Cash,Regular,3.6,"Fast Food"
O1900,C1254,25,D116,R273,McDonalds,"Mumbai B9",Mumbai,2023-09-10,Non-Veg,733,41,111,663,UPI,Occasional,4.8,"Fast Food"
O1901,C1369,25,D253,R293,KFC,"Mumbai B3",Mumbai,2023-06-30,Non-Veg,249,25,52,222,UPI,Occasional,4.5,Cafe
O1902,C1432,39,D775,R2,"Biryani House","Mumbai B4",Mumbai,2024-03-14,Non-Veg,919,60,95,884,UPI,Premium,4.2,Cafe
O1903,C456,35,D745,R353,"Biryani House","Pune B2",Pune,2024-06-07,Non-Veg,475,36,79,432,UPI,Regular,4.9,"Casual Dining"
O1904,C346,33,D865,R250,McDonalds,"Delhi B8",Delhi,2023-09-14,Non-Veg,861,39,100,800,UPI,Regular,4.2,"Fast Food"
O1905,C972,29,D109,R325,KFC,"Hyderabad B4",Hyderabad,2023-11-05,Non-Veg,895,57,76,876,UPI,Regular,3.2,"Casual Dining"
O1906,C870,51,D956,R84,"Biryani House","Bangalore B8",Bangalore,2023-05-04,Veg,303,23,59,267,UPI,Premium,4.2,Cafe
O1907,C943,37,D658,R137,McDonalds,"Mumbai B9",Mumbai,2023-11-08,Veg,235,56,137,154,UPI,Occasional,4.5,"Casual Dining"
O1908,C1411,38,D282,R67,McDonalds,"Bangalore B4",Bangalore,2023-11-07,Veg,589,47,51,585,UPI,Regular,3.6,"Fast Food"
O1909,C1987,60,D91,R386,"Pizza Hut","Mumbai B3",Mumbai,2023-06-10,Non-Veg,670,40,6,704,UPI,Occasional,4.1,"Casual Dining"
O1910,C575,65,D131,R400,McDonalds,"Pune B4",Pune,2023-10-30,Veg,318,56,128,246,Cash,Regular,3.3,"Fast Food"
O1911,C1361,25,D829,R363,KFC,"Hyderabad B9",Hyderabad,2024-06-01,Non-Veg,312,40,92,260,Card,Regular,4.5,"Fast Food"
O1912,C848,32,D555,R75,Dominos,"Pune B10",Pune,2024-01-03,Veg,296,47,34,309,Card,Premium,4.5,Cafe
O1913,C943,36,D414,R386,"Pizza Hut","Mumbai B3",Mumbai,2024-02-29,Non-Veg,687,21,80,628,UPI,Occasional,3.1,"Casual Dining"
O1914,C755,54,D865,R186,"Pizza Hut","Delhi B5",Delhi,2023-05-24,Veg,629,34,65,598,Cash,Occasional,4.2,Cafe
O1915,C758,39,D551,R346,KFC,"Hyderabad B1",Hyderabad,2023-12-27,Non-Veg,839,49,16,872,Cash,Regular,4.1,Cafe
O1916,C1115,31,D809,R67,McDonalds,"Bangalore B4",Bangalore,2023-10-14,Veg,234,41,33,242,Cash,Premium,4.4,"Fast Food"
O1917,C1809,36,D546,R37,Dominos,"Hyderabad B4",Hyderabad,2024-02-29,Veg,582,31,93,520,Card,Occasional,3.5,"Casual Dining"
O1918,C370,31,D357,R272,"Biryani House","Hyderabad B5",Hyderabad,2023-12-13,Non-Veg,890,21,13,898,Cash,Occasional,3.2,Cafe
O1919,C1214,30,D291,R251,Dominos,"Delhi B10",Delhi,2023-05-28,Veg,359,40,106,293,Cash,Regular,3.2,"Casual Dining"
O1920,C776,29,D905,R95,KFC,"Pune B2",Pune,2023-11-23,Non-Veg,784,40,141,683,Cash,Premium,3.6,"Fast Food"
O1921,C281,36,D938,R229,"Pizza Hut","Bangalore B9",Bangalore,2024-04-20,Non-Veg,665,47,3,709,UPI,Occasional,5,"Fast Food"
O1922,C1827,23,D624,R107,KFC,"Pune B4",Pune,2024-04-06,Non-Veg,664,43,5,702,UPI,Regular,3.5,"Casual Dining"
O1923,C1408,30,D392,R44,"Biryani House","Hyderabad B9",Hyderabad,2023-01-21,Veg,335,33,146,222,UPI,Premium,4.1,"Fast Food"
O1924,C276,37,D705,R396,"Pizza Hut","Bangalore B8",Bangalore,2024-02-29,Non-Veg,435,20,107,348,UPI,Premium,3.1,Cafe
O1925,C1484,58,D128,R355,KFC,"Bangalore B4",Bangalore,2023-11-08,Veg,955,51,94,912,UPI,Regular,4.3,Cafe
O1926,C450,26,D466,R111,Dominos,"Delhi B7",Delhi,2024-05-15,Non-Veg,689,59,65,683,UPI,Occasional,5,"Casual Dining"
O1927,C1827,41,D367,R300,"Pizza Hut","Pune B8",Pune,2023-07-19,Veg,936,52,140,848,Cash,Regular,4.6,"Fast Food"
O1928,C1792,33,D404,R7,"Biryani House","Delhi B7",Delhi,2024-06-16,Veg,869,53,73,849,Cash,Premium,4.3,Cafe
O1929,C631,40,D78,R294,"Biryani House","Hyderabad B1",Hyderabad,2024-05-27,Veg,584,47,59,572,UPI,Premium,3.6,"Casual Dining"
O1930,C1299,38,D119,R1,Dominos,"Delhi B7",Delhi,2024-03-02,Veg,485,23,73,435,Cash,Occasional,3.6,"Casual Dining"
O1931,C722,27,D830,R122,"Pizza Hut","Bangalore B5",Bangalore,2023-11-21,Veg,402,34,101,335,Cash,Regular,4.3,"Fast Food"
O1932,C1964,60,D504,R343,Dominos,"Bangalore B1",Bangalore,2024-03-29,Veg,763,39,103,699,UPI,Occasional,3,"Fast Food"
O1933,C202,27,D963,R186,"Pizza Hut","Delhi B5",Delhi,2024-01-04,Non-Veg,436,36,28,444,UPI,Regular,5,Cafe
O1934,C227,29,D698,R337,KFC,"Bangalore B8",Bangalore,2023-11-04,Non-Veg,611,51,119,543,UPI,Premium,3.1,"Fast Food"
O1935,C537,27,D630,R355,KFC,"Bangalore B4",Bangalore,2023-05-07,Non-Veg,397,25,130,292,UPI,Regular,4,Cafe
O1936,C1051,34,D904,R276,"Pizza Hut","Hyderabad B9",Hyderabad,2024-04-25,Non-Veg,297,45,141,201,UPI,Regular,3.3,Cafe
O1937,C122,30,D396,R9,"Pizza Hut","Hyderabad B2",Hyderabad,2024-07-08,Non-Veg,236,52,33,255,Cash,Occasional,4.5,"Fast Food"
O1938,C663,40,D784,R218,McDonalds,"Pune B2",Pune,2024-06-26,Non-Veg,947,43,83,907,Cash,Regular,4.9,"Fast Food"
O1939,C758,33,D439,R51,"Pizza Hut","Hyderabad B9",Hyderabad,2023-11-18,Non-Veg,514,51,52,513,UPI,Regular,4.2,Cafe
O1940,C816,69,D456,R152,"Biryani House","Mumbai B8",Mumbai,2024-01-07,Veg,837,43,64,816,UPI,Regular,3.6,Cafe
O1941,C360,38,D229,R211,"Pizza Hut","Bangalore B4",Bangalore,2023-03-09,Veg,464,34,23,475,Cash,Premium,3.5,Cafe
O1942,C1336,39,D284,R182,McDonalds,"Delhi B9",Delhi,2023-09-23,Veg,997,25,45,977,UPI,Occasional,3.9,"Casual Dining"
O1943,C381,25,D285,R179,McDonalds,"Hyderabad B8",Hyderabad,2023-09-09,Veg,875,43,64,854,UPI,Premium,4.7,"Casual Dining"
O1944,C399,25,D805,R343,Dominos,"Bangalore B1",Bangalore,2024-06-08,Veg,422,59,136,345,UPI,Regular,3,"Fast Food"
O1945,C529,69,D55,R186,"Pizza Hut","Delhi B5",Delhi,2024-01-25,Non-Veg,771,34,19,786,Cash,Premium,4,Cafe
O1946,C358,34,D628,R159,Dominos,"Hyderabad B9",Hyderabad,2023-11-28,Veg,236,39,60,215,Card,Regular,3.9,"Casual Dining"
O1947,C1163,36,D685,R270,KFC,"Delhi B2",Delhi,2024-04-25,Veg,477,42,37,482,Cash,Premium,4.8,Cafe
O1948,C732,22,D450,R343,Dominos,"Bangalore B1",Bangalore,2023-07-23,Non-Veg,404,45,65,384,Cash,Regular,4.7,"Fast Food"
O1949,C1956,36,D181,R19,McDonalds,"Mumbai B2",Mumbai,2023-04-09,Non-Veg,592,24,108,508,Cash,Occasional,3.5,"Fast Food"
O1950,C1946,68,D947,R120,"Biryani House","Mumbai B9",Mumbai,2023-10-04,Veg,252,20,13,259,Cash,Regular,3.3,Cafe
O1951,C1591,64,D480,R70,"Biryani House","Hyderabad B10",Hyderabad,2024-03-09,Veg,427,22,74,375,Cash,Premium,3,"Casual Dining"
O1952,C1775,33,D996,R342,"Biryani House","Pune B5",Pune,2023-08-16,Veg,349,47,39,357,Cash,Premium,4.4,"Fast Food"
O1953,C465,29,D194,R60,"Pizza Hut","Mumbai B3",Mumbai,2023-03-07,Non-Veg,569,21,58,532,Cash,Regular,4.4,Cafe
O1954,C1157,25,D675,R341,KFC,"Pune B9",Pune,2023-08-14,Veg,579,53,107,525,Cash,Premium,3.1,Cafe
O1955,C1729,39,D582,R48,"Pizza Hut","Mumbai B10",Mumbai,2023-03-29,Non-Veg,906,54,48,912,Cash,Premium,4.6,"Casual Dining"
O1956,C1250,26,D125,R381,KFC,"Hyderabad B10",Hyderabad,2024-07-17,Veg,512,25,15,522,Cash,Regular,4.5,"Fast Food"
O1957,C316,29,D96,R376,"Biryani House","Bangalore B4",Bangalore,2023-10-04,Non-Veg,583,40,82,541,UPI,Regular,4.9,"Casual Dining"
O1958,C75,37,D171,R80,KFC,"Pune B10",Pune,2023-07-21,Non-Veg,831,32,7,856,UPI,Occasional,3.8,"Fast Food"
O1959,C1699,63,D130,R298,Dominos,"Pune B5",Pune,2024-06-22,Non-Veg,614,59,114,559,Cash,Premium,3.5,"Casual Dining"
O1960,C788,40,D300,R355,KFC,"Bangalore B4",Bangalore,2024-02-19,Non-Veg,561,33,143,451,Cash,Regular,4.5,Cafe
O1961,C934,37,D602,R148,"Pizza Hut","Delhi B2",Delhi,2023-08-14,Non-Veg,347,59,83,323,UPI,Premium,3.8,"Casual Dining"
O1962,C1122,33,D266,R55,"Pizza Hut","Delhi B3",Delhi,2023-09-18,Non-Veg,748,22,69,701,Cash,Premium,3.4,"Casual Dining"
O1963,C754,30,D53,R42,KFC,"Hyderabad B2",Hyderabad,2024-07-11,Non-Veg,911,60,24,947,UPI,Regular,4.1,"Fast Food"
O1964,C1339,29,D912,R143,"Biryani House","Mumbai B10",Mumbai,2024-05-28,Non-Veg,855,47,133,769,Cash,Occasional,4.3,"Fast Food"
O1965,C333,65,D252,R206,McDonalds,"Mumbai B3",Mumbai,2023-12-19,Non-Veg,768,52,3,817,UPI,Regular,4.8,Cafe
O1966,C41,39,D657,R116,Dominos,"Delhi B9",Delhi,2024-09-06,Veg,390,36,73,353,Cash,Regular,4.3,"Fast Food"
O1967,C1372,35,D691,R292,"Pizza Hut","Delhi B4",Delhi,2023-05-08,Non-Veg,942,44,106,880,Cash,Premium,4.5,"Casual Dining"
O1968,C424,38,D683,R225,KFC,"Bangalore B7",Bangalore,2023-06-13,Non-Veg,608,21,141,488,UPI,Regular,5,Cafe
O1969,C1963,40,D79,R172,"Biryani House","Pune B1",Pune,2023-07-06,Veg,685,29,60,654,UPI,Regular,3.9,"Fast Food"
O1970,C592,32,D806,R355,KFC,"Bangalore B4",Bangalore,2023-11-21,Veg,763,51,145,669,UPI,Occasional,4.8,Cafe
O1971,C748,30,D473,R359,McDonalds,"Mumbai B9",Mumbai,2024-04-16,Non-Veg,655,58,26,687,UPI,Regular,3.8,"Fast Food"
O1972,C989,28,D371,R13,Dominos,"Delhi B8",Delhi,2024-02-24,Veg,743,47,135,655,Cash,Regular,4.6,Cafe
O1973,C1295,57,D483,R36,"Biryani House","Delhi B6",Delhi,2023-12-23,Non-Veg,494,53,55,492,UPI,Occasional,4.6,Cafe
O1974,C63,32,D173,R79,McDonalds,"Delhi B4",Delhi,2024-05-14,Veg,771,37,12,796,Card,Regular,3.7,Cafe
O1975,C1164,39,D982,R85,KFC,"Bangalore B1",Bangalore,2023-12-07,Non-Veg,785,24,53,756,Cash,Premium,4.3,"Fast Food"
O1976,C1982,26,D493,R57,KFC,"Pune B2",Pune,2023-10-02,Non-Veg,987,39,11,1015,UPI,Premium,4.8,"Casual Dining"
O1977,C1041,32,D294,R73,Dominos,"Bangalore B1",Bangalore,2023-05-27,Veg,998,53,98,953,UPI,Premium,4.9,Cafe
O1978,C723,36,D191,R205,"Biryani House","Hyderabad B2",Hyderabad,2023-01-13,Veg,684,58,18,724,UPI,Occasional,3.4,"Fast Food"
O1979,C1957,62,D254,R11,"Biryani House","Pune B2",Pune,2023-07-02,Non-Veg,885,29,143,771,Cash,Regular,3.5,"Fast Food"
O1980,C1227,35,D664,R39,KFC,"Mumbai B7",Mumbai,2023-05-23,Veg,967,34,66,935,UPI,Occasional,4.9,"Casual Dining"
O1981,C1564,30,D207,R215,Dominos,"Hyderabad B10",Hyderabad,2023-09-02,Non-Veg,832,42,103,771,Cash,Occasional,4.3,"Fast Food"
O1982,C351,27,D489,R156,Dominos,"Delhi B5",Delhi,2023-11-27,Veg,583,39,93,529,UPI,Occasional,3.5,Cafe
O1983,C116,51,D908,R35,McDonalds,"Bangalore B6",Bangalore,2024-02-15,Non-Veg,806,34,73,767,Cash,Regular,3.2,"Casual Dining"
O1984,C1800,38,D405,R124,"Pizza Hut","Hyderabad B1",Hyderabad,2023-05-03,Non-Veg,431,35,44,422,Cash,Occasional,4.4,"Fast Food"
O1985,C1055,40,D196,R384,McDonalds,"Hyderabad B2",Hyderabad,2024-09-06,Non-Veg,275,35,21,289,Cash,Occasional,4.6,Cafe
O1986,C451,27,D861,R199,"Biryani House","Delhi B9",Delhi,2023-08-02,Non-Veg,387,24,112,299,UPI,Occasional,4.8,"Casual Dining"
O1987,C72,27,D187,R355,KFC,"Bangalore B4",Bangalore,2023-05-09,Veg,828,55,19,864,UPI,Regular,4.3,Cafe
O1988,C590,36,D207,R195,"Pizza Hut","Hyderabad B9",Hyderabad,2024-04-16,Non-Veg,906,20,106,820,UPI,Occasional,4.3,Cafe
O1989,C1501,34,D629,R154,"Pizza Hut","Bangalore B7",Bangalore,2023-04-22,Non-Veg,325,50,110,265,UPI,Premium,3.5,"Fast Food"
O1990,C1552,27,D890,R208,"Biryani House","Pune B2",Pune,2023-10-05,Veg,831,30,56,805,UPI,Premium,3.2,"Fast Food"
O1991,C1144,34,D366,R117,Dominos,"Delhi B1",Delhi,2024-05-26,Non-Veg,665,52,33,684,Cash,Occasional,5,Cafe
O1992,C1396,33,D175,R291,"Biryani House","Delhi B3",Delhi,2024-02-23,Veg,710,40,22,728,Cash,Premium,4.4,Cafe
O1993,C1913,36,D143,R80,KFC,"Pune B10",Pune,2023-11-07,Veg,703,59,131,631,Cash,Occasional,4.3,"Fast Food"
O1994,C1910,41,D763,R358,"Pizza Hut","Delhi B10",Delhi,2023-11-04,Non-Veg,352,60,126,286,Cash,Premium,4.9,"Fast Food"
O1995,C298,39,D13,R141,Dominos,"Delhi B6",Delhi,2023-07-07,Non-Veg,222,27,20,229,Cash,Regular,4.7,"Fast Food"
O1996,C450,36,D153,R222,Dominos,"Delhi B10",Delhi,2023-03-06,Veg,477,34,139,372,Cash,Occasional,3.9,Cafe
O1997,C1131,56,D565,R104,KFC,"Mumbai B4",Mumbai,2024-01-06,Veg,529,23,128,424,Cash,Premium,4.7,Cafe
O1998,C1144,26,D489,R8,"Biryani House","Delhi B3",Delhi,2023-11-27,Veg,592,42,149,485,UPI,Occasional,3.5,"Casual Dining"
O1999,C978,39,D286,R220,"Biryani House","Bangalore B9",Bangalore,2023-12-13,Veg,582,42,31,593,UPI,Premium,3.7,"Casual Dining"
O2000,C1327,31,D881,R185,Dominos,"Pune B4",Pune,2023-11-25,Non-Veg,878,31,56,853,Cash,Premium,3.8,"Casual Dining"
O2001,C747,32,D674,R29,Dominos,"Hyderabad B2",Hyderabad,2024-04-05,Veg,283,47,99,231,UPI,Occasional,3.2,"Fast Food"
O2002,C1321,41,D717,R108,"Pizza Hut","Mumbai B4",Mumbai,2023-10-23,Non-Veg,252,23,115,160,UPI,Premium,3.1,"Casual Dining"
O2003,C375,27,D748,R16,McDonalds,"Hyderabad B9",Hyderabad,2024-01-06,Non-Veg,612,22,106,528,UPI,Premium,4.5,"Fast Food"
O2004,C1477,36,D574,R359,McDonalds,"Mumbai B9",Mumbai,2024-05-18,Veg,606,32,50,588,UPI,Occasional,3.6,"Fast Food"
O2005,C848,29,D888,R135,KFC,"Pune B5",Pune,2024-03-26,Non-Veg,818,38,80,776,UPI,Premium,4.2,Cafe
O2006,C1817,36,D327,R112,"Biryani House","Pune B4",Pune,2023-05-29,Non-Veg,340,23,94,269,UPI,Regular,3.1,"Casual Dining"
O2007,C1016,29,D891,R318,"Pizza Hut","Hyderabad B3",Hyderabad,2024-02-04,Non-Veg,596,52,71,577,UPI,Occasional,3.3,Cafe
O2008,C1017,36,D660,R190,KFC,"Hyderabad B5",Hyderabad,2024-01-08,Non-Veg,378,21,28,371,Cash,Regular,4.7,Cafe
O2009,C322,32,D28,R240,Dominos,"Pune B5",Pune,2023-10-17,Non-Veg,553,22,30,545,UPI,Regular,4,"Casual Dining"
O2010,C23,28,D505,R96,"Biryani House","Mumbai B4",Mumbai,2024-02-22,Non-Veg,795,32,22,805,Cash,Regular,4,"Casual Dining"
O2011,C971,37,D425,R174,Dominos,"Pune B8",Pune,2023-07-30,Non-Veg,856,20,98,778,UPI,Premium,3.7,Cafe
O2012,C42,35,D314,R353,"Biryani House","Pune B2",Pune,2024-01-06,Non-Veg,592,26,126,492,Cash,Occasional,4.1,"Casual Dining"
O2013,C1548,29,D826,R98,KFC,"Delhi B2",Delhi,2023-04-26,Veg,677,32,90,619,Cash,Regular,3.5,"Fast Food"
O2014,C555,25,D727,R129,KFC,"Delhi B5",Delhi,2024-02-15,Non-Veg,455,36,60,431,UPI,Occasional,4.2,"Fast Food"
O2015,C1592,28,D52,R148,"Pizza Hut","Delhi B2",Delhi,2024-01-25,Non-Veg,378,30,67,341,UPI,Regular,4.2,"Casual Dining"
O2016,C1685,34,D872,R314,McDonalds,"Pune B7",Pune,2023-09-07,Non-Veg,823,40,82,781,UPI,Premium,4.3,Cafe
O2017,C1475,26,D22,R379,Dominos,"Pune B6",Pune,2023-11-18,Veg,232,23,19,236,Cash,Premium,4.6,"Fast Food"
O2018,C1250,35,D207,R221,KFC,"Hyderabad B2",Hyderabad,2024-04-23,Veg,714,60,3,771,UPI,Regular,4.3,"Casual Dining"
O2019,C1852,37,D324,R191,McDonalds,"Hyderabad B2",Hyderabad,2023-05-18,Non-Veg,576,36,15,597,Cash,Occasional,3.9,Cafe
O2020,C1593,32,D957,R151,"Biryani House","Hyderabad B10",Hyderabad,2023-04-21,Non-Veg,851,28,39,840,UPI,Regular,4.8,"Fast Food"
O2021,C351,33,D46,R64,KFC,"Delhi B7",Delhi,2024-03-03,Non-Veg,598,59,96,561,UPI,Occasional,3.1,"Fast Food"
O2022,C1316,36,D381,R391,McDonalds,"Delhi B5",Delhi,2024-02-25,Veg,434,31,7,458,UPI,Occasional,3.1,"Casual Dining"
O2023,C1903,36,D973,R355,KFC,"Bangalore B4",Bangalore,2024-04-22,Veg,526,41,147,420,Cash,Premium,3.7,Cafe
O2024,C1969,25,D83,R101,Dominos,"Bangalore B7",Bangalore,2023-11-10,Veg,506,52,41,517,Card,Premium,5,"Fast Food"
O2025,C424,69,D419,R10,"Biryani House","Bangalore B7",Bangalore,2023-10-27,Non-Veg,911,44,4,951,UPI,Regular,4.9,Cafe
O2026,C108,33,D46,R339,"Biryani House","Delhi B6",Delhi,2024-02-07,Veg,228,21,76,173,UPI,Occasional,3.1,"Casual Dining"
O2027,C361,32,D550,R217,"Pizza Hut","Mumbai B4",Mumbai,2023-08-11,Non-Veg,664,51,7,708,UPI,Premium,5,"Fast Food"
O2028,C404,28,D278,R147,McDonalds,"Delhi B9",Delhi,2024-07-01,Veg,368,48,70,346,Card,Regular,4.2,"Casual Dining"
O2029,C1987,30,D40,R118,KFC,"Mumbai B4",Mumbai,2023-09-02,Non-Veg,758,20,15,763,UPI,Occasional,4.4,"Casual Dining"
O2030,C1686,44,D245,R265,McDonalds,"Hyderabad B10",Hyderabad,2023-10-14,Non-Veg,859,25,23,861,Cash,Occasional,4.7,"Casual Dining"
O2031,C885,31,D818,R65,"Pizza Hut","Bangalore B6",Bangalore,2023-07-07,Veg,654,39,79,614,UPI,Regular,3.3,"Fast Food"
O2032,C1179,28,D94,R250,McDonalds,"Delhi B8",Delhi,2024-06-25,Veg,485,39,67,457,Cash,Occasional,3.7,"Fast Food"
O2033,C1128,39,D93,R235,"Pizza Hut","Pune B9",Pune,2024-03-18,Non-Veg,844,51,17,878,Cash,Occasional,3.6,"Fast Food"
O2034,C1727,35,D717,R378,"Biryani House","Mumbai B8",Mumbai,2023-12-15,Veg,202,30,47,185,Cash,Regular,3.1,Cafe
O2035,C1689,50,D595,R186,"Pizza Hut","Delhi B5",Delhi,2024-05-04,Non-Veg,809,25,93,741,Cash,Occasional,3.4,Cafe
O2036,C1551,34,D128,R355,KFC,"Bangalore B4",Bangalore,2023-11-18,Veg,610,54,19,645,UPI,Occasional,4.3,Cafe
O2037,C1321,27,D209,R171,"Pizza Hut","Mumbai B10",Mumbai,2024-02-16,Non-Veg,912,36,146,802,Cash,Premium,3.5,Cafe
O2038,C332,28,D699,R371,"Biryani House","Bangalore B8",Bangalore,2023-12-03,Veg,795,43,84,754,UPI,Occasional,4.5,"Fast Food"
O2039,C1498,29,D716,R308,"Pizza Hut","Hyderabad B5",Hyderabad,2023-08-06,Non-Veg,583,35,130,488,Cash,Occasional,4.7,Cafe
O2040,C1246,25,D719,R251,Dominos,"Delhi B10",Delhi,2023-12-24,Veg,948,29,8,969,Cash,Occasional,3.6,"Casual Dining"
O2041,C1743,34,D332,R255,Dominos,"Pune B2",Pune,2024-06-21,Non-Veg,259,25,21,263,UPI,Regular,3.9,Cafe
O2042,C228,25,D624,R185,Dominos,"Pune B4",Pune,2023-08-07,Non-Veg,860,20,64,816,UPI,Occasional,3.5,"Casual Dining"
O2043,C1884,39,D86,R167,McDonalds,"Bangalore B5",Bangalore,2024-06-21,Veg,818,29,150,697,UPI,Regular,4.5,"Fast Food"
O2044,C954,33,D624,R295,"Biryani House","Pune B5",Pune,2023-10-04,Veg,954,25,15,964,Cash,Occasional,3.5,Cafe
O2045,C1727,40,D723,R359,McDonalds,"Mumbai B9",Mumbai,2023-10-04,Non-Veg,469,56,136,389,UPI,Regular,3.2,"Fast Food"
O2046,C587,32,D25,R280,McDonalds,"Hyderabad B10",Hyderabad,2023-11-20,Non-Veg,471,47,74,444,UPI,Regular,3.1,"Fast Food"
O2047,C973,31,D689,R314,McDonalds,"Pune B7",Pune,2024-04-11,Non-Veg,609,49,120,538,Cash,Occasional,4.4,Cafe
O2048,C1347,27,D824,R275,Dominos,"Bangalore B9",Bangalore,2023-12-01,Veg,642,43,130,555,Cash,Regular,3.5,Cafe
O2049,C800,40,D408,R131,KFC,"Pune B7",Pune,2023-07-23,Non-Veg,897,28,147,778,UPI,Regular,4,Cafe
O2050,C139,19,D541,R181,"Biryani House","Hyderabad B9",Hyderabad,2024-02-19,Non-Veg,984,34,8,1010,UPI,Occasional,4.4,"Casual Dining"
O2051,C1972,35,D250,R83,Dominos,"Delhi B2",Delhi,2024-03-22,Non-Veg,280,24,118,186,Cash,Premium,3.8,"Fast Food"
O2052,C1246,37,D481,R129,KFC,"Delhi B5",Delhi,2024-02-05,Non-Veg,868,47,58,857,Cash,Occasional,4.9,"Fast Food"
O2053,C551,36,D960,R331,"Biryani House","Bangalore B7",Bangalore,2024-03-03,Non-Veg,627,20,101,546,UPI,Premium,4.7,"Casual Dining"
O2054,C755,30,D481,R123,Dominos,"Delhi B2",Delhi,2024-06-27,Non-Veg,861,49,66,844,Cash,Occasional,4.9,"Fast Food"
O2055,C1389,70,D733,R1,Dominos,"Delhi B7",Delhi,2023-11-05,Veg,921,39,21,939,UPI,Premium,4.9,"Casual Dining"
O2056,C377,29,D111,R41,McDonalds,"Mumbai B6",Mumbai,2024-02-20,Non-Veg,225,40,142,123,Cash,Occasional,4.6,Cafe
O2057,C309,51,D625,R258,KFC,"Bangalore B3",Bangalore,2023-10-01,Non-Veg,661,49,20,690,UPI,Regular,3.3,"Fast Food"
O2058,C588,43,D576,R108,"Pizza Hut","Mumbai B4",Mumbai,2023-05-19,Veg,501,55,43,513,UPI,Occasional,4.5,"Casual Dining"
O2059,C1966,35,D354,R265,McDonalds,"Hyderabad B10",Hyderabad,2023-08-01,Veg,247,46,100,193,UPI,Occasional,3.8,"Casual Dining"
O2060,C1527,36,D430,R45,KFC,"Delhi B2",Delhi,2024-08-25,Non-Veg,700,39,120,619,UPI,Occasional,4,Cafe
O2061,C732,34,D809,R212,"Biryani House","Bangalore B6",Bangalore,2024-05-12,Non-Veg,608,47,20,635,UPI,Regular,4.4,"Casual Dining"
O2062,C606,32,D369,R198,"Pizza Hut","Mumbai B6",Mumbai,2023-08-07,Veg,861,53,47,867,Cash,Occasional,4.6,"Fast Food"
O2063,C1285,29,D957,R306,McDonalds,"Hyderabad B1",Hyderabad,2023-10-25,Non-Veg,390,30,141,279,Cash,Occasional,4.8,Cafe
O2064,C998,68,D671,R120,"Biryani House","Mumbai B9",Mumbai,2024-02-22,Non-Veg,612,45,122,535,UPI,Premium,4.4,Cafe
O2065,C1845,39,D895,R64,KFC,"Delhi B7",Delhi,2023-08-26,Non-Veg,648,23,32,639,UPI,Occasional,3.8,"Fast Food"
O2066,C484,39,D272,R397,"Pizza Hut","Pune B6",Pune,2023-07-02,Non-Veg,630,23,5,648,UPI,Premium,3.3,Cafe
O2067,C339,47,D31,R116,Dominos,"Delhi B9",Delhi,2023-12-17,Veg,773,49,144,678,Cash,Occasional,3.1,"Fast Food"
O2068,C1680,27,D404,R125,"Pizza Hut","Delhi B2",Delhi,2024-04-06,Non-Veg,577,43,121,499,Cash,Regular,4.3,"Casual Dining"
O2069,C1359,31,D692,R183,"Biryani House","Pune B3",Pune,2023-08-27,Non-Veg,701,21,8,714,Cash,Premium,4.8,"Fast Food"
O2070,C1130,57,D503,R126,KFC,"Hyderabad B6",Hyderabad,2023-11-01,Non-Veg,433,36,64,405,UPI,Premium,4.6,"Fast Food"
O2071,C504,62,D680,R387,KFC,"Pune B7",Pune,2024-03-17,Veg,271,22,51,242,UPI,Occasional,4.4,"Casual Dining"
O2072,C611,24,D781,R172,"Biryani House","Pune B1",Pune,2023-09-10,Veg,878,47,80,845,Card,Premium,3.7,"Fast Food"
O2073,C1821,37,D821,R390,"Pizza Hut","Mumbai B6",Mumbai,2023-11-01,Non-Veg,635,25,146,514,Cash,Occasional,3.5,"Casual Dining"
O2074,C872,36,D303,R18,McDonalds,"Pune B5",Pune,2024-03-25,Non-Veg,854,36,105,785,Cash,Regular,3.7,"Fast Food"
O2075,C645,54,D651,R400,McDonalds,"Pune B4",Pune,2024-07-15,Non-Veg,706,32,142,596,UPI,Occasional,3.1,"Fast Food"
O2076,C747,29,D184,R24,"Pizza Hut","Hyderabad B3",Hyderabad,2024-09-20,Non-Veg,525,57,109,473,UPI,Occasional,4.8,"Fast Food"
O2077,C802,34,D840,R85,KFC,"Bangalore B1",Bangalore,2023-06-03,Non-Veg,871,48,116,803,UPI,Premium,4.4,"Fast Food"
O2078,C1268,33,D29,R149,"Biryani House","Bangalore B5",Bangalore,2023-03-20,Non-Veg,861,29,70,820,UPI,Premium,4.7,"Casual Dining"
O2079,C1324,28,D529,R186,"Pizza Hut","Delhi B5",Delhi,2023-10-19,Non-Veg,979,57,117,919,UPI,Occasional,3.2,Cafe
O2080,C634,38,D431,R80,KFC,"Pune B10",Pune,2023-11-18,Non-Veg,550,27,45,532,Card,Regular,4.6,"Fast Food"
O2081,C1952,69,D514,R400,McDonalds,"Pune B4",Pune,2024-02-26,Non-Veg,605,60,16,649,Cash,Occasional,3.9,"Fast Food"
O2082,C506,38,D609,R278,Dominos,"Bangalore B1",Bangalore,2024-04-18,Veg,768,44,9,803,Cash,Premium,3,Cafe
O2083,C673,34,D34,R201,KFC,"Hyderabad B8",Hyderabad,2023-04-27,Veg,808,33,87,754,UPI,Premium,3.5,Cafe
O2084,C1986,20,D997,R400,McDonalds,"Pune B4",Pune,2024-01-16,Veg,474,47,70,451,UPI,Regular,4.8,"Fast Food"
O2085,C1561,30,D709,R58,Dominos,"Hyderabad B2",Hyderabad,2024-05-27,Veg,881,24,49,856,UPI,Premium,3.7,"Fast Food"
O2086,C1083,25,D836,R163,"Biryani House","Bangalore B1",Bangalore,2023-09-13,Veg,856,43,111,788,UPI,Occasional,3.8,"Fast Food"
O2087,C255,38,D726,R315,Dominos,"Bangalore B10",Bangalore,2024-03-08,Non-Veg,848,31,58,821,UPI,Regular,3.6,Cafe
O2088,C314,29,D699,R277,Dominos,"Bangalore B6",Bangalore,2023-08-03,Non-Veg,219,45,42,222,UPI,Occasional,4.5,"Casual Dining"
O2089,C617,29,D316,R3,"Pizza Hut","Pune B8",Pune,2023-10-24,Non-Veg,218,56,78,196,UPI,Premium,4.3,"Casual Dining"
O2090,C1605,40,D499,R293,KFC,"Mumbai B3",Mumbai,2023-10-03,Veg,427,58,48,437,UPI,Premium,3.8,Cafe
O2091,C1882,21,D453,R386,"Pizza Hut","Mumbai B3",Mumbai,2023-09-11,Non-Veg,851,23,12,862,UPI,Occasional,3.3,"Casual Dining"
O2092,C461,32,D333,R239,McDonalds,"Pune B3",Pune,2024-02-20,Non-Veg,278,26,14,290,UPI,Premium,4.7,Cafe
O2093,C1504,38,D334,R5,KFC,"Delhi B4",Delhi,2023-12-05,Veg,230,38,98,170,Cash,Regular,4,"Fast Food"
O2094,C1941,31,D406,R48,"Pizza Hut","Mumbai B10",Mumbai,2024-01-05,Non-Veg,602,40,81,561,Cash,Occasional,3.2,"Casual Dining"
O2095,C1781,29,D911,R232,Dominos,"Mumbai B9",Mumbai,2023-12-03,Non-Veg,765,56,2,819,UPI,Premium,3.6,Cafe
O2096,C1492,27,D672,R31,McDonalds,"Bangalore B6",Bangalore,2023-09-03,Non-Veg,577,36,101,512,Cash,Premium,3.8,"Fast Food"
O2097,C800,37,D500,R107,KFC,"Pune B4",Pune,2024-05-31,Veg,877,21,25,873,UPI,Regular,3.8,"Casual Dining"
O2098,C1258,29,D807,R3,"Pizza Hut","Pune B8",Pune,2023-05-02,Non-Veg,711,38,44,705,UPI,Premium,3.5,"Casual Dining"
O2099,C1274,61,D696,R269,KFC,"Hyderabad B4",Hyderabad,2023-06-23,Veg,383,28,134,277,UPI,Occasional,3.6,"Casual Dining"
O2100,C326,36,D877,R297,KFC,"Bangalore B3",Bangalore,2023-08-27,Non-Veg,474,26,82,418,Cash,Premium,3.4,Cafe
O2101,C282,26,D554,R363,KFC,"Hyderabad B9",Hyderabad,2023-07-22,Non-Veg,337,42,130,249,UPI,Occasional,3,"Fast Food"
O2102,C998,34,D545,R273,McDonalds,"Mumbai B9",Mumbai,2024-03-21,Non-Veg,220,32,136,116,UPI,Premium,4.5,"Fast Food"
O2103,C723,25,D932,R53,KFC,"Hyderabad B5",Hyderabad,2024-04-05,Veg,504,48,12,540,UPI,Occasional,4.5,"Fast Food"
O2104,C73,19,D888,R240,Dominos,"Pune B5",Pune,2023-11-08,Veg,359,21,77,303,Cash,Premium,4.2,"Casual Dining"
O2105,C1521,41,D510,R209,"Biryani House","Hyderabad B1",Hyderabad,2023-12-06,Veg,240,31,84,187,UPI,Occasional,4.3,"Casual Dining"
O2106,C1121,53,D323,R195,"Pizza Hut","Hyderabad B9",Hyderabad,2023-07-26,Veg,688,27,22,693,UPI,Regular,3.9,Cafe
O2107,C733,40,D346,R118,KFC,"Mumbai B4",Mumbai,2024-04-16,Veg,534,23,34,523,UPI,Regular,3.4,"Casual Dining"
O2108,C752,38,D550,R386,"Pizza Hut","Mumbai B3",Mumbai,2023-11-17,Non-Veg,632,49,10,671,UPI,Regular,5,"Casual Dining"
O2109,C1630,38,D507,R2,"Biryani House","Mumbai B4",Mumbai,2024-02-16,Non-Veg,218,53,36,235,Cash,Regular,3.3,Cafe
O2110,C1714,27,D273,R304,McDonalds,"Delhi B1",Delhi,2023-09-22,Non-Veg,586,59,96,549,UPI,Occasional,4.2,Cafe
O2111,C1778,38,D862,R356,"Biryani House","Pune B8",Pune,2024-07-21,Veg,892,41,126,807,Cash,Regular,4.7,"Casual Dining"
O2112,C249,69,D617,R13,Dominos,"Delhi B8",Delhi,2024-10-13,Non-Veg,631,50,145,536,Cash,Premium,4.7,Cafe
O2113,C1239,57,D615,R72,McDonalds,"Pune B10",Pune,2023-10-29,Veg,750,26,70,706,Cash,Occasional,4,"Casual Dining"
O2114,C1764,34,D158,R274,KFC,"Pune B2",Pune,2024-02-19,Veg,621,27,43,605,Cash,Occasional,4.4,Cafe
O2115,C1399,27,D847,R204,"Pizza Hut","Mumbai B1",Mumbai,2023-05-18,Veg,764,46,37,773,UPI,Premium,4.4,"Fast Food"
O2116,C1588,27,D570,R46,"Biryani House","Hyderabad B4",Hyderabad,2024-03-16,Veg,592,40,61,571,Cash,Occasional,4.7,"Fast Food"
O2117,C759,34,D752,R264,"Pizza Hut","Mumbai B4",Mumbai,2023-11-14,Non-Veg,743,20,141,622,UPI,Premium,3.3,Cafe
O2118,C1426,33,D862,R367,Dominos,"Pune B7",Pune,2024-01-19,Non-Veg,982,42,121,903,Cash,Occasional,4.7,"Fast Food"
O2119,C154,32,D266,R304,McDonalds,"Delhi B1",Delhi,2023-11-01,Non-Veg,462,27,53,436,Cash,Occasional,3.4,Cafe
O2120,C270,69,D578,R280,McDonalds,"Hyderabad B10",Hyderabad,2023-08-02,Non-Veg,955,55,97,913,UPI,Regular,3,"Fast Food"
O2121,C291,25,D178,R151,"Biryani House","Hyderabad B10",Hyderabad,2024-09-16,Non-Veg,674,40,39,675,Cash,Regular,4,"Fast Food"
O2122,C1963,36,D552,R394,McDonalds,"Pune B2",Pune,2023-12-14,Veg,987,28,25,990,Cash,Regular,3.7,"Fast Food"
O2123,C1938,36,D732,R352,"Biryani House","Hyderabad B4",Hyderabad,2023-04-19,Non-Veg,415,48,150,313,Cash,Regular,3.9,Cafe
O2124,C1012,26,D50,R47,"Biryani House","Delhi B3",Delhi,2024-04-03,Veg,556,40,126,470,Cash,Occasional,4.1,"Casual Dining"
O2125,C1966,35,D246,R318,"Pizza Hut","Hyderabad B3",Hyderabad,2023-10-22,Non-Veg,502,58,14,546,UPI,Occasional,3.6,Cafe
O2126,C1655,26,D731,R398,"Biryani House","Delhi B7",Delhi,2023-11-05,Veg,276,51,48,279,UPI,Occasional,3.4,"Casual Dining"
O2127,C1038,25,D904,R24,"Pizza Hut","Hyderabad B3",Hyderabad,2024-06-12,Veg,701,53,94,660,UPI,Regular,3.3,"Fast Food"
O2128,C989,33,D446,R161,Dominos,"Delhi B2",Delhi,2023-04-26,Veg,372,28,20,380,Cash,Regular,4.2,"Fast Food"
O2129,C1157,37,D358,R208,"Biryani House","Pune B2",Pune,2024-02-07,Veg,884,41,40,885,Cash,Premium,3.7,"Fast Food"
O2130,C75,37,D416,R367,Dominos,"Pune B7",Pune,2023-12-22,Veg,257,41,90,208,Cash,Occasional,3.9,"Fast Food"
O2131,C1822,26,D313,R41,McDonalds,"Mumbai B6",Mumbai,2024-05-14,Veg,595,25,101,519,UPI,Premium,4.9,Cafe
O2132,C1045,40,D885,R273,McDonalds,"Mumbai B9",Mumbai,2023-10-01,Non-Veg,401,60,121,340,Cash,Premium,3.1,"Fast Food"
O2133,C1720,31,D861,R64,KFC,"Delhi B7",Delhi,2023-11-30,Veg,866,24,4,886,UPI,Regular,4.8,"Fast Food"
O2134,C978,30,D699,R223,McDonalds,"Bangalore B5",Bangalore,2023-08-25,Veg,471,27,32,466,UPI,Premium,4.5,"Fast Food"
O2135,C700,56,D723,R213,Dominos,"Mumbai B2",Mumbai,2023-03-18,Non-Veg,664,43,95,612,Cash,Occasional,3.2,Cafe
O2136,C1505,25,D317,R125,"Pizza Hut","Delhi B2",Delhi,2023-12-21,Veg,555,52,3,604,Cash,Occasional,4,"Casual Dining"
O2137,C1358,32,D269,R358,"Pizza Hut","Delhi B10",Delhi,2024-06-30,Veg,302,23,23,302,Cash,Premium,3.3,"Fast Food"
O2138,C1087,30,D918,R321,Dominos,"Pune B1",Pune,2024-01-17,Veg,531,34,3,562,UPI,Regular,4.5,"Casual Dining"
O2139,C554,26,D409,R37,Dominos,"Hyderabad B4",Hyderabad,2024-02-01,Veg,421,58,96,383,UPI,Premium,4.1,"Casual Dining"
O2140,C1972,24,D497,R129,KFC,"Delhi B5",Delhi,2023-11-24,Veg,776,28,28,776,UPI,Premium,4.6,"Fast Food"
O2141,C1690,34,D966,R297,KFC,"Bangalore B3",Bangalore,2023-02-24,Non-Veg,687,28,119,596,UPI,Premium,4.7,Cafe
O2142,C1972,27,D883,R77,KFC,"Delhi B6",Delhi,2023-10-29,Non-Veg,421,53,29,445,UPI,Premium,3.9,"Casual Dining"
O2143,C1442,25,D726,R271,McDonalds,"Bangalore B2",Bangalore,2024-02-08,Non-Veg,481,58,26,513,Cash,Occasional,3.6,"Fast Food"
O2144,C778,26,D563,R322,KFC,"Pune B9",Pune,2023-10-16,Veg,670,31,60,641,Cash,Occasional,4.2,"Casual Dining"
O2145,C649,36,D968,R39,KFC,"Mumbai B7",Mumbai,2024-04-11,Non-Veg,472,56,96,432,UPI,Regular,3.8,"Casual Dining"
O2146,C1083,60,D969,R84,"Biryani House","Bangalore B8",Bangalore,2024-06-10,Veg,579,37,127,489,UPI,Occasional,3.3,Cafe
O2147,C296,30,D369,R96,"Biryani House","Mumbai B4",Mumbai,2024-01-20,Non-Veg,522,59,45,536,Card,Regular,4.6,"Casual Dining"
O2148,C1800,25,D279,R334,"Biryani House","Hyderabad B10",Hyderabad,2024-04-07,Veg,566,56,108,514,UPI,Occasional,4.9,Cafe
O2149,C1441,58,D628,R159,Dominos,"Hyderabad B9",Hyderabad,2024-02-14,Non-Veg,493,53,78,468,Cash,Occasional,3.9,"Casual Dining"
O2150,C526,38,D885,R226,"Pizza Hut","Mumbai B7",Mumbai,2024-02-21,Veg,729,29,112,646,Cash,Premium,3.1,"Casual Dining"
O2151,C1200,40,D540,R12,"Biryani House","Bangalore B7",Bangalore,2024-01-24,Veg,438,29,136,331,Cash,Premium,5,"Casual Dining"
O2152,C1715,62,D133,R360,McDonalds,"Delhi B4",Delhi,2024-03-04,Non-Veg,714,51,133,632,UPI,Premium,4.3,"Fast Food"
O2153,C920,36,D946,R160,Dominos,"Pune B1",Pune,2023-11-16,Non-Veg,953,25,132,846,UPI,Premium,3.6,"Casual Dining"
O2154,C1120,37,D57,R389,"Biryani House","Bangalore B7",Bangalore,2023-08-15,Non-Veg,738,59,92,705,Card,Premium,4.4,"Fast Food"
O2155,C154,49,D993,R351,"Pizza Hut","Delhi B9",Delhi,2023-06-21,Non-Veg,475,50,18,507,UPI,Occasional,4.4,"Fast Food"
O2156,C1239,29,D281,R112,"Biryani House","Pune B4",Pune,2024-02-24,Veg,724,57,22,759,Cash,Occasional,4.5,"Casual Dining"
O2157,C1011,23,D743,R255,Dominos,"Pune B2",Pune,2024-03-05,Non-Veg,758,25,119,664,UPI,Occasional,4.7,Cafe
O2158,C1518,31,D888,R200,McDonalds,"Pune B10",Pune,2024-02-03,Veg,572,60,22,610,Cash,Premium,4.2,Cafe
O2159,C1573,29,D117,R135,KFC,"Pune B5",Pune,2023-08-04,Veg,986,22,98,910,UPI,Regular,3.5,Cafe
O2160,C1550,40,D706,R25,"Biryani House","Pune B4",Pune,2023-12-30,Non-Veg,251,44,147,148,UPI,Regular,4.5,"Fast Food"
O2161,C1617,26,D780,R136,McDonalds,"Bangalore B3",Bangalore,2023-12-19,Non-Veg,813,27,24,816,UPI,Regular,4.2,"Casual Dining"
O2162,C1701,42,D968,R378,"Biryani House","Mumbai B8",Mumbai,2023-11-24,Non-Veg,889,27,61,855,UPI,Premium,3.8,Cafe
O2163,C1643,34,D319,R29,Dominos,"Hyderabad B2",Hyderabad,2023-09-13,Non-Veg,998,32,12,1018,UPI,Occasional,4,"Fast Food"
O2164,C1443,26,D43,R66,Dominos,"Mumbai B5",Mumbai,2023-12-20,Non-Veg,812,43,12,843,UPI,Premium,3.8,"Casual Dining"
O2165,C233,27,D314,R172,"Biryani House","Pune B1",Pune,2023-12-20,Non-Veg,999,56,128,927,UPI,Occasional,4.1,"Fast Food"
O2166,C805,22,D477,R248,McDonalds,"Pune B1",Pune,2023-07-05,Non-Veg,722,33,115,640,Cash,Premium,3.2,"Casual Dining"
O2167,C1314,34,D690,R358,"Pizza Hut","Delhi B10",Delhi,2023-10-16,Veg,728,49,54,723,Card,Premium,3.5,"Fast Food"
O2168,C812,29,D694,R344,KFC,"Delhi B8",Delhi,2023-06-11,Veg,514,53,24,543,UPI,Occasional,3.4,"Fast Food"
O2169,C1432,38,D387,R39,KFC,"Mumbai B7",Mumbai,2024-02-04,Non-Veg,582,55,147,490,UPI,Premium,3.2,"Casual Dining"
O2170,C1137,40,D26,R145,McDonalds,"Pune B4",Pune,2023-09-02,Non-Veg,998,30,89,939,Cash,Premium,3.2,"Fast Food"
O2171,C1572,25,D236,R201,KFC,"Hyderabad B8",Hyderabad,2023-07-10,Non-Veg,866,53,61,858,UPI,Premium,4.3,Cafe
O2172,C834,47,D386,R336,"Biryani House","Bangalore B9",Bangalore,2024-07-12,Veg,209,60,74,195,UPI,Regular,4.4,"Fast Food"
O2173,C297,40,D581,R354,McDonalds,"Bangalore B7",Bangalore,2024-03-28,Veg,309,35,16,328,UPI,Regular,4.6,"Fast Food"
O2174,C1629,25,D144,R390,"Pizza Hut","Mumbai B6",Mumbai,2023-05-25,Non-Veg,660,33,60,633,Cash,Regular,3.9,"Casual Dining"
O2175,C1588,40,D701,R126,KFC,"Hyderabad B6",Hyderabad,2023-07-25,Veg,507,43,18,532,Cash,Occasional,3.5,"Fast Food"
O2176,C1490,54,D443,R387,KFC,"Pune B7",Pune,2024-07-19,Veg,518,36,109,445,UPI,Premium,3.7,"Casual Dining"
O2177,C714,41,D593,R49,KFC,"Delhi B3",Delhi,2024-05-24,Non-Veg,227,33,49,211,Cash,Premium,3.1,"Fast Food"
O2178,C1026,40,D713,R130,Dominos,"Delhi B3",Delhi,2024-05-09,Non-Veg,304,29,78,255,UPI,Premium,3.5,"Casual Dining"
O2179,C1900,40,D238,R215,Dominos,"Hyderabad B10",Hyderabad,2024-05-05,Non-Veg,807,43,135,715,UPI,Premium,3.7,"Fast Food"
O2180,C789,29,D114,R376,"Biryani House","Bangalore B4",Bangalore,2023-11-13,Veg,425,47,31,441,Cash,Occasional,3.2,"Casual Dining"
O2181,C1349,35,D337,R13,Dominos,"Delhi B8",Delhi,2023-10-31,Non-Veg,921,30,78,873,Cash,Occasional,4.1,Cafe
O2182,C1063,34,D45,R261,KFC,"Mumbai B3",Mumbai,2023-08-07,Veg,216,47,59,204,Cash,Regular,3.8,"Fast Food"
O2183,C1238,26,D770,R213,Dominos,"Mumbai B2",Mumbai,2023-06-29,Veg,831,40,76,795,Cash,Premium,3.8,Cafe
O2184,C1954,40,D719,R391,McDonalds,"Delhi B5",Delhi,2024-02-10,Non-Veg,894,32,2,924,UPI,Occasional,3.6,"Casual Dining"
O2185,C930,32,D466,R222,Dominos,"Delhi B10",Delhi,2023-10-31,Non-Veg,972,44,72,944,Cash,Regular,5,Cafe
O2186,C558,33,D118,R109,Dominos,"Bangalore B3",Bangalore,2023-07-24,Non-Veg,726,27,12,741,UPI,Occasional,3.6,Cafe
O2187,C588,25,D576,R301,Dominos,"Mumbai B5",Mumbai,2023-08-10,Veg,307,52,32,327,Cash,Occasional,4.5,Cafe
O2188,C911,26,D545,R6,Dominos,"Mumbai B4",Mumbai,2023-10-09,Veg,557,51,80,528,Cash,Occasional,4.5,Cafe
O2189,C1595,40,D512,R12,"Biryani House","Bangalore B7",Bangalore,2024-05-21,Non-Veg,469,37,127,379,Cash,Occasional,4.3,"Casual Dining"
O2190,C276,40,D294,R362,Dominos,"Bangalore B2",Bangalore,2023-05-05,Non-Veg,272,57,92,237,Cash,Premium,4.9,Cafe
O2191,C201,38,D415,R347,Dominos,"Bangalore B3",Bangalore,2023-12-28,Non-Veg,802,37,108,731,Cash,Occasional,4.6,"Fast Food"
O2192,C1472,32,D840,R383,"Pizza Hut","Bangalore B4",Bangalore,2023-11-03,Non-Veg,488,28,2,514,UPI,Regular,4.4,"Fast Food"
O2193,C1875,32,D176,R308,"Pizza Hut","Hyderabad B5",Hyderabad,2024-04-16,Veg,857,20,33,844,UPI,Premium,4.4,Cafe
O2194,C435,28,D913,R245,"Pizza Hut","Mumbai B8",Mumbai,2023-03-07,Non-Veg,868,48,7,909,UPI,Premium,4.8,Cafe
O2195,C1616,28,D367,R14,Dominos,"Pune B7",Pune,2023-08-23,Veg,996,20,7,1009,UPI,Occasional,4.6,Cafe
O2196,C458,39,D579,R221,KFC,"Hyderabad B2",Hyderabad,2023-03-22,Veg,553,54,121,486,UPI,Regular,3.5,"Casual Dining"
O2197,C358,29,D782,R272,"Biryani House","Hyderabad B5",Hyderabad,2023-08-25,Veg,657,23,39,641,UPI,Regular,4.3,Cafe
O2198,C17,36,D386,R376,"Biryani House","Bangalore B4",Bangalore,2024-10-05,Veg,344,53,9,388,Cash,Premium,4.4,"Casual Dining"
O2199,C822,32,D345,R42,KFC,"Hyderabad B2",Hyderabad,2023-08-06,Veg,782,51,38,795,Cash,Occasional,3.2,"Fast Food"
O2200,C914,30,D27,R124,"Pizza Hut","Hyderabad B1",Hyderabad,2023-04-15,Non-Veg,569,31,35,565,UPI,Regular,5,"Fast Food"
O2201,C384,28,D282,R136,McDonalds,"Bangalore B3",Bangalore,2024-01-18,Veg,384,45,68,361,UPI,Regular,3.6,"Casual Dining"
O2202,C488,38,D5,R222,Dominos,"Delhi B10",Delhi,2023-08-14,Veg,873,46,111,808,UPI,Occasional,3.2,Cafe
O2203,C255,31,D753,R220,"Biryani House","Bangalore B9",Bangalore,2023-03-11,Non-Veg,857,60,96,821,UPI,Regular,3.8,"Casual Dining"
O2204,C1063,28,D54,R106,Dominos,"Mumbai B10",Mumbai,2023-06-30,Non-Veg,345,54,42,357,UPI,Regular,4.6,"Fast Food"
O2205,C1452,34,D572,R145,McDonalds,"Pune B4",Pune,2024-09-09,Non-Veg,318,40,5,353,Cash,Regular,3.1,"Fast Food"
O2206,C1140,28,D222,R386,"Pizza Hut","Mumbai B3",Mumbai,2023-12-06,Non-Veg,799,47,8,838,UPI,Premium,4.1,"Casual Dining"
O2207,C898,28,D165,R102,McDonalds,"Mumbai B6",Mumbai,2024-01-19,Veg,394,23,64,353,UPI,Premium,4.9,Cafe
O2208,C1983,22,D330,R142,"Pizza Hut","Hyderabad B6",Hyderabad,2024-01-28,Non-Veg,437,25,71,391,UPI,Regular,3.3,"Fast Food"
O2209,C856,31,D371,R228,McDonalds,"Delhi B6",Delhi,2024-01-14,Veg,589,43,5,627,UPI,Regular,4.6,Cafe
O2210,C1834,33,D895,R79,McDonalds,"Delhi B4",Delhi,2023-03-05,Non-Veg,562,20,21,561,Cash,Regular,3.8,Cafe
O2211,C797,34,D905,R240,Dominos,"Pune B5",Pune,2024-02-20,Veg,1000,43,63,980,Card,Regular,3.6,"Casual Dining"
O2212,C1571,25,D107,R93,McDonalds,"Mumbai B6",Mumbai,2023-12-02,Non-Veg,246,25,106,165,UPI,Regular,4.4,"Casual Dining"
O2213,C1183,40,D40,R262,McDonalds,"Mumbai B10",Mumbai,2023-10-09,Veg,514,58,139,433,UPI,Regular,4.4,"Casual Dining"
O2214,C1430,51,D846,R267,"Biryani House","Bangalore B9",Bangalore,2024-02-28,Veg,371,24,103,292,Cash,Premium,3.4,"Casual Dining"
O2215,C1423,40,D524,R102,McDonalds,"Mumbai B6",Mumbai,2023-10-20,Non-Veg,726,35,23,738,UPI,Occasional,4.4,Cafe
O2216,C996,50,D529,R186,"Pizza Hut","Delhi B5",Delhi,2024-05-19,Non-Veg,212,51,91,172,UPI,Regular,3.2,Cafe
O2217,C1885,26,D287,R189,KFC,"Bangalore B5",Bangalore,2024-08-12,Non-Veg,915,35,29,921,UPI,Occasional,3.7,Cafe
O2218,C813,38,D461,R345,KFC,"Mumbai B2",Mumbai,2023-12-06,Veg,922,43,94,871,UPI,Occasional,4.7,Cafe
O2219,C858,35,D194,R382,McDonalds,"Mumbai B8",Mumbai,2023-09-17,Non-Veg,257,46,136,167,UPI,Occasional,4.4,Cafe
O2220,C861,31,D940,R214,"Pizza Hut","Mumbai B3",Mumbai,2024-03-01,Veg,547,45,127,465,UPI,Regular,3.5,"Fast Food"
O2221,C1126,47,D615,R248,McDonalds,"Pune B1",Pune,2023-09-14,Veg,670,55,8,717,UPI,Regular,4,"Casual Dining"
O2222,C1129,51,D634,R267,"Biryani House","Bangalore B9",Bangalore,2024-04-19,Veg,273,43,56,260,UPI,Regular,4.2,"Casual Dining"
O2223,C1003,40,D279,R227,McDonalds,"Hyderabad B4",Hyderabad,2023-12-10,Non-Veg,380,39,19,400,Cash,Regular,4.9,"Casual Dining"
O2224,C1088,25,D592,R305,Dominos,"Bangalore B1",Bangalore,2024-02-03,Non-Veg,849,46,54,841,Cash,Occasional,3.5,"Fast Food"
O2225,C1192,40,D296,R300,"Pizza Hut","Pune B8",Pune,2023-11-04,Veg,980,54,50,984,Cash,Premium,3.9,"Fast Food"
O2226,C168,38,D448,R204,"Pizza Hut","Mumbai B1",Mumbai,2024-07-07,Non-Veg,859,45,51,853,Cash,Occasional,4.1,"Fast Food"
O2227,C757,26,D519,R362,Dominos,"Bangalore B2",Bangalore,2024-05-25,Non-Veg,829,46,71,804,UPI,Regular,4.1,Cafe
O2228,C965,38,D855,R195,"Pizza Hut","Hyderabad B9",Hyderabad,2023-10-15,Veg,561,34,141,454,Cash,Occasional,3.8,Cafe
O2229,C498,28,D592,R89,McDonalds,"Bangalore B6",Bangalore,2023-10-27,Non-Veg,938,56,42,952,Cash,Premium,3.5,Cafe
O2230,C1943,38,D57,R271,McDonalds,"Bangalore B2",Bangalore,2023-08-23,Veg,478,34,36,476,UPI,Regular,4.4,"Fast Food"
O2231,C1761,70,D671,R41,McDonalds,"Mumbai B6",Mumbai,2023-11-11,Veg,812,26,75,763,UPI,Premium,4.4,Cafe
O2232,C805,18,D155,R112,"Biryani House","Pune B4",Pune,2024-06-15,Veg,811,43,57,797,UPI,Premium,4.3,"Casual Dining"
O2233,C1498,36,D547,R385,"Biryani House","Hyderabad B4",Hyderabad,2023-07-18,Veg,590,59,119,530,Cash,Occasional,3.6,"Casual Dining"
O2234,C842,30,D895,R270,KFC,"Delhi B2",Delhi,2023-06-09,Non-Veg,827,22,148,701,UPI,Occasional,3.8,Cafe
O2235,C1277,28,D941,R19,McDonalds,"Mumbai B2",Mumbai,2024-02-19,Non-Veg,443,47,19,471,Cash,Occasional,3.2,"Fast Food"
O2236,C1707,33,D647,R338,McDonalds,"Hyderabad B8",Hyderabad,2023-11-10,Veg,932,27,77,882,Cash,Regular,3.6,"Casual Dining"
O2237,C328,25,D519,R65,"Pizza Hut","Bangalore B6",Bangalore,2024-03-17,Veg,344,21,112,253,Cash,Regular,4.1,"Fast Food"
O2238,C920,37,D857,R241,"Pizza Hut","Pune B5",Pune,2024-01-11,Non-Veg,626,41,3,664,UPI,Premium,3.8,Cafe
O2239,C1397,40,D26,R78,"Pizza Hut","Pune B1",Pune,2023-12-12,Non-Veg,813,56,107,762,UPI,Premium,3.2,"Fast Food"
O2240,C1928,26,D886,R216,"Pizza Hut","Bangalore B1",Bangalore,2023-08-24,Veg,909,40,12,937,UPI,Premium,4.6,"Casual Dining"
O2241,C603,39,D701,R265,McDonalds,"Hyderabad B10",Hyderabad,2023-10-04,Veg,879,23,94,808,UPI,Premium,3.5,"Casual Dining"
O2242,C1396,22,D657,R187,KFC,"Delhi B8",Delhi,2024-06-15,Non-Veg,358,25,140,243,UPI,Premium,4.3,"Casual Dining"
O2243,C346,30,D876,R234,"Biryani House","Delhi B2",Delhi,2024-01-03,Non-Veg,276,36,53,259,Cash,Regular,3.3,"Fast Food"
O2244,C932,27,D904,R32,"Pizza Hut","Hyderabad B4",Hyderabad,2024-05-23,Non-Veg,877,56,91,842,UPI,Premium,3.3,"Casual Dining"
O2245,C1791,27,D500,R95,KFC,"Pune B2",Pune,2024-01-18,Veg,825,23,26,822,UPI,Premium,3.8,"Fast Food"
O2246,C1791,33,D403,R327,Dominos,"Pune B8",Pune,2023-10-18,Non-Veg,895,34,136,793,Cash,Premium,3.6,Cafe
O2247,C1148,33,D620,R131,KFC,"Pune B7",Pune,2024-02-22,Veg,751,31,35,747,UPI,Premium,3.4,Cafe
O2248,C217,36,D469,R360,McDonalds,"Delhi B4",Delhi,2023-11-11,Veg,400,34,24,410,Card,Regular,4.5,"Fast Food"
O2249,C1735,28,D970,R352,"Biryani House","Hyderabad B4",Hyderabad,2024-04-17,Veg,212,31,9,234,UPI,Occasional,4.7,Cafe
O2250,C1399,29,D346,R204,"Pizza Hut","Mumbai B1",Mumbai,2024-06-25,Veg,315,47,129,233,Cash,Premium,3.4,"Fast Food"
O2251,C891,33,D293,R77,KFC,"Delhi B6",Delhi,2023-02-14,Non-Veg,474,50,58,466,Cash,Regular,3.8,"Casual Dining"
O2252,C1372,47,D134,R134,"Biryani House","Delhi B8",Delhi,2024-04-26,Veg,268,32,103,197,Cash,Premium,4.7,Cafe
O2253,C722,32,D129,R91,Dominos,"Bangalore B2",Bangalore,2024-08-22,Non-Veg,307,23,113,217,Cash,Regular,4.8,Cafe
O2254,C169,34,D663,R139,KFC,"Mumbai B6",Mumbai,2023-10-09,Veg,596,26,150,472,UPI,Premium,3,"Casual Dining"
O2255,C93,40,D688,R216,"Pizza Hut","Bangalore B1",Bangalore,2024-02-17,Veg,550,30,25,555,Cash,Premium,3.6,"Casual Dining"
O2256,C830,39,D862,R248,McDonalds,"Pune B1",Pune,2024-06-24,Non-Veg,880,24,92,812,Cash,Regular,4.7,"Casual Dining"
O2257,C814,32,D32,R296,KFC,"Hyderabad B2",Hyderabad,2024-01-15,Non-Veg,643,54,25,672,UPI,Occasional,4.3,Cafe
O2258,C208,68,D905,R78,"Pizza Hut","Pune B1",Pune,2024-03-17,Non-Veg,868,29,102,795,UPI,Occasional,3.6,"Fast Food"
O2259,C1719,39,D948,R23,Dominos,"Delhi B6",Delhi,2024-06-26,Veg,268,36,35,269,UPI,Premium,3.7,Cafe
O2260,C1376,32,D84,R399,"Pizza Hut","Mumbai B7",Mumbai,2023-08-18,Veg,632,35,121,546,UPI,Regular,3.9,"Fast Food"
O2261,C1228,29,D355,R271,McDonalds,"Bangalore B2",Bangalore,2023-10-31,Non-Veg,963,20,99,884,Cash,Occasional,4.9,"Fast Food"
O2262,C429,40,D977,R125,"Pizza Hut","Delhi B2",Delhi,2023-10-04,Non-Veg,642,60,75,627,Cash,Regular,4.8,"Casual Dining"
O2263,C156,35,D834,R56,"Pizza Hut","Bangalore B7",Bangalore,2023-07-05,Veg,817,50,77,790,UPI,Premium,4.1,"Casual Dining"
O2264,C1715,25,D485,R244,"Pizza Hut","Delhi B10",Delhi,2024-06-18,Non-Veg,728,56,40,744,Cash,Premium,3.2,Cafe
O2265,C1364,40,D953,R286,"Biryani House","Delhi B6",Delhi,2024-03-01,Veg,599,24,102,521,UPI,Regular,3.3,Cafe
O2266,C1298,32,D649,R9,"Pizza Hut","Hyderabad B2",Hyderabad,2024-05-19,Non-Veg,701,23,118,606,UPI,Premium,4.6,"Fast Food"
O2267,C1149,20,D62,R139,KFC,"Mumbai B6",Mumbai,2023-09-28,Veg,868,20,129,759,UPI,Occasional,4.2,"Casual Dining"
O2268,C72,27,D586,R366,McDonalds,"Bangalore B2",Bangalore,2023-07-02,Non-Veg,629,45,106,568,Cash,Regular,4.3,Cafe
O2269,C777,35,D235,R321,Dominos,"Pune B1",Pune,2023-10-02,Veg,310,54,27,337,UPI,Regular,3,"Casual Dining"
O2270,C1433,27,D575,R315,Dominos,"Bangalore B10",Bangalore,2023-05-11,Non-Veg,282,38,38,282,Cash,Premium,4.1,Cafe
O2271,C1292,36,D122,R4,KFC,"Bangalore B2",Bangalore,2023-10-25,Veg,704,60,37,727,UPI,Premium,4.8,"Fast Food"
O2272,C318,26,D664,R39,KFC,"Mumbai B7",Mumbai,2023-02-10,Non-Veg,868,54,75,847,UPI,Occasional,4.9,"Casual Dining"
O2273,C1919,40,D556,R159,Dominos,"Hyderabad B9",Hyderabad,2023-11-26,Veg,836,31,129,738,UPI,Occasional,3.7,"Casual Dining"
O2274,C1354,40,D847,R198,"Pizza Hut","Mumbai B6",Mumbai,2023-10-13,Non-Veg,935,47,16,966,Cash,Premium,4.4,"Fast Food"
O2275,C347,40,D353,R191,McDonalds,"Hyderabad B2",Hyderabad,2023-08-31,Non-Veg,884,45,43,886,UPI,Premium,4.7,Cafe
O2276,C201,57,D938,R278,Dominos,"Bangalore B1",Bangalore,2024-08-14,Non-Veg,952,46,59,939,UPI,Occasional,5,Cafe
O2277,C1084,27,D515,R344,KFC,"Delhi B8",Delhi,2024-03-27,Non-Veg,814,37,20,831,Card,Occasional,4.3,"Fast Food"
O2278,C1486,58,D152,R355,KFC,"Bangalore B4",Bangalore,2023-08-17,Non-Veg,680,41,100,621,Cash,Regular,5,Cafe
O2279,C194,29,D915,R132,McDonalds,"Hyderabad B1",Hyderabad,2023-10-09,Non-Veg,430,54,55,429,Cash,Regular,3.7,Cafe
O2280,C1230,25,D76,R257,Dominos,"Bangalore B3",Bangalore,2023-09-28,Veg,909,49,56,902,UPI,Occasional,3.3,Cafe
O2281,C479,47,D332,R342,"Biryani House","Pune B5",Pune,2024-09-13,Veg,985,43,108,920,UPI,Occasional,3.9,"Fast Food"
O2282,C1855,29,D483,R98,KFC,"Delhi B2",Delhi,2023-10-05,Veg,801,59,62,798,Cash,Premium,4.6,"Fast Food"
O2283,C274,22,D415,R243,KFC,"Bangalore B10",Bangalore,2023-11-22,Veg,789,26,86,729,UPI,Premium,4.6,"Fast Food"
O2284,C351,31,D523,R291,"Biryani House","Delhi B3",Delhi,2024-02-05,Veg,268,50,143,175,Card,Occasional,3.4,Cafe
O2285,C1829,30,D652,R114,"Biryani House","Bangalore B2",Bangalore,2024-03-30,Veg,812,33,65,780,UPI,Occasional,4.7,"Fast Food"
O2286,C980,28,D392,R168,"Biryani House","Hyderabad B9",Hyderabad,2023-03-12,Non-Veg,445,60,123,382,UPI,Premium,4.1,"Fast Food"
O2287,C590,35,D510,R385,"Biryani House","Hyderabad B4",Hyderabad,2024-06-02,Non-Veg,376,21,89,308,UPI,Occasional,4.3,"Casual Dining"
O2288,C1545,65,D154,R115,Dominos,"Pune B10",Pune,2023-09-13,Veg,887,45,94,838,Cash,Premium,4.2,"Casual Dining"
O2289,C409,33,D325,R218,McDonalds,"Pune B2",Pune,2024-02-09,Non-Veg,993,59,113,939,UPI,Regular,4.9,"Fast Food"
O2290,C92,37,D588,R108,"Pizza Hut","Mumbai B4",Mumbai,2024-04-18,Veg,540,56,119,477,Cash,Occasional,4.3,"Casual Dining"
O2291,C84,40,D714,R37,Dominos,"Hyderabad B4",Hyderabad,2023-11-20,Non-Veg,616,52,104,564,UPI,Regular,3.2,"Casual Dining"
O2292,C933,32,D371,R270,KFC,"Delhi B2",Delhi,2024-04-07,Veg,201,40,145,96,UPI,Regular,4.6,Cafe
O2293,C368,52,D830,R238,"Biryani House","Bangalore B4",Bangalore,2023-07-09,Non-Veg,840,37,89,788,Cash,Premium,4.3,"Fast Food"
O2294,C393,43,D23,R47,"Biryani House","Delhi B3",Delhi,2023-10-12,Non-Veg,430,52,22,460,UPI,Regular,4.4,"Casual Dining"
O2295,C1940,28,D646,R258,KFC,"Bangalore B3",Bangalore,2023-03-20,Veg,445,32,25,452,Cash,Regular,4.8,"Fast Food"
O2296,C235,37,D766,R193,"Pizza Hut","Mumbai B3",Mumbai,2023-11-23,Veg,786,27,22,791,Cash,Occasional,3.5,"Fast Food"
O2297,C692,37,D393,R21,Dominos,"Mumbai B1",Mumbai,2024-01-25,Veg,627,28,82,573,UPI,Premium,3.2,"Fast Food"
O2298,C1391,40,D51,R19,McDonalds,"Mumbai B2",Mumbai,2024-08-27,Veg,329,50,135,244,Cash,Regular,3.8,"Fast Food"
O2299,C1250,33,D323,R313,KFC,"Hyderabad B6",Hyderabad,2024-01-26,Non-Veg,211,21,74,158,Cash,Regular,3.9,Cafe
O2300,C289,34,D646,R305,Dominos,"Bangalore B1",Bangalore,2023-03-31,Veg,422,58,100,380,UPI,Regular,4.8,"Fast Food"
O2301,C1743,37,D367,R57,KFC,"Pune B2",Pune,2023-10-27,Veg,662,34,10,686,Cash,Regular,4.6,"Casual Dining"
O2302,C1126,38,D424,R81,"Pizza Hut","Pune B7",Pune,2024-09-26,Non-Veg,971,53,9,1015,Cash,Regular,3.6,"Fast Food"
O2303,C369,41,D161,R326,McDonalds,"Pune B7",Pune,2024-04-14,Non-Veg,391,44,68,367,Cash,Premium,3.5,"Casual Dining"
O2304,C646,40,D749,R230,KFC,"Delhi B7",Delhi,2024-04-10,Veg,201,45,126,120,UPI,Regular,3.9,"Casual Dining"
O2305,C1511,26,D933,R321,Dominos,"Pune B1",Pune,2023-11-11,Veg,381,56,135,302,UPI,Premium,4,"Casual Dining"
O2306,C421,39,D499,R232,Dominos,"Mumbai B9",Mumbai,2023-12-14,Non-Veg,213,38,141,110,Cash,Occasional,3.8,Cafe
O2307,C1975,36,D752,R317,KFC,"Mumbai B6",Mumbai,2024-01-03,Veg,666,48,19,695,UPI,Occasional,3.3,"Casual Dining"
O2308,C1922,26,D294,R69,"Pizza Hut","Bangalore B6",Bangalore,2023-07-07,Veg,921,44,134,831,UPI,Occasional,4.9,Cafe
O2309,C1910,42,D497,R199,"Biryani House","Delhi B9",Delhi,2023-12-11,Non-Veg,423,27,145,305,Cash,Premium,4.6,"Casual Dining"
O2310,C194,40,D509,R207,"Biryani House","Hyderabad B1",Hyderabad,2023-12-11,Veg,815,40,32,823,UPI,Regular,3.9,"Fast Food"
O2311,C1232,40,D6,R137,McDonalds,"Mumbai B9",Mumbai,2023-07-16,Non-Veg,279,42,84,237,UPI,Regular,3.2,"Casual Dining"
O2312,C1924,32,D464,R269,KFC,"Hyderabad B4",Hyderabad,2024-09-17,Veg,990,45,127,908,UPI,Premium,3.2,"Casual Dining"
O2313,C988,40,D517,R145,McDonalds,"Pune B4",Pune,2024-07-17,Veg,818,50,132,736,UPI,Premium,4.8,"Fast Food"
O2314,C750,32,D916,R187,KFC,"Delhi B8",Delhi,2023-02-27,Veg,494,20,26,488,UPI,Premium,3.6,"Casual Dining"
O2315,C913,26,D5,R182,McDonalds,"Delhi B9",Delhi,2023-07-22,Veg,942,60,54,948,Cash,Occasional,3.2,"Casual Dining"
O2316,C567,34,D233,R346,KFC,"Hyderabad B1",Hyderabad,2024-07-10,Veg,402,21,28,395,UPI,Regular,3.8,Cafe
O2317,C637,33,D912,R139,KFC,"Mumbai B6",Mumbai,2023-12-22,Veg,530,41,68,503,UPI,Occasional,4.3,"Casual Dining"
O2318,C1217,40,D367,R11,"Biryani House","Pune B2",Pune,2023-05-11,Non-Veg,391,30,28,393,UPI,Premium,4.6,"Fast Food"
O2319,C137,39,D350,R68,McDonalds,"Bangalore B4",Bangalore,2023-08-09,Non-Veg,623,53,50,626,UPI,Premium,4.1,Cafe
O2320,C1969,38,D785,R167,McDonalds,"Bangalore B5",Bangalore,2024-04-12,Veg,238,56,74,220,Cash,Premium,4.5,"Fast Food"
O2321,C961,29,D263,R185,Dominos,"Pune B4",Pune,2023-09-19,Non-Veg,964,58,27,995,Cash,Premium,3.8,"Casual Dining"
O2322,C1350,29,D224,R4,KFC,"Bangalore B2",Bangalore,2023-10-08,Veg,758,27,0,785,UPI,Premium,3.1,"Fast Food"
O2323,C1325,32,D373,R67,McDonalds,"Bangalore B4",Bangalore,2023-06-17,Non-Veg,913,51,111,853,Cash,Premium,4.9,"Fast Food"
O2324,C1856,40,D389,R334,"Biryani House","Hyderabad B10",Hyderabad,2023-10-31,Non-Veg,823,39,142,720,Cash,Premium,4.3,Cafe
O2325,C964,38,D375,R119,"Biryani House","Hyderabad B7",Hyderabad,2024-06-28,Non-Veg,300,51,58,293,UPI,Premium,3.7,"Fast Food"
O2326,C1904,38,D559,R206,McDonalds,"Mumbai B3",Mumbai,2024-06-09,Veg,679,43,2,720,UPI,Premium,3.4,Cafe
O2327,C1288,32,D65,R314,McDonalds,"Pune B7",Pune,2023-08-19,Veg,441,50,58,433,UPI,Premium,3.5,Cafe
O2328,C388,36,D48,R177,"Biryani House","Hyderabad B8",Hyderabad,2023-11-16,Non-Veg,482,36,105,413,UPI,Regular,4.1,"Casual Dining"
O2329,C516,37,D710,R309,McDonalds,"Hyderabad B6",Hyderabad,2024-01-22,Veg,951,26,16,961,UPI,Premium,3.1,Cafe
O2330,C1394,30,D933,R80,KFC,"Pune B10",Pune,2023-06-29,Veg,788,37,123,702,Card,Occasional,4,"Fast Food"
O2331,C29,28,D991,R19,McDonalds,"Mumbai B2",Mumbai,2023-10-23,Non-Veg,320,30,95,255,UPI,Occasional,3.8,"Fast Food"
O2332,C312,30,D744,R262,McDonalds,"Mumbai B10",Mumbai,2023-10-15,Veg,756,49,105,700,UPI,Premium,4.3,"Casual Dining"
O2333,C860,53,D487,R151,"Biryani House","Hyderabad B10",Hyderabad,2024-04-19,Veg,448,56,28,476,Cash,Regular,3.6,"Fast Food"
O2334,C1339,32,D661,R392,"Biryani House","Mumbai B2",Mumbai,2024-07-19,Veg,502,58,80,480,UPI,Occasional,4.5,"Casual Dining"
O2335,C596,47,D548,R38,McDonalds,"Bangalore B5",Bangalore,2024-02-08,Non-Veg,369,25,90,304,UPI,Regular,3.5,"Casual Dining"
O2336,C1313,34,D530,R91,Dominos,"Bangalore B2",Bangalore,2024-04-22,Veg,786,42,125,703,UPI,Regular,3.7,Cafe
O2337,C447,69,D406,R273,McDonalds,"Mumbai B9",Mumbai,2023-06-21,Veg,492,53,97,448,UPI,Regular,3.2,"Fast Food"
O2338,C431,39,D824,R372,"Pizza Hut","Bangalore B6",Bangalore,2023-12-05,Veg,706,59,122,643,UPI,Occasional,3.5,"Casual Dining"
O2339,C1179,26,D616,R358,"Pizza Hut","Delhi B10",Delhi,2023-04-19,Veg,821,34,0,855,Cash,Occasional,4.6,"Fast Food"
O2340,C1388,54,D303,R72,McDonalds,"Pune B10",Pune,2023-11-16,Non-Veg,678,55,73,660,UPI,Premium,3.7,"Casual Dining"
O2341,C1935,36,D316,R298,Dominos,"Pune B5",Pune,2023-12-28,Non-Veg,705,43,136,612,UPI,Premium,4.3,"Casual Dining"
O2342,C53,29,D328,R323,"Pizza Hut","Bangalore B3",Bangalore,2023-06-06,Non-Veg,790,40,110,720,UPI,Regular,4,"Casual Dining"
O2343,C1693,26,D73,R219,McDonalds,"Mumbai B1",Mumbai,2023-04-11,Veg,684,60,149,595,UPI,Occasional,4.1,Cafe
O2344,C668,39,D866,R100,"Pizza Hut","Pune B3",Pune,2023-02-03,Non-Veg,643,40,0,683,Cash,Occasional,3.8,"Fast Food"
O2345,C1088,32,D607,R277,Dominos,"Bangalore B6",Bangalore,2023-09-28,Veg,429,35,63,401,Cash,Occasional,4.1,"Casual Dining"
O2346,C776,28,D500,R81,"Pizza Hut","Pune B7",Pune,2024-04-07,Non-Veg,656,57,119,594,Cash,Premium,3.8,"Fast Food"
O2347,C1017,36,D468,R168,"Biryani House","Hyderabad B9",Hyderabad,2023-04-27,Veg,963,48,74,937,UPI,Regular,3.5,"Fast Food"
O2348,C1,39,D421,R52,McDonalds,"Bangalore B6",Bangalore,2024-06-01,Veg,429,22,121,330,UPI,Occasional,4.4,"Fast Food"
O2349,C1068,34,D68,R146,McDonalds,"Mumbai B4",Mumbai,2024-04-18,Veg,210,44,129,125,UPI,Premium,3.3,"Fast Food"
O2350,C1047,29,D825,R190,KFC,"Hyderabad B5",Hyderabad,2024-04-20,Non-Veg,748,50,108,690,Cash,Premium,3,Cafe
O2351,C605,54,D685,R282,"Biryani House","Delhi B8",Delhi,2024-03-06,Non-Veg,554,25,150,429,Cash,Occasional,4.8,Cafe
O2352,C227,18,D152,R109,Dominos,"Bangalore B3",Bangalore,2024-02-02,Non-Veg,320,40,48,312,Cash,Premium,5,Cafe
O2353,C1686,28,D709,R191,McDonalds,"Hyderabad B2",Hyderabad,2024-06-28,Non-Veg,354,20,88,286,Cash,Occasional,3.7,Cafe
O2354,C767,40,D817,R106,Dominos,"Mumbai B10",Mumbai,2023-11-05,Veg,556,24,131,449,UPI,Occasional,4,"Fast Food"
O2355,C232,27,D680,R27,McDonalds,"Pune B3",Pune,2023-09-06,Non-Veg,378,28,7,399,UPI,Occasional,4.4,Cafe
O2356,C1415,33,D347,R299,"Pizza Hut","Pune B3",Pune,2023-10-23,Veg,322,26,126,222,Card,Occasional,4.3,Cafe
O2357,C419,31,D440,R330,KFC,"Mumbai B1",Mumbai,2023-07-05,Non-Veg,709,58,115,652,UPI,Premium,4.3,Cafe
O2358,C313,70,D527,R168,"Biryani House","Hyderabad B9",Hyderabad,2023-08-14,Non-Veg,942,53,125,870,UPI,Premium,3,"Fast Food"
O2359,C1228,32,D200,R4,KFC,"Bangalore B2",Bangalore,2024-01-11,Non-Veg,540,58,115,483,Cash,Occasional,3.9,"Fast Food"
O2360,C409,32,D492,R239,McDonalds,"Pune B3",Pune,2023-09-12,Non-Veg,376,27,139,264,UPI,Regular,4.2,Cafe
O2361,C1563,27,D683,R68,McDonalds,"Bangalore B4",Bangalore,2023-08-30,Veg,386,48,74,360,UPI,Occasional,5,Cafe
O2362,C475,25,D836,R153,KFC,"Bangalore B1",Bangalore,2023-11-25,Non-Veg,256,46,85,217,UPI,Premium,3.8,"Casual Dining"
O2363,C660,36,D136,R303,"Pizza Hut","Delhi B3",Delhi,2024-04-12,Non-Veg,607,29,24,612,Cash,Premium,3.8,"Casual Dining"
O2364,C1323,33,D95,R81,"Pizza Hut","Pune B7",Pune,2024-03-04,Non-Veg,753,27,118,662,Cash,Occasional,4.8,"Fast Food"
O2365,C1181,27,D55,R228,McDonalds,"Delhi B6",Delhi,2024-07-19,Veg,840,41,131,750,Cash,Regular,4,Cafe
O2366,C1464,31,D593,R117,Dominos,"Delhi B1",Delhi,2024-06-22,Veg,727,45,63,709,UPI,Regular,3.1,Cafe
O2367,C690,40,D360,R220,"Biryani House","Bangalore B9",Bangalore,2024-07-29,Non-Veg,814,34,134,714,Cash,Occasional,4.7,"Casual Dining"
O2368,C1388,39,D212,R322,KFC,"Pune B9",Pune,2024-03-18,Non-Veg,799,54,103,750,UPI,Premium,4.3,"Casual Dining"
O2369,C596,25,D813,R337,KFC,"Bangalore B8",Bangalore,2024-07-15,Veg,260,21,69,212,UPI,Regular,3.8,"Fast Food"
O2370,C1349,31,D413,R289,KFC,"Delhi B8",Delhi,2023-07-13,Non-Veg,874,53,148,779,UPI,Occasional,4.8,"Fast Food"
O2371,C957,60,D442,R87,KFC,"Delhi B7",Delhi,2023-12-16,Veg,287,57,5,339,UPI,Premium,4.5,"Fast Food"
O2372,C1141,31,D529,R199,"Biryani House","Delhi B9",Delhi,2024-04-16,Veg,481,34,12,503,Card,Premium,3.2,"Casual Dining"
O2373,C559,28,D531,R174,Dominos,"Pune B8",Pune,2024-01-06,Non-Veg,836,43,33,846,Cash,Premium,3.1,Cafe
O2374,C1207,25,D815,R348,Dominos,"Bangalore B4",Bangalore,2023-10-19,Veg,373,45,97,321,Cash,Occasional,4.4,Cafe
O2375,C861,29,D177,R60,"Pizza Hut","Mumbai B3",Mumbai,2023-11-09,Veg,750,49,123,676,UPI,Regular,3.9,Cafe
O2376,C1926,25,D405,R346,KFC,"Hyderabad B1",Hyderabad,2023-10-10,Non-Veg,955,59,145,869,Cash,Occasional,4.4,Cafe
O2377,C834,33,D297,R233,"Pizza Hut","Bangalore B5",Bangalore,2024-02-14,Non-Veg,403,46,54,395,Cash,Regular,4.8,"Casual Dining"
O2378,C1086,35,D318,R198,"Pizza Hut","Mumbai B6",Mumbai,2023-07-02,Non-Veg,885,30,109,806,Cash,Premium,3.8,"Fast Food"
O2379,C1009,37,D428,R41,McDonalds,"Mumbai B6",Mumbai,2023-11-23,Veg,846,59,54,851,Cash,Regular,3.4,Cafe
O2380,C507,32,D445,R108,"Pizza Hut","Mumbai B4",Mumbai,2023-12-19,Veg,512,44,19,537,UPI,Premium,4.7,"Casual Dining"
O2381,C1595,28,D460,R266,"Pizza Hut","Bangalore B9",Bangalore,2023-09-05,Veg,536,54,35,555,UPI,Occasional,3.8,"Casual Dining"
O2382,C1527,28,D725,R98,KFC,"Delhi B2",Delhi,2023-09-30,Veg,238,47,96,189,UPI,Occasional,4.5,"Fast Food"
O2383,C1637,39,D62,R157,KFC,"Mumbai B3",Mumbai,2023-09-27,Veg,899,58,43,914,UPI,Premium,4.2,Cafe
O2384,C1037,28,D420,R224,KFC,"Hyderabad B7",Hyderabad,2023-11-23,Veg,842,55,32,865,Cash,Occasional,4.4,"Fast Food"
O2385,C1150,28,D577,R203,"Pizza Hut","Hyderabad B9",Hyderabad,2024-05-09,Non-Veg,612,21,122,511,Cash,Premium,3.3,"Fast Food"
O2386,C628,26,D817,R256,Dominos,"Mumbai B5",Mumbai,2023-10-02,Veg,793,52,90,755,Card,Premium,4,"Fast Food"
O2387,C944,60,D727,R23,Dominos,"Delhi B6",Delhi,2023-09-08,Veg,849,44,68,825,Cash,Occasional,4.2,Cafe
O2388,C1232,28,D194,R137,McDonalds,"Mumbai B9",Mumbai,2023-11-03,Non-Veg,850,33,24,859,UPI,Regular,4.4,"Casual Dining"
O2389,C1210,27,D928,R273,McDonalds,"Mumbai B9",Mumbai,2024-07-04,Veg,381,38,104,315,UPI,Occasional,4.6,"Fast Food"
O2390,C284,26,D626,R121,"Biryani House","Delhi B9",Delhi,2024-05-29,Non-Veg,301,38,41,298,UPI,Premium,4.2,"Fast Food"
O2391,C20,34,D686,R261,KFC,"Mumbai B3",Mumbai,2023-09-10,Non-Veg,274,55,99,230,Cash,Occasional,3.3,"Fast Food"
O2392,C1113,27,D982,R99,"Pizza Hut","Bangalore B6",Bangalore,2023-05-12,Non-Veg,880,47,31,896,UPI,Premium,4.3,"Fast Food"
O2393,C1824,28,D794,R150,"Pizza Hut","Hyderabad B2",Hyderabad,2023-11-28,Veg,786,30,6,810,UPI,Premium,4.8,"Casual Dining"
O2394,C1496,47,D803,R396,"Pizza Hut","Bangalore B8",Bangalore,2024-03-04,Non-Veg,566,23,49,540,UPI,Regular,4,Cafe
O2395,C1306,38,D740,R53,KFC,"Hyderabad B5",Hyderabad,2024-01-22,Non-Veg,295,41,35,301,Cash,Regular,4.2,"Fast Food"
O2396,C368,43,D63,R91,Dominos,"Bangalore B2",Bangalore,2023-12-13,Non-Veg,638,39,42,635,UPI,Premium,4.4,Cafe
O2397,C15,25,D742,R273,McDonalds,"Mumbai B9",Mumbai,2023-12-27,Veg,892,57,113,836,UPI,Regular,4.5,"Fast Food"
O2398,C1818,26,D155,R241,"Pizza Hut","Pune B5",Pune,2024-07-14,Non-Veg,692,29,116,605,UPI,Premium,4.3,Cafe
O2399,C1991,33,D812,R225,KFC,"Bangalore B7",Bangalore,2023-07-20,Non-Veg,205,38,112,131,UPI,Premium,4.1,Cafe
O2400,C1468,30,D320,R347,Dominos,"Bangalore B3",Bangalore,2023-09-09,Veg,947,43,70,920,UPI,Premium,4.9,"Fast Food"
O2401,C237,37,D384,R124,"Pizza Hut","Hyderabad B1",Hyderabad,2023-12-30,Veg,731,51,75,707,Cash,Premium,3.9,"Fast Food"
O2402,C1371,28,D528,R258,KFC,"Bangalore B3",Bangalore,2024-02-13,Non-Veg,400,20,37,383,UPI,Occasional,4.8,"Fast Food"
O2403,C35,36,D170,R338,McDonalds,"Hyderabad B8",Hyderabad,2023-12-10,Non-Veg,543,54,83,514,Card,Occasional,4.6,"Casual Dining"
O2404,C1266,28,D639,R149,"Biryani House","Bangalore B5",Bangalore,2023-10-24,Veg,319,56,35,340,UPI,Regular,3.8,"Casual Dining"
O2405,C1179,33,D883,R36,"Biryani House","Delhi B6",Delhi,2023-10-22,Non-Veg,270,49,88,231,Cash,Occasional,3.9,Cafe
O2406,C1165,33,D939,R390,"Pizza Hut","Mumbai B6",Mumbai,2024-06-02,Non-Veg,530,32,6,556,UPI,Occasional,3.1,"Casual Dining"
O2407,C249,49,D702,R286,"Biryani House","Delhi B6",Delhi,2023-11-26,Non-Veg,400,53,104,349,UPI,Premium,3.6,Cafe
O2408,C707,25,D187,R348,Dominos,"Bangalore B4",Bangalore,2024-01-15,Non-Veg,741,56,4,793,UPI,Premium,4.3,Cafe
O2409,C1938,28,D24,R201,KFC,"Hyderabad B8",Hyderabad,2024-04-01,Veg,713,36,3,746,Cash,Regular,5,Cafe
O2410,C767,27,D335,R231,"Biryani House","Mumbai B7",Mumbai,2023-05-30,Non-Veg,485,48,143,390,UPI,Occasional,3.9,"Casual Dining"
O2411,C68,39,D136,R121,"Biryani House","Delhi B9",Delhi,2023-11-07,Veg,224,35,37,222,Cash,Occasional,3.8,"Fast Food"
O2412,C434,33,D526,R316,McDonalds,"Bangalore B3",Bangalore,2023-12-20,Non-Veg,727,48,139,636,Cash,Regular,4.9,"Casual Dining"
O2413,C958,33,D544,R380,"Pizza Hut","Hyderabad B4",Hyderabad,2024-08-01,Veg,366,53,29,390,UPI,Premium,3.7,"Casual Dining"
O2414,C531,36,D620,R295,"Biryani House","Pune B5",Pune,2024-07-08,Veg,474,57,37,494,UPI,Premium,3.4,Cafe
O2415,C670,28,D471,R262,McDonalds,"Mumbai B10",Mumbai,2024-04-01,Non-Veg,798,40,27,811,Cash,Occasional,4.3,"Casual Dining"
O2416,C1937,38,D773,R174,Dominos,"Pune B8",Pune,2024-02-05,Veg,593,47,119,521,UPI,Occasional,3.7,Cafe
O2417,C1172,27,D377,R21,Dominos,"Mumbai B1",Mumbai,2024-07-21,Non-Veg,506,44,102,448,UPI,Regular,4.6,"Fast Food"
O2418,C1562,35,D496,R291,"Biryani House","Delhi B3",Delhi,2023-08-31,Non-Veg,972,27,7,992,Cash,Occasional,3.4,Cafe
O2419,C1544,27,D913,R273,McDonalds,"Mumbai B9",Mumbai,2023-10-30,Non-Veg,201,55,77,179,Cash,Occasional,4.8,"Fast Food"
O2420,C41,55,D153,R351,"Pizza Hut","Delhi B9",Delhi,2023-03-13,Veg,403,46,70,379,UPI,Regular,3.9,"Fast Food"
O2421,C1853,29,D584,R73,Dominos,"Bangalore B1",Bangalore,2024-04-26,Veg,542,56,49,549,UPI,Premium,3.3,Cafe
O2422,C1023,26,D648,R38,McDonalds,"Bangalore B5",Bangalore,2023-12-09,Non-Veg,254,26,141,139,UPI,Premium,3.5,"Casual Dining"
O2423,C1821,30,D452,R143,"Biryani House","Mumbai B10",Mumbai,2024-04-14,Veg,967,35,113,889,UPI,Occasional,4.8,"Fast Food"
O2424,C684,36,D272,R394,McDonalds,"Pune B2",Pune,2023-06-29,Non-Veg,847,51,99,799,Card,Premium,3.3,"Fast Food"
O2425,C99,29,D139,R15,Dominos,"Hyderabad B9",Hyderabad,2023-09-13,Veg,959,44,133,870,UPI,Regular,3.5,"Fast Food"
O2426,C1385,38,D489,R161,Dominos,"Delhi B2",Delhi,2023-06-27,Veg,918,46,125,839,Cash,Occasional,3.5,"Fast Food"
O2427,C1787,46,D218,R281,"Pizza Hut","Mumbai B1",Mumbai,2023-03-21,Veg,560,30,140,450,UPI,Premium,3.2,"Casual Dining"
O2428,C1390,28,D80,R8,"Biryani House","Delhi B3",Delhi,2023-11-07,Non-Veg,902,36,52,886,Cash,Regular,4.3,"Casual Dining"
O2429,C297,28,D705,R257,Dominos,"Bangalore B3",Bangalore,2023-12-31,Non-Veg,344,34,16,362,Cash,Regular,3.1,Cafe
O2430,C220,29,D723,R293,KFC,"Mumbai B3",Mumbai,2023-04-11,Veg,953,46,118,881,Cash,Occasional,3.2,Cafe
O2431,C1520,30,D751,R270,KFC,"Delhi B2",Delhi,2024-08-11,Veg,823,43,79,787,UPI,Occasional,3.9,Cafe
O2432,C773,24,D339,R164,"Biryani House","Pune B5",Pune,2023-05-30,Veg,826,53,6,873,Cash,Regular,3.4,Cafe
O2433,C730,33,D408,R255,Dominos,"Pune B2",Pune,2023-11-26,Veg,723,31,53,701,Cash,Regular,4,Cafe
O2434,C1561,33,D290,R395,McDonalds,"Hyderabad B6",Hyderabad,2024-01-12,Non-Veg,953,59,5,1007,Card,Premium,3.4,"Fast Food"
O2435,C1897,32,D705,R372,"Pizza Hut","Bangalore B6",Bangalore,2024-04-14,Veg,750,42,46,746,Cash,Premium,3.1,"Casual Dining"
O2436,C1656,38,D159,R379,Dominos,"Pune B6",Pune,2023-05-29,Non-Veg,280,25,73,232,UPI,Premium,4.9,"Fast Food"
O2437,C1407,35,D467,R139,KFC,"Mumbai B6",Mumbai,2024-02-15,Veg,593,37,33,597,Cash,Occasional,4.2,"Casual Dining"
O2438,C663,34,D615,R321,Dominos,"Pune B1",Pune,2023-06-13,Non-Veg,383,51,64,370,UPI,Regular,4,"Casual Dining"
O2439,C914,27,D554,R224,KFC,"Hyderabad B7",Hyderabad,2023-12-05,Veg,912,60,30,942,UPI,Regular,3,"Fast Food"
O2440,C229,31,D543,R338,McDonalds,"Hyderabad B8",Hyderabad,2024-01-02,Veg,908,21,46,883,UPI,Occasional,4.7,"Casual Dining"
O2441,C1520,28,D737,R23,Dominos,"Delhi B6",Delhi,2024-03-24,Non-Veg,562,35,86,511,UPI,Occasional,4.9,Cafe
O2442,C1373,36,D504,R175,KFC,"Bangalore B7",Bangalore,2024-03-02,Veg,381,56,70,367,UPI,Premium,3,Cafe
O2443,C1386,30,D921,R52,McDonalds,"Bangalore B6",Bangalore,2024-05-05,Veg,408,24,19,413,Cash,Premium,3.5,"Fast Food"
O2444,C101,57,D190,R91,Dominos,"Bangalore B2",Bangalore,2024-07-13,Non-Veg,381,50,99,332,UPI,Premium,4.3,Cafe
O2445,C1679,25,D866,R353,"Biryani House","Pune B2",Pune,2023-06-04,Veg,954,53,30,977,Cash,Regular,3.8,"Casual Dining"
O2446,C206,29,D205,R30,"Pizza Hut","Mumbai B5",Mumbai,2023-07-07,Veg,604,41,150,495,UPI,Occasional,4.6,"Casual Dining"
O2447,C400,35,D979,R332,KFC,"Mumbai B10",Mumbai,2024-05-18,Non-Veg,594,51,22,623,UPI,Regular,3.1,"Fast Food"
O2448,C576,30,D488,R68,McDonalds,"Bangalore B4",Bangalore,2024-06-19,Veg,739,25,24,740,Cash,Occasional,3.1,Cafe
O2449,C989,46,D446,R270,KFC,"Delhi B2",Delhi,2023-06-27,Veg,793,49,149,693,Cash,Regular,4.2,Cafe
O2450,C1496,43,D813,R355,KFC,"Bangalore B4",Bangalore,2024-01-06,Veg,648,31,38,641,Cash,Regular,3.8,Cafe
O2451,C1949,29,D26,R353,"Biryani House","Pune B2",Pune,2023-12-28,Non-Veg,646,45,19,672,Cash,Premium,3.2,"Casual Dining"
O2452,C442,34,D371,R270,KFC,"Delhi B2",Delhi,2023-12-26,Non-Veg,389,45,86,348,Card,Occasional,4.6,Cafe
O2453,C720,20,D881,R14,Dominos,"Pune B7",Pune,2024-02-09,Veg,689,45,82,652,UPI,Regular,3.8,Cafe
O2454,C894,28,D64,R353,"Biryani House","Pune B2",Pune,2023-11-25,Veg,334,24,139,219,UPI,Premium,3.7,"Casual Dining"
O2455,C1872,33,D641,R9,"Pizza Hut","Hyderabad B2",Hyderabad,2023-11-25,Non-Veg,299,56,13,342,Cash,Occasional,4.7,"Fast Food"
O2456,C1774,52,D419,R69,"Pizza Hut","Bangalore B6",Bangalore,2023-08-24,Veg,601,39,22,618,UPI,Regular,4.9,Cafe
O2457,C94,30,D684,R80,KFC,"Pune B10",Pune,2024-01-22,Non-Veg,524,45,121,448,UPI,Premium,4.6,"Fast Food"
O2458,C21,28,D557,R371,"Biryani House","Bangalore B8",Bangalore,2023-04-24,Veg,800,36,1,835,UPI,Regular,4.7,"Fast Food"
O2459,C1748,51,D640,R29,Dominos,"Hyderabad B2",Hyderabad,2023-04-05,Non-Veg,704,54,13,745,Cash,Occasional,3.6,"Fast Food"
O2460,C1423,39,D30,R317,KFC,"Mumbai B6",Mumbai,2023-09-03,Veg,722,46,65,703,UPI,Occasional,4.6,"Casual Dining"
O2461,C461,30,D302,R241,"Pizza Hut","Pune B5",Pune,2024-03-05,Non-Veg,876,58,145,789,Cash,Premium,4,Cafe
O2462,C1675,57,D395,R233,"Pizza Hut","Bangalore B5",Bangalore,2023-08-21,Veg,653,34,50,637,UPI,Occasional,4,"Casual Dining"
O2463,C428,32,D897,R272,"Biryani House","Hyderabad B5",Hyderabad,2023-12-08,Non-Veg,339,50,16,373,UPI,Occasional,4.7,Cafe
O2464,C266,28,D286,R220,"Biryani House","Bangalore B9",Bangalore,2023-11-14,Veg,653,31,42,642,UPI,Occasional,3.7,"Casual Dining"
O2465,C760,42,D481,R270,KFC,"Delhi B2",Delhi,2024-05-01,Non-Veg,735,26,44,717,UPI,Occasional,4.9,Cafe
O2466,C338,29,D196,R203,"Pizza Hut","Hyderabad B9",Hyderabad,2024-07-31,Veg,603,30,89,544,UPI,Occasional,4.6,"Fast Food"
O2467,C75,26,D945,R367,Dominos,"Pune B7",Pune,2023-08-21,Non-Veg,268,51,0,319,Cash,Occasional,3.1,"Fast Food"
O2468,C1486,29,D567,R366,McDonalds,"Bangalore B2",Bangalore,2023-08-05,Veg,312,26,101,237,Cash,Regular,3.5,Cafe
O2469,C1673,25,D39,R330,KFC,"Mumbai B1",Mumbai,2023-04-06,Non-Veg,507,50,26,531,UPI,Occasional,4.4,Cafe
O2470,C1993,32,D7,R382,McDonalds,"Mumbai B8",Mumbai,2024-01-12,Veg,504,49,107,446,UPI,Premium,4.6,Cafe
O2471,C1968,34,D563,R400,McDonalds,"Pune B4",Pune,2023-08-19,Non-Veg,218,43,20,241,UPI,Occasional,4.2,"Fast Food"
O2472,C1266,26,D326,R323,"Pizza Hut","Bangalore B3",Bangalore,2023-10-06,Non-Veg,411,36,131,316,UPI,Regular,4.3,"Casual Dining"
O2473,C1466,26,D370,R71,McDonalds,"Delhi B5",Delhi,2024-07-25,Veg,986,33,95,924,UPI,Regular,4.6,"Fast Food"
O2474,C1381,70,D104,R2,"Biryani House","Mumbai B4",Mumbai,2024-04-11,Non-Veg,626,40,78,588,Cash,Regular,3.9,Cafe
O2475,C338,36,D771,R346,KFC,"Hyderabad B1",Hyderabad,2024-05-22,Non-Veg,717,52,17,752,Cash,Occasional,4.6,Cafe
O2476,C710,38,D930,R302,"Biryani House","Hyderabad B5",Hyderabad,2023-04-21,Veg,315,32,106,241,UPI,Premium,3,"Fast Food"
O2477,C1609,40,D534,R312,KFC,"Hyderabad B7",Hyderabad,2023-08-29,Veg,710,55,14,751,UPI,Occasional,4.3,"Casual Dining"
O2478,C575,36,D271,R314,McDonalds,"Pune B7",Pune,2023-10-25,Veg,291,35,102,224,Cash,Regular,3.6,Cafe
O2479,C38,30,D994,R90,McDonalds,"Pune B9",Pune,2023-10-13,Non-Veg,213,25,129,109,UPI,Regular,3.3,Cafe
O2480,C1603,25,D374,R153,KFC,"Bangalore B1",Bangalore,2023-07-12,Veg,386,37,111,312,UPI,Regular,4.8,"Casual Dining"
O2481,C1796,27,D663,R332,KFC,"Mumbai B10",Mumbai,2023-07-13,Non-Veg,619,37,72,584,Cash,Regular,3,"Fast Food"
O2482,C177,22,D236,R268,"Biryani House","Hyderabad B4",Hyderabad,2023-05-29,Non-Veg,983,24,55,952,Cash,Occasional,4.3,"Fast Food"
O2483,C1644,33,D198,R24,"Pizza Hut","Hyderabad B3",Hyderabad,2024-02-03,Non-Veg,865,49,43,871,Cash,Regular,3.4,"Fast Food"
O2484,C256,27,D864,R42,KFC,"Hyderabad B2",Hyderabad,2023-05-21,Veg,605,26,37,594,Cash,Regular,4.8,"Fast Food"
O2485,C1585,32,D561,R89,McDonalds,"Bangalore B6",Bangalore,2024-01-09,Veg,279,30,52,257,UPI,Occasional,3.8,Cafe
O2486,C1371,29,D47,R316,McDonalds,"Bangalore B3",Bangalore,2024-02-22,Non-Veg,456,22,127,351,Cash,Occasional,4.5,"Casual Dining"
O2487,C527,33,D435,R174,Dominos,"Pune B8",Pune,2023-09-03,Non-Veg,435,41,118,358,UPI,Regular,3.7,Cafe
O2488,C1163,34,D481,R339,"Biryani House","Delhi B6",Delhi,2024-05-22,Non-Veg,382,20,41,361,Cash,Premium,4.9,"Casual Dining"
O2489,C311,32,D222,R232,Dominos,"Mumbai B9",Mumbai,2024-03-11,Veg,385,49,31,403,UPI,Premium,4.1,Cafe
O2490,C689,28,D264,R63,Dominos,"Delhi B3",Delhi,2023-04-12,Non-Veg,957,51,150,858,UPI,Premium,3.7,Cafe
O2491,C349,30,D216,R70,"Biryani House","Hyderabad B10",Hyderabad,2023-08-02,Non-Veg,309,37,20,326,Cash,Regular,4.8,"Casual Dining"
O2492,C1522,34,D927,R80,KFC,"Pune B10",Pune,2023-03-20,Non-Veg,638,35,123,550,UPI,Regular,4.4,"Fast Food"
O2493,C350,34,D927,R28,Dominos,"Pune B3",Pune,2023-05-05,Veg,585,56,40,601,UPI,Regular,4.4,"Casual Dining"
O2494,C1004,33,D612,R193,"Pizza Hut","Mumbai B3",Mumbai,2023-11-07,Non-Veg,722,26,60,688,UPI,Occasional,4.4,"Fast Food"
O2495,C76,63,D635,R170,"Pizza Hut","Mumbai B3",Mumbai,2024-06-01,Veg,834,40,131,743,UPI,Occasional,4.5,Cafe
O2496,C269,37,D541,R205,"Biryani House","Hyderabad B2",Hyderabad,2024-05-01,Non-Veg,490,37,11,516,Cash,Premium,4.4,"Fast Food"
O2497,C261,31,D865,R391,McDonalds,"Delhi B5",Delhi,2023-05-14,Non-Veg,638,27,113,552,UPI,Regular,4.2,"Casual Dining"
O2498,C94,40,D692,R242,McDonalds,"Pune B8",Pune,2024-02-07,Non-Veg,224,42,115,151,UPI,Premium,4.8,"Fast Food"
O2499,C1705,35,D779,R60,"Pizza Hut","Mumbai B3",Mumbai,2023-11-14,Veg,643,26,21,648,Cash,Regular,3.3,Cafe
O2500,C1842,38,D396,R252,"Pizza Hut","Hyderabad B1",Hyderabad,2023-11-30,Veg,943,35,52,926,Cash,Occasional,4.5,"Fast Food"
O2501,C1130,29,D509,R205,"Biryani House","Hyderabad B2",Hyderabad,2023-11-14,Veg,298,23,113,208,UPI,Premium,3.9,"Fast Food"
O2502,C1704,27,D44,R133,KFC,"Bangalore B9",Bangalore,2024-01-21,Veg,376,47,71,352,UPI,Regular,3.5,"Fast Food"
O2503,C1670,20,D993,R286,"Biryani House","Delhi B6",Delhi,2023-12-05,Veg,620,42,78,584,UPI,Occasional,4.4,Cafe
O2504,C79,42,D117,R379,Dominos,"Pune B6",Pune,2023-02-11,Veg,598,21,88,531,Cash,Regular,3.5,"Fast Food"
O2505,C1497,41,D57,R184,KFC,"Bangalore B3",Bangalore,2023-10-31,Non-Veg,553,31,20,564,Cash,Occasional,4.4,"Casual Dining"
O2506,C895,38,D62,R157,KFC,"Mumbai B3",Mumbai,2023-06-23,Non-Veg,910,58,110,858,Cash,Occasional,4.2,Cafe
O2507,C494,27,D342,R254,KFC,"Hyderabad B4",Hyderabad,2024-04-07,Non-Veg,678,24,118,584,Cash,Regular,4,"Fast Food"
O2508,C1160,39,D16,R268,"Biryani House","Hyderabad B4",Hyderabad,2023-08-04,Non-Veg,363,48,22,389,UPI,Occasional,4.1,"Fast Food"
O2509,C520,25,D955,R143,"Biryani House","Mumbai B10",Mumbai,2024-03-30,Veg,409,52,48,413,UPI,Regular,3.8,"Fast Food"
O2510,C1450,32,D8,R54,"Pizza Hut","Delhi B4",Delhi,2023-11-29,Non-Veg,390,33,26,397,Cash,Occasional,4.1,"Casual Dining"
O2511,C640,36,D748,R150,"Pizza Hut","Hyderabad B2",Hyderabad,2023-08-26,Non-Veg,751,44,82,713,UPI,Regular,4.5,"Casual Dining"
O2512,C1513,26,D772,R203,"Pizza Hut","Hyderabad B9",Hyderabad,2023-06-18,Veg,485,52,141,396,UPI,Premium,4.3,"Fast Food"
O2513,C1143,27,D120,R393,"Pizza Hut","Pune B6",Pune,2023-05-20,Non-Veg,656,37,49,644,Cash,Occasional,3.4,"Casual Dining"
O2514,C1747,38,D434,R118,KFC,"Mumbai B4",Mumbai,2024-05-07,Non-Veg,839,44,73,810,Cash,Regular,4.9,"Casual Dining"
O2515,C1485,28,D373,R368,Dominos,"Bangalore B4",Bangalore,2023-10-23,Veg,307,33,18,322,Card,Occasional,4.9,Cafe
O2516,C1135,40,D62,R41,McDonalds,"Mumbai B6",Mumbai,2023-08-17,Veg,569,38,79,528,Cash,Regular,4.2,Cafe
O2517,C1468,26,D586,R343,Dominos,"Bangalore B1",Bangalore,2023-09-14,Non-Veg,359,30,142,247,UPI,Premium,4.3,"Fast Food"
O2518,C1001,38,D86,R52,McDonalds,"Bangalore B6",Bangalore,2024-05-04,Non-Veg,316,39,99,256,Cash,Occasional,4.5,"Fast Food"
O2519,C181,25,D451,R218,McDonalds,"Pune B2",Pune,2023-10-19,Non-Veg,796,39,111,724,UPI,Occasional,3.2,"Fast Food"
O2520,C815,30,D854,R97,KFC,"Mumbai B10",Mumbai,2023-11-23,Non-Veg,440,28,98,370,Cash,Premium,4.7,Cafe
O2521,C1833,50,D596,R198,"Pizza Hut","Mumbai B6",Mumbai,2023-08-24,Non-Veg,760,26,105,681,UPI,Occasional,4.3,"Fast Food"
O2522,C1868,42,D403,R172,"Biryani House","Pune B1",Pune,2023-12-23,Veg,557,58,149,466,UPI,Regular,3.6,"Fast Food"
O2523,C372,38,D299,R262,McDonalds,"Mumbai B10",Mumbai,2024-01-08,Non-Veg,535,40,74,501,Cash,Occasional,3.2,"Casual Dining"
O2524,C1468,26,D444,R38,McDonalds,"Bangalore B5",Bangalore,2024-03-13,Veg,397,46,102,341,UPI,Premium,4.7,"Casual Dining"
O2525,C438,40,D576,R40,McDonalds,"Mumbai B7",Mumbai,2023-11-14,Non-Veg,209,53,90,172,Card,Premium,4.5,"Casual Dining"
O2526,C2000,28,D238,R395,McDonalds,"Hyderabad B6",Hyderabad,2024-05-16,Veg,632,37,135,534,UPI,Premium,3.7,"Fast Food"
O2527,C1185,32,D886,R362,Dominos,"Bangalore B2",Bangalore,2023-10-05,Non-Veg,501,27,50,478,UPI,Premium,4.6,Cafe
O2528,C374,22,D545,R283,McDonalds,"Mumbai B7",Mumbai,2024-02-18,Non-Veg,572,29,83,518,Cash,Premium,4.5,"Fast Food"
O2529,C584,44,D947,R219,McDonalds,"Mumbai B1",Mumbai,2023-05-27,Non-Veg,480,24,46,458,UPI,Occasional,3.3,Cafe
O2530,C1150,27,D276,R132,McDonalds,"Hyderabad B1",Hyderabad,2024-07-01,Non-Veg,828,20,142,706,UPI,Premium,3.8,Cafe
O2531,C1724,39,D822,R1,Dominos,"Delhi B7",Delhi,2023-09-14,Veg,583,30,118,495,UPI,Premium,3.1,"Casual Dining"
O2532,C656,35,D32,R380,"Pizza Hut","Hyderabad B4",Hyderabad,2023-09-14,Veg,390,25,11,404,UPI,Occasional,4.3,"Casual Dining"
O2533,C1682,46,D270,R256,Dominos,"Mumbai B5",Mumbai,2023-05-05,Veg,565,45,23,587,UPI,Occasional,3.7,"Fast Food"
O2534,C1754,39,D628,R276,"Pizza Hut","Hyderabad B9",Hyderabad,2023-12-25,Non-Veg,920,36,86,870,UPI,Occasional,3.9,Cafe
O2535,C1936,26,D856,R30,"Pizza Hut","Mumbai B5",Mumbai,2024-06-10,Veg,930,24,141,813,UPI,Occasional,3.1,"Casual Dining"
O2536,C180,57,D221,R289,KFC,"Delhi B8",Delhi,2023-10-18,Veg,217,35,19,233,UPI,Occasional,4.3,"Fast Food"
O2537,C1579,29,D309,R385,"Biryani House","Hyderabad B4",Hyderabad,2023-09-12,Non-Veg,207,41,109,139,UPI,Premium,4.7,"Casual Dining"
O2538,C1996,27,D626,R55,"Pizza Hut","Delhi B3",Delhi,2024-05-25,Veg,687,60,6,741,Cash,Regular,4.2,"Casual Dining"
O2539,C59,39,D62,R273,McDonalds,"Mumbai B9",Mumbai,2023-12-10,Non-Veg,280,45,2,323,UPI,Occasional,4.2,"Fast Food"
O2540,C1926,42,D184,R385,"Biryani House","Hyderabad B4",Hyderabad,2024-02-28,Veg,902,27,79,850,UPI,Occasional,4.8,"Casual Dining"
O2541,C1432,25,D434,R262,McDonalds,"Mumbai B10",Mumbai,2024-07-31,Non-Veg,613,37,30,620,Cash,Premium,4.9,"Casual Dining"
O2542,C219,35,D964,R147,McDonalds,"Delhi B9",Delhi,2024-03-09,Non-Veg,519,36,51,504,Cash,Occasional,3,"Casual Dining"
O2543,C1044,40,D791,R346,KFC,"Hyderabad B1",Hyderabad,2023-04-15,Non-Veg,686,31,40,677,UPI,Premium,3.6,Cafe
O2544,C329,31,D46,R178,"Pizza Hut","Delhi B4",Delhi,2024-05-30,Veg,434,51,123,362,UPI,Regular,3.1,"Casual Dining"
O2545,C875,48,D518,R131,KFC,"Pune B7",Pune,2024-05-07,Veg,462,41,113,390,Cash,Occasional,4.8,Cafe
O2546,C561,51,D881,R374,KFC,"Pune B5",Pune,2023-10-27,Veg,244,31,43,232,UPI,Regular,3.8,"Casual Dining"
O2547,C925,55,D68,R198,"Pizza Hut","Mumbai B6",Mumbai,2024-06-12,Non-Veg,920,23,6,937,UPI,Regular,3.3,"Fast Food"
O2548,C854,29,D400,R181,"Biryani House","Hyderabad B9",Hyderabad,2023-09-08,Non-Veg,536,24,66,494,Cash,Occasional,3.5,"Casual Dining"
O2549,C1978,30,D937,R316,McDonalds,"Bangalore B3",Bangalore,2023-06-19,Non-Veg,380,57,138,299,Card,Regular,3.5,"Casual Dining"
O2550,C1783,51,D301,R48,"Pizza Hut","Mumbai B10",Mumbai,2023-03-29,Veg,580,22,133,469,UPI,Premium,3.5,"Casual Dining"
O2551,C1731,34,D349,R326,McDonalds,"Pune B7",Pune,2024-08-09,Veg,812,40,74,778,Cash,Premium,3.2,"Casual Dining"
O2552,C1508,31,D492,R394,McDonalds,"Pune B2",Pune,2024-01-29,Non-Veg,866,59,24,901,UPI,Occasional,4.2,"Fast Food"
O2553,C1481,25,D279,R190,KFC,"Hyderabad B5",Hyderabad,2023-10-02,Non-Veg,301,57,92,266,Cash,Regular,4.9,Cafe
O2554,C690,36,D265,R287,McDonalds,"Bangalore B10",Bangalore,2023-07-12,Veg,338,31,0,369,Cash,Occasional,4.6,Cafe
O2555,C509,35,D876,R129,KFC,"Delhi B5",Delhi,2023-09-09,Non-Veg,683,60,137,606,Cash,Premium,3.3,"Fast Food"
O2556,C165,39,D678,R238,"Biryani House","Bangalore B4",Bangalore,2024-05-01,Non-Veg,862,27,114,775,Cash,Occasional,3.3,"Fast Food"
O2557,C903,18,D951,R38,McDonalds,"Bangalore B5",Bangalore,2023-11-28,Veg,798,23,12,809,Cash,Occasional,3.9,"Casual Dining"
O2558,C1288,26,D333,R28,Dominos,"Pune B3",Pune,2023-10-15,Non-Veg,631,36,115,552,UPI,Premium,4.7,"Casual Dining"
O2559,C1128,40,D700,R164,"Biryani House","Pune B5",Pune,2023-11-05,Veg,590,35,67,558,UPI,Occasional,4.9,Cafe
O2560,C1681,31,D154,R298,Dominos,"Pune B5",Pune,2023-06-23,Non-Veg,448,47,40,455,UPI,Premium,4.2,"Casual Dining"
O2561,C845,36,D624,R235,"Pizza Hut","Pune B9",Pune,2023-11-17,Non-Veg,310,26,42,294,UPI,Premium,3.5,"Fast Food"
O2562,C1189,32,D340,R317,KFC,"Mumbai B6",Mumbai,2023-11-12,Non-Veg,242,34,107,169,Cash,Premium,4.8,"Casual Dining"
O2563,C1680,34,D725,R194,Dominos,"Delhi B3",Delhi,2024-06-26,Non-Veg,826,48,83,791,UPI,Regular,4.5,"Fast Food"
O2564,C691,37,D119,R197,Dominos,"Delhi B4",Delhi,2023-07-08,Non-Veg,948,28,133,843,Cash,Premium,3.6,"Casual Dining"
O2565,C1883,38,D587,R59,"Biryani House","Bangalore B6",Bangalore,2024-04-15,Veg,699,44,78,665,Cash,Premium,3.1,"Fast Food"
O2566,C28,37,D540,R144,KFC,"Bangalore B5",Bangalore,2024-06-13,Non-Veg,532,58,49,541,UPI,Occasional,5,"Casual Dining"
O2567,C1828,27,D435,R327,Dominos,"Pune B8",Pune,2024-01-01,Veg,519,24,51,492,Cash,Regular,3.7,Cafe
O2568,C332,26,D840,R266,"Pizza Hut","Bangalore B9",Bangalore,2023-07-20,Veg,464,27,18,473,UPI,Occasional,4.4,"Casual Dining"
O2569,C1402,38,D138,R161,Dominos,"Delhi B2",Delhi,2023-07-21,Veg,482,22,134,370,Cash,Premium,4.1,"Fast Food"
O2570,C477,27,D752,R143,"Biryani House","Mumbai B10",Mumbai,2023-12-05,Veg,893,38,70,861,Cash,Occasional,3.3,"Fast Food"
O2571,C756,27,D548,R229,"Pizza Hut","Bangalore B9",Bangalore,2024-02-25,Veg,296,29,112,213,UPI,Occasional,3.5,"Fast Food"
O2572,C989,46,D998,R116,Dominos,"Delhi B9",Delhi,2024-03-22,Veg,737,25,63,699,Cash,Regular,4.8,"Fast Food"
O2573,C1184,52,D405,R203,"Pizza Hut","Hyderabad B9",Hyderabad,2023-11-01,Veg,433,46,65,414,Cash,Premium,4.4,"Fast Food"
O2574,C410,40,D21,R251,Dominos,"Delhi B10",Delhi,2023-08-25,Veg,808,20,142,686,UPI,Premium,4.3,"Casual Dining"
O2575,C458,35,D849,R224,KFC,"Hyderabad B7",Hyderabad,2024-05-15,Veg,1000,60,65,995,Cash,Regular,4.1,"Fast Food"
O2576,C1664,37,D618,R379,Dominos,"Pune B6",Pune,2023-07-17,Veg,695,58,144,609,Cash,Regular,4.4,"Fast Food"
O2577,C1722,38,D933,R321,Dominos,"Pune B1",Pune,2023-06-24,Veg,418,29,33,414,UPI,Occasional,4,"Casual Dining"
O2578,C1111,33,D725,R110,Dominos,"Delhi B1",Delhi,2023-11-20,Non-Veg,367,60,61,366,UPI,Premium,4.5,"Fast Food"
O2579,C1575,28,D848,R390,"Pizza Hut","Mumbai B6",Mumbai,2024-03-11,Non-Veg,499,41,82,458,UPI,Regular,3.3,"Casual Dining"
O2580,C219,65,D990,R339,"Biryani House","Delhi B6",Delhi,2024-03-09,Non-Veg,728,43,128,643,Cash,Occasional,3.5,"Casual Dining"
O2581,C1854,28,D284,R228,McDonalds,"Delhi B6",Delhi,2023-08-09,Non-Veg,273,32,109,196,UPI,Occasional,3.9,Cafe
O2582,C1953,31,D321,R176,"Biryani House","Mumbai B2",Mumbai,2023-09-20,Veg,297,23,70,250,UPI,Regular,3.6,"Casual Dining"
O2583,C1508,30,D64,R379,Dominos,"Pune B6",Pune,2023-10-05,Non-Veg,334,51,78,307,UPI,Occasional,3.7,"Fast Food"
O2584,C1184,28,D533,R285,"Pizza Hut","Hyderabad B9",Hyderabad,2023-09-30,Non-Veg,974,36,13,997,UPI,Premium,3.1,"Fast Food"
O2585,C1932,29,D907,R24,"Pizza Hut","Hyderabad B3",Hyderabad,2023-10-01,Non-Veg,428,54,105,377,Cash,Regular,4.9,"Fast Food"
O2586,C1143,27,D259,R326,McDonalds,"Pune B7",Pune,2023-09-19,Veg,979,49,19,1009,Cash,Occasional,4.3,"Casual Dining"
O2587,C124,35,D507,R6,Dominos,"Mumbai B4",Mumbai,2024-04-03,Non-Veg,759,20,124,655,Cash,Regular,3.3,Cafe
O2588,C1121,28,D585,R126,KFC,"Hyderabad B6",Hyderabad,2023-11-01,Non-Veg,282,26,119,189,Card,Regular,3.9,"Fast Food"
O2589,C349,63,D864,R318,"Pizza Hut","Hyderabad B3",Hyderabad,2023-07-17,Non-Veg,269,49,82,236,UPI,Regular,4.8,Cafe
O2590,C672,58,D181,R247,"Biryani House","Mumbai B8",Mumbai,2023-07-22,Veg,638,35,34,639,Cash,Regular,3.5,Cafe
O2591,C790,42,D574,R106,Dominos,"Mumbai B10",Mumbai,2024-05-09,Veg,371,49,26,394,UPI,Occasional,3.6,"Fast Food"
O2592,C494,58,D714,R209,"Biryani House","Hyderabad B1",Hyderabad,2023-10-24,Veg,259,34,130,163,UPI,Regular,3.2,"Casual Dining"
O2593,C344,31,D837,R332,KFC,"Mumbai B10",Mumbai,2023-11-11,Non-Veg,227,24,121,130,UPI,Occasional,3.4,"Fast Food"
O2594,C695,34,D238,R166,"Pizza Hut","Hyderabad B2",Hyderabad,2024-01-17,Non-Veg,432,45,14,463,Cash,Premium,3.7,"Casual Dining"
O2595,C319,32,D221,R250,McDonalds,"Delhi B8",Delhi,2023-09-04,Non-Veg,344,37,36,345,UPI,Premium,4.3,"Fast Food"
O2596,C1872,32,D790,R306,McDonalds,"Hyderabad B1",Hyderabad,2023-11-16,Veg,499,42,73,468,Cash,Occasional,5,Cafe
O2597,C1265,32,D516,R177,"Biryani House","Hyderabad B8",Hyderabad,2023-12-04,Non-Veg,408,44,60,392,Cash,Premium,4.8,"Casual Dining"
O2598,C791,36,D25,R50,"Biryani House","Hyderabad B5",Hyderabad,2023-12-28,Non-Veg,232,26,132,126,Card,Premium,3.1,Cafe
O2599,C1218,62,D272,R140,"Pizza Hut","Pune B5",Pune,2024-02-01,Veg,219,25,49,195,Card,Regular,3.3,Cafe
O2600,C234,34,D570,R9,"Pizza Hut","Hyderabad B2",Hyderabad,2023-11-21,Veg,901,33,101,833,UPI,Regular,4.7,"Fast Food"
O2601,C1063,27,D140,R245,"Pizza Hut","Mumbai B8",Mumbai,2023-09-23,Non-Veg,431,49,57,423,UPI,Regular,3.2,Cafe
O2602,C448,33,D393,R273,McDonalds,"Mumbai B9",Mumbai,2023-11-13,Veg,683,53,94,642,Cash,Premium,3.2,"Fast Food"
O2603,C276,28,D670,R368,Dominos,"Bangalore B4",Bangalore,2024-08-26,Veg,640,42,127,555,UPI,Premium,5,Cafe
O2604,C412,26,D116,R102,McDonalds,"Mumbai B6",Mumbai,2023-02-13,Non-Veg,775,44,102,717,Cash,Premium,4.8,Cafe
O2605,C1610,34,D812,R305,Dominos,"Bangalore B1",Bangalore,2023-02-22,Non-Veg,243,28,150,121,Cash,Premium,4.1,"Fast Food"
O2606,C1861,26,D524,R94,"Pizza Hut","Mumbai B10",Mumbai,2023-10-08,Veg,924,49,84,889,Cash,Regular,4.4,"Fast Food"
O2607,C437,27,D767,R169,KFC,"Mumbai B10",Mumbai,2023-10-18,Non-Veg,501,54,39,516,Card,Occasional,4.7,"Fast Food"
O2608,C1136,19,D175,R187,KFC,"Delhi B8",Delhi,2024-01-09,Veg,414,50,45,419,UPI,Regular,4.4,"Casual Dining"
O2609,C971,19,D303,R81,"Pizza Hut","Pune B7",Pune,2023-11-09,Non-Veg,440,49,132,357,UPI,Premium,3.7,"Fast Food"
O2610,C469,38,D970,R395,McDonalds,"Hyderabad B6",Hyderabad,2024-04-16,Veg,302,49,27,324,Cash,Occasional,4.7,"Fast Food"
O2611,C153,31,D569,R284,"Pizza Hut","Bangalore B10",Bangalore,2024-07-07,Non-Veg,771,26,18,779,UPI,Premium,3.2,Cafe
O2612,C108,34,D291,R194,Dominos,"Delhi B3",Delhi,2023-05-25,Non-Veg,247,45,76,216,UPI,Occasional,3.2,"Fast Food"
O2613,C1070,33,D574,R260,KFC,"Mumbai B1",Mumbai,2024-03-01,Non-Veg,758,21,73,706,UPI,Occasional,3.6,Cafe
O2614,C550,34,D329,R111,Dominos,"Delhi B7",Delhi,2023-11-11,Veg,925,23,109,839,UPI,Regular,3.3,"Casual Dining"
O2615,C970,35,D750,R237,Dominos,"Mumbai B2",Mumbai,2024-06-14,Non-Veg,371,32,39,364,UPI,Regular,3.4,"Fast Food"
O2616,C1877,43,D579,R15,Dominos,"Hyderabad B9",Hyderabad,2023-10-27,Veg,566,23,116,473,Cash,Regular,3.5,"Fast Food"
O2617,C1412,26,D915,R138,"Pizza Hut","Hyderabad B5",Hyderabad,2023-07-10,Veg,279,52,137,194,UPI,Premium,3.7,"Fast Food"
O2618,C1993,26,D43,R21,Dominos,"Mumbai B1",Mumbai,2023-09-07,Veg,944,35,98,881,UPI,Premium,3.8,"Fast Food"
O2619,C1265,28,D746,R165,"Biryani House","Hyderabad B3",Hyderabad,2024-02-20,Non-Veg,331,48,6,373,Card,Premium,4.7,"Casual Dining"
O2620,C779,29,D136,R304,McDonalds,"Delhi B1",Delhi,2023-10-16,Veg,407,25,132,300,UPI,Occasional,3.8,Cafe
O2621,C603,38,D544,R179,McDonalds,"Hyderabad B8",Hyderabad,2023-11-08,Veg,317,24,98,243,Cash,Premium,3.7,"Casual Dining"
O2622,C1077,44,D343,R123,Dominos,"Delhi B2",Delhi,2023-10-09,Veg,234,21,34,221,UPI,Premium,4.7,"Fast Food"
O2623,C1296,39,D6,R281,"Pizza Hut","Mumbai B1",Mumbai,2023-09-03,Non-Veg,327,29,4,352,Cash,Premium,3.2,"Casual Dining"
O2624,C336,36,D93,R248,McDonalds,"Pune B1",Pune,2024-02-20,Non-Veg,819,26,20,825,UPI,Regular,3.6,"Casual Dining"
O2625,C328,33,D504,R225,KFC,"Bangalore B7",Bangalore,2023-10-29,Veg,946,31,49,928,UPI,Regular,3,Cafe
O2626,C1383,35,D787,R294,"Biryani House","Hyderabad B1",Hyderabad,2024-04-19,Non-Veg,428,41,79,390,UPI,Occasional,3.7,"Casual Dining"
O2627,C481,36,D971,R165,"Biryani House","Hyderabad B3",Hyderabad,2023-04-28,Veg,332,26,6,352,UPI,Regular,3.5,"Casual Dining"
O2628,C1213,27,D496,R270,KFC,"Delhi B2",Delhi,2024-01-01,Veg,481,22,147,356,Card,Premium,3.4,Cafe
O2629,C1000,63,D601,R235,"Pizza Hut","Pune B9",Pune,2024-03-31,Veg,569,25,56,538,UPI,Regular,4.7,"Fast Food"
O2630,C556,34,D999,R221,KFC,"Hyderabad B2",Hyderabad,2023-09-20,Non-Veg,919,27,127,819,UPI,Occasional,3.3,"Casual Dining"
O2631,C539,33,D694,R222,Dominos,"Delhi B10",Delhi,2023-09-30,Non-Veg,395,25,76,344,UPI,Occasional,3.4,Cafe
O2632,C1522,50,D807,R335,"Pizza Hut","Pune B6",Pune,2023-10-08,Non-Veg,530,24,87,467,UPI,Regular,3.5,Cafe
O2633,C973,27,D344,R27,McDonalds,"Pune B3",Pune,2024-08-24,Non-Veg,229,24,134,119,UPI,Occasional,3.3,Cafe
O2634,C1101,30,D11,R338,McDonalds,"Hyderabad B8",Hyderabad,2024-02-21,Non-Veg,878,44,95,827,UPI,Regular,3.4,"Casual Dining"
O2635,C469,29,D971,R252,"Pizza Hut","Hyderabad B1",Hyderabad,2023-11-11,Non-Veg,342,22,35,329,UPI,Occasional,3.5,"Fast Food"
O2636,C308,38,D364,R155,KFC,"Delhi B5",Delhi,2023-07-16,Non-Veg,778,27,40,765,UPI,Premium,3.3,"Fast Food"
O2637,C200,26,D948,R186,"Pizza Hut","Delhi B5",Delhi,2023-12-23,Veg,613,42,83,572,UPI,Premium,3.7,Cafe
O2638,C294,29,D281,R95,KFC,"Pune B2",Pune,2024-08-07,Veg,887,24,73,838,Cash,Premium,4.5,"Fast Food"
O2639,C1627,35,D1000,R214,"Pizza Hut","Mumbai B3",Mumbai,2023-10-18,Non-Veg,905,56,57,904,Cash,Premium,4.8,"Fast Food"
O2640,C1801,67,D767,R247,"Biryani House","Mumbai B8",Mumbai,2024-05-22,Non-Veg,930,59,69,920,UPI,Occasional,4.7,Cafe
O2641,C247,38,D769,R392,"Biryani House","Mumbai B2",Mumbai,2024-08-09,Veg,650,29,140,539,UPI,Premium,3.6,"Casual Dining"
O2642,C664,30,D772,R46,"Biryani House","Hyderabad B4",Hyderabad,2024-01-24,Veg,680,57,99,638,Cash,Occasional,4.3,"Fast Food"
O2643,C1250,35,D400,R236,Dominos,"Hyderabad B9",Hyderabad,2024-04-06,Veg,610,32,65,577,Cash,Regular,3.5,"Fast Food"
O2644,C978,26,D96,R153,KFC,"Bangalore B1",Bangalore,2023-02-10,Veg,218,29,30,217,Cash,Premium,4.9,"Casual Dining"
O2645,C1466,36,D94,R83,Dominos,"Delhi B2",Delhi,2024-09-30,Non-Veg,575,52,139,488,Cash,Regular,3.7,"Fast Food"
O2646,C428,37,D696,R306,McDonalds,"Hyderabad B1",Hyderabad,2023-05-22,Veg,954,38,74,918,UPI,Occasional,3.6,Cafe
O2647,C1370,30,D931,R111,Dominos,"Delhi B7",Delhi,2023-03-29,Non-Veg,246,54,133,167,UPI,Regular,4.9,"Casual Dining"
O2648,C900,36,D931,R49,KFC,"Delhi B3",Delhi,2023-11-23,Veg,593,39,20,612,UPI,Occasional,4.9,"Fast Food"
O2649,C1869,34,D578,R294,"Biryani House","Hyderabad B1",Hyderabad,2023-05-18,Veg,242,50,45,247,Cash,Premium,3,"Casual Dining"
O2650,C744,39,D659,R274,KFC,"Pune B2",Pune,2023-03-20,Non-Veg,369,52,145,276,UPI,Regular,3.7,Cafe
O2651,C1067,33,D612,R94,"Pizza Hut","Mumbai B10",Mumbai,2024-06-04,Veg,801,20,70,751,Cash,Regular,4.4,"Fast Food"
O2652,C609,34,D661,R260,KFC,"Mumbai B1",Mumbai,2024-01-02,Veg,423,47,75,395,UPI,Premium,4.5,Cafe
O2653,C563,53,D589,R269,KFC,"Hyderabad B4",Hyderabad,2024-04-03,Veg,331,56,24,363,UPI,Premium,4.1,"Casual Dining"
O2654,C1460,34,D782,R381,KFC,"Hyderabad B10",Hyderabad,2024-01-24,Veg,202,46,97,151,UPI,Regular,4.3,"Fast Food"
O2655,C1266,39,D882,R368,Dominos,"Bangalore B4",Bangalore,2023-11-04,Non-Veg,490,40,76,454,UPI,Regular,4.8,Cafe
O2656,C858,37,D742,R173,KFC,"Mumbai B10",Mumbai,2024-01-02,Veg,927,21,133,815,UPI,Occasional,4.5,"Fast Food"
O2657,C1009,33,D406,R256,Dominos,"Mumbai B5",Mumbai,2023-06-10,Non-Veg,525,57,80,502,UPI,Regular,3.2,"Fast Food"
O2658,C480,38,D666,R87,KFC,"Delhi B7",Delhi,2023-11-16,Veg,973,22,14,981,UPI,Regular,3.8,"Fast Food"
O2659,C143,35,D9,R332,KFC,"Mumbai B10",Mumbai,2024-06-24,Veg,400,33,127,306,Cash,Occasional,4.6,"Fast Food"
O2660,C1741,18,D125,R50,"Biryani House","Hyderabad B5",Hyderabad,2024-04-23,Veg,571,55,70,556,UPI,Occasional,4.5,Cafe
O2661,C932,37,D137,R24,"Pizza Hut","Hyderabad B3",Hyderabad,2023-06-01,Veg,277,48,20,305,UPI,Premium,4.7,"Fast Food"
O2662,C556,29,D189,R138,"Pizza Hut","Hyderabad B5",Hyderabad,2024-01-17,Non-Veg,435,54,39,450,Cash,Occasional,4.4,"Fast Food"
O2663,C1493,27,D463,R361,KFC,"Pune B3",Pune,2023-07-01,Veg,577,51,3,625,UPI,Regular,3.4,Cafe
O2664,C1065,40,D506,R332,KFC,"Mumbai B10",Mumbai,2023-12-13,Veg,284,22,41,265,UPI,Regular,4.5,"Fast Food"
O2665,C900,27,D31,R199,"Biryani House","Delhi B9",Delhi,2023-09-10,Veg,702,24,150,576,UPI,Occasional,3.1,"Casual Dining"
O2666,C141,34,D315,R288,"Biryani House","Pune B1",Pune,2023-09-21,Non-Veg,470,41,82,429,UPI,Premium,3,Cafe
O2667,C386,54,D240,R325,KFC,"Hyderabad B4",Hyderabad,2024-01-07,Non-Veg,756,30,141,645,Cash,Occasional,4.6,"Casual Dining"
O2668,C783,25,D118,R163,"Biryani House","Bangalore B1",Bangalore,2024-04-23,Veg,454,32,2,484,UPI,Premium,3.6,"Fast Food"
O2669,C1282,36,D961,R259,"Pizza Hut","Delhi B6",Delhi,2024-01-11,Veg,678,29,108,599,UPI,Premium,4.7,"Casual Dining"
O2670,C509,27,D388,R121,"Biryani House","Delhi B9",Delhi,2024-03-20,Non-Veg,280,47,111,216,UPI,Premium,4.5,"Fast Food"
O2671,C685,27,D572,R357,Dominos,"Pune B7",Pune,2024-03-14,Veg,408,26,85,349,UPI,Premium,3.1,"Casual Dining"
O2672,C329,43,D948,R197,Dominos,"Delhi B4",Delhi,2023-12-25,Veg,889,59,113,835,Cash,Regular,3.7,"Casual Dining"
O2673,C27,29,D331,R97,KFC,"Mumbai B10",Mumbai,2023-11-04,Non-Veg,851,35,145,741,Cash,Occasional,3.7,Cafe
O2674,C1527,37,D284,R117,Dominos,"Delhi B1",Delhi,2023-06-30,Non-Veg,212,21,122,111,UPI,Occasional,3.9,Cafe
O2675,C312,49,D778,R118,KFC,"Mumbai B4",Mumbai,2024-04-12,Veg,637,43,105,575,Cash,Premium,4.4,"Casual Dining"
O2676,C358,29,D487,R224,KFC,"Hyderabad B7",Hyderabad,2023-11-24,Non-Veg,505,53,112,446,UPI,Regular,3.6,"Fast Food"
O2677,C479,37,D542,R290,"Biryani House","Pune B10",Pune,2023-09-07,Non-Veg,955,46,73,928,UPI,Occasional,4.5,Cafe
O2678,C537,37,D729,R38,McDonalds,"Bangalore B5",Bangalore,2023-11-21,Veg,430,47,35,442,UPI,Regular,3.6,"Casual Dining"
O2679,C20,30,D116,R169,KFC,"Mumbai B10",Mumbai,2023-05-19,Non-Veg,974,50,132,892,Cash,Occasional,4.8,"Fast Food"
O2680,C1102,32,D489,R259,"Pizza Hut","Delhi B6",Delhi,2023-11-19,Veg,939,23,36,926,Cash,Premium,3.5,"Casual Dining"
O2681,C759,33,D140,R66,Dominos,"Mumbai B5",Mumbai,2023-04-12,Non-Veg,739,40,87,692,UPI,Premium,3.2,"Casual Dining"
O2682,C1574,57,D405,R43,"Pizza Hut","Hyderabad B5",Hyderabad,2023-08-11,Non-Veg,304,47,63,288,UPI,Premium,4.4,"Fast Food"
O2683,C1062,26,D205,R152,"Biryani House","Mumbai B8",Mumbai,2023-07-23,Veg,552,57,58,551,Card,Regular,4.6,Cafe
O2684,C1511,36,D22,R112,"Biryani House","Pune B4",Pune,2024-04-15,Non-Veg,957,44,130,871,UPI,Premium,4.6,"Casual Dining"
O2685,C607,36,D672,R284,"Pizza Hut","Bangalore B10",Bangalore,2023-03-19,Veg,663,27,109,581,Card,Regular,3.8,Cafe
O2686,C1361,34,D660,R205,"Biryani House","Hyderabad B2",Hyderabad,2024-01-18,Veg,624,52,121,555,UPI,Regular,4.7,"Fast Food"
O2687,C1242,27,D148,R55,"Pizza Hut","Delhi B3",Delhi,2024-01-24,Non-Veg,369,43,141,271,UPI,Premium,3.7,"Casual Dining"
O2688,C664,30,D971,R191,McDonalds,"Hyderabad B2",Hyderabad,2023-02-22,Non-Veg,405,23,12,416,UPI,Occasional,3.5,Cafe
O2689,C1691,30,D414,R94,"Pizza Hut","Mumbai B10",Mumbai,2024-05-02,Non-Veg,272,56,108,220,UPI,Occasional,3.1,"Fast Food"
O2690,C1299,25,D455,R26,KFC,"Delhi B4",Delhi,2023-08-25,Veg,371,25,76,320,Cash,Occasional,4.3,Cafe
O2691,C1661,38,D827,R272,"Biryani House","Hyderabad B5",Hyderabad,2023-12-07,Veg,534,24,95,463,UPI,Occasional,3,Cafe
O2692,C1036,30,D117,R356,"Biryani House","Pune B8",Pune,2023-10-21,Veg,566,59,72,553,Cash,Regular,3.5,"Casual Dining"
O2693,C1328,28,D801,R327,Dominos,"Pune B8",Pune,2023-08-28,Veg,782,37,2,817,UPI,Premium,3.1,Cafe
O2694,C1364,60,D371,R228,McDonalds,"Delhi B6",Delhi,2024-08-10,Non-Veg,561,37,42,556,UPI,Regular,4.6,Cafe
O2695,C912,31,D332,R240,Dominos,"Pune B5",Pune,2024-01-10,Non-Veg,541,45,123,463,UPI,Premium,3.9,"Casual Dining"
O2696,C1791,34,D72,R357,Dominos,"Pune B7",Pune,2024-06-03,Non-Veg,400,52,99,353,UPI,Premium,4.6,"Casual Dining"
O2697,C1180,28,D933,R387,KFC,"Pune B7",Pune,2023-09-01,Non-Veg,504,51,143,412,UPI,Premium,4,"Casual Dining"
O2698,C1949,40,D514,R300,"Pizza Hut","Pune B8",Pune,2024-04-25,Veg,869,58,90,837,Card,Premium,3.9,"Fast Food"
O2699,C1576,28,D44,R101,Dominos,"Bangalore B7",Bangalore,2023-08-03,Veg,765,31,131,665,UPI,Occasional,3.5,"Fast Food"
O2700,C850,39,D795,R104,KFC,"Mumbai B4",Mumbai,2023-10-01,Veg,950,59,87,922,Cash,Premium,3.1,Cafe
O2701,C1976,26,D979,R34,KFC,"Mumbai B10",Mumbai,2024-05-10,Non-Veg,954,37,73,918,UPI,Occasional,3.1,Cafe
O2702,C957,67,D749,R344,KFC,"Delhi B8",Delhi,2024-01-18,Veg,455,55,84,426,UPI,Premium,3.9,"Fast Food"
O2703,C894,26,D952,R210,"Pizza Hut","Pune B6",Pune,2024-02-11,Veg,960,34,122,872,UPI,Premium,4.1,"Fast Food"
O2704,C765,37,D519,R343,Dominos,"Bangalore B1",Bangalore,2024-08-03,Non-Veg,366,52,69,349,UPI,Premium,4.1,"Fast Food"
O2705,C1219,27,D776,R107,KFC,"Pune B4",Pune,2023-08-16,Veg,586,21,109,498,Cash,Regular,4,"Casual Dining"
O2706,C78,34,D660,R151,"Biryani House","Hyderabad B10",Hyderabad,2023-09-26,Non-Veg,947,36,9,974,Cash,Regular,4.7,"Fast Food"
O2707,C385,30,D126,R343,Dominos,"Bangalore B1",Bangalore,2023-05-19,Veg,344,25,63,306,UPI,Premium,3.9,"Fast Food"
O2708,C372,39,D335,R94,"Pizza Hut","Mumbai B10",Mumbai,2023-02-23,Veg,786,39,82,743,UPI,Occasional,3.9,"Fast Food"
O2709,C1273,40,D818,R84,"Biryani House","Bangalore B8",Bangalore,2023-09-12,Non-Veg,569,51,58,562,Cash,Premium,3.3,Cafe
O2710,C160,35,D80,R71,McDonalds,"Delhi B5",Delhi,2024-02-10,Veg,954,23,108,869,Card,Premium,4.3,"Fast Food"
O2711,C1120,65,D374,R364,"Pizza Hut","Bangalore B5",Bangalore,2023-09-17,Non-Veg,222,33,78,177,Cash,Premium,4.8,Cafe
O2712,C1034,28,D709,R209,"Biryani House","Hyderabad B1",Hyderabad,2024-05-30,Non-Veg,202,46,29,219,Cash,Regular,3.7,"Casual Dining"
O2713,C1397,30,D425,R127,KFC,"Pune B5",Pune,2024-02-20,Veg,888,57,61,884,Cash,Premium,3.7,"Fast Food"
O2714,C1873,46,D315,R62,McDonalds,"Pune B3",Pune,2023-09-04,Veg,284,54,44,294,UPI,Premium,3,Cafe
O2715,C36,38,D481,R178,"Pizza Hut","Delhi B4",Delhi,2024-06-02,Veg,687,42,93,636,UPI,Premium,4.9,"Casual Dining"
O2716,C1491,27,D402,R43,"Pizza Hut","Hyderabad B5",Hyderabad,2023-06-05,Non-Veg,699,37,18,718,UPI,Regular,4.1,"Fast Food"
O2717,C1919,27,D740,R346,KFC,"Hyderabad B1",Hyderabad,2023-11-13,Non-Veg,945,34,119,860,UPI,Occasional,4.2,Cafe
O2718,C880,39,D861,R134,"Biryani House","Delhi B8",Delhi,2023-12-27,Veg,760,33,135,658,UPI,Regular,4.8,Cafe
O2719,C174,26,D445,R97,KFC,"Mumbai B10",Mumbai,2024-03-16,Non-Veg,258,26,32,252,UPI,Regular,4.7,Cafe
O2720,C460,26,D338,R318,"Pizza Hut","Hyderabad B3",Hyderabad,2023-12-05,Veg,616,56,13,659,UPI,Occasional,3.4,Cafe
O2721,C1558,37,D338,R195,"Pizza Hut","Hyderabad B9",Hyderabad,2023-07-24,Veg,398,47,51,394,Cash,Regular,3.4,Cafe
O2722,C742,36,D984,R216,"Pizza Hut","Bangalore B1",Bangalore,2024-02-25,Non-Veg,936,45,141,840,Cash,Regular,3.2,"Casual Dining"
O2723,C1790,33,D390,R148,"Pizza Hut","Delhi B2",Delhi,2023-07-27,Veg,988,56,149,895,UPI,Occasional,4.6,"Casual Dining"
O2724,C1487,28,D53,R384,McDonalds,"Hyderabad B2",Hyderabad,2024-06-29,Veg,463,50,143,370,UPI,Occasional,4.1,Cafe
O2725,C731,36,D993,R292,"Pizza Hut","Delhi B4",Delhi,2024-01-04,Non-Veg,401,29,48,382,Cash,Occasional,4.4,"Casual Dining"
O2726,C860,30,D720,R254,KFC,"Hyderabad B4",Hyderabad,2024-04-19,Non-Veg,715,60,73,702,UPI,Regular,4.9,"Fast Food"
O2727,C29,31,D874,R264,"Pizza Hut","Mumbai B4",Mumbai,2023-10-26,Veg,481,51,41,491,UPI,Occasional,3.6,Cafe
O2728,C1032,38,D655,R239,McDonalds,"Pune B3",Pune,2023-10-13,Non-Veg,557,20,131,446,UPI,Occasional,3.6,Cafe
O2729,C159,25,D774,R203,"Pizza Hut","Hyderabad B9",Hyderabad,2024-08-06,Non-Veg,809,39,13,835,UPI,Occasional,4.7,"Fast Food"
O2730,C647,26,D483,R8,"Biryani House","Delhi B3",Delhi,2024-02-08,Veg,959,42,8,993,Cash,Premium,4.6,"Casual Dining"
O2731,C814,37,D319,R224,KFC,"Hyderabad B7",Hyderabad,2024-03-17,Non-Veg,790,54,9,835,Cash,Occasional,4,"Fast Food"
O2732,C1843,29,D723,R213,Dominos,"Mumbai B2",Mumbai,2023-07-05,Veg,696,48,138,606,UPI,Premium,3.2,Cafe
O2733,C5,32,D446,R63,Dominos,"Delhi B3",Delhi,2023-11-16,Non-Veg,343,56,82,317,UPI,Occasional,4.2,Cafe
O2734,C744,40,D906,R333,Dominos,"Pune B1",Pune,2024-04-02,Veg,473,42,88,427,UPI,Regular,3.5,"Fast Food"
O2735,C284,27,D80,R282,"Biryani House","Delhi B8",Delhi,2024-03-26,Veg,257,40,91,206,Cash,Premium,4.3,Cafe
O2736,C1109,36,D596,R264,"Pizza Hut","Mumbai B4",Mumbai,2023-08-09,Non-Veg,920,32,102,850,UPI,Premium,4.3,Cafe
O2737,C804,29,D119,R360,McDonalds,"Delhi B4",Delhi,2023-08-21,Veg,625,31,149,507,Cash,Regular,3.6,"Fast Food"
O2738,C942,35,D566,R255,Dominos,"Pune B2",Pune,2024-03-28,Non-Veg,966,32,105,893,Cash,Regular,3.6,Cafe
O2739,C1027,33,D607,R223,McDonalds,"Bangalore B5",Bangalore,2024-03-21,Veg,492,38,142,388,UPI,Premium,4.1,"Fast Food"
O2740,C862,36,D952,R162,Dominos,"Pune B9",Pune,2023-06-11,Veg,885,35,131,789,Card,Regular,4.1,"Fast Food"
O2741,C712,26,D348,R111,Dominos,"Delhi B7",Delhi,2023-03-26,Non-Veg,734,50,49,735,UPI,Regular,4,"Casual Dining"
O2742,C1385,55,D691,R79,McDonalds,"Delhi B4",Delhi,2023-04-08,Veg,277,59,22,314,Cash,Occasional,4.5,Cafe
O2743,C1041,36,D355,R336,"Biryani House","Bangalore B9",Bangalore,2023-07-09,Non-Veg,922,20,69,873,UPI,Premium,4.9,"Fast Food"
O2744,C1924,35,D904,R285,"Pizza Hut","Hyderabad B9",Hyderabad,2024-09-12,Veg,486,33,95,424,Cash,Premium,3.3,"Fast Food"
O2745,C1586,26,D794,R215,Dominos,"Hyderabad B10",Hyderabad,2023-10-17,Veg,591,25,19,597,Cash,Occasional,4.8,"Fast Food"
O2746,C726,43,D536,R284,"Pizza Hut","Bangalore B10",Bangalore,2023-09-12,Non-Veg,325,55,131,249,UPI,Regular,3.3,Cafe
O2747,C1044,30,D338,R53,KFC,"Hyderabad B5",Hyderabad,2024-01-16,Non-Veg,539,45,3,581,Cash,Premium,3.4,"Fast Food"
O2748,C1768,20,D721,R117,Dominos,"Delhi B1",Delhi,2024-01-04,Veg,471,59,73,457,UPI,Regular,4.2,Cafe
O2749,C187,38,D10,R315,Dominos,"Bangalore B10",Bangalore,2023-09-28,Veg,232,45,97,180,UPI,Premium,3.7,Cafe
O2750,C1371,38,D644,R175,KFC,"Bangalore B7",Bangalore,2023-12-27,Veg,725,41,23,743,UPI,Occasional,3,Cafe
O2751,C1385,29,D55,R36,"Biryani House","Delhi B6",Delhi,2024-09-30,Non-Veg,306,52,110,248,Cash,Occasional,4,Cafe
O2752,C1483,39,D513,R396,"Pizza Hut","Bangalore B8",Bangalore,2023-11-01,Veg,375,45,131,289,UPI,Regular,5,Cafe
O2753,C251,29,D912,R320,"Pizza Hut","Mumbai B2",Mumbai,2023-12-30,Veg,872,50,33,889,UPI,Regular,4.3,Cafe
O2754,C1422,27,D719,R55,"Pizza Hut","Delhi B3",Delhi,2023-09-19,Non-Veg,623,35,13,645,UPI,Regular,3.6,"Casual Dining"
O2755,C183,31,D361,R138,"Pizza Hut","Hyderabad B5",Hyderabad,2023-08-19,Veg,446,47,71,422,UPI,Regular,3.5,"Fast Food"
O2756,C1600,63,D388,R187,KFC,"Delhi B8",Delhi,2024-04-12,Non-Veg,230,21,13,238,UPI,Premium,4.5,"Casual Dining"
O2757,C1879,59,D905,R172,"Biryani House","Pune B1",Pune,2024-05-23,Veg,526,20,30,516,Card,Regular,3.6,"Fast Food"
O2758,C1498,31,D290,R384,McDonalds,"Hyderabad B2",Hyderabad,2023-09-18,Non-Veg,635,23,88,570,UPI,Occasional,3.4,Cafe
O2759,C1942,39,D197,R64,KFC,"Delhi B7",Delhi,2023-10-04,Non-Veg,827,53,76,804,UPI,Regular,3.6,"Fast Food"
O2760,C612,63,D486,R115,Dominos,"Pune B10",Pune,2023-11-09,Veg,983,41,26,998,UPI,Occasional,5,"Casual Dining"
O2761,C1528,29,D1000,R120,"Biryani House","Mumbai B9",Mumbai,2023-02-28,Non-Veg,435,37,98,374,UPI,Occasional,4.8,Cafe
O2762,C393,29,D792,R344,KFC,"Delhi B8",Delhi,2023-11-07,Veg,738,39,34,743,Cash,Regular,4,"Fast Food"
O2763,C673,38,D192,R46,"Biryani House","Hyderabad B4",Hyderabad,2024-02-11,Non-Veg,332,20,103,249,Cash,Premium,4.9,"Fast Food"
O2764,C601,31,D642,R349,"Pizza Hut","Bangalore B10",Bangalore,2023-04-07,Non-Veg,943,56,65,934,UPI,Occasional,4.8,Cafe
O2765,C32,28,D952,R62,McDonalds,"Pune B3",Pune,2023-11-27,Veg,425,34,30,429,UPI,Premium,4.1,Cafe
O2766,C1289,33,D351,R343,Dominos,"Bangalore B1",Bangalore,2024-03-29,Veg,441,24,98,367,UPI,Occasional,4.1,"Fast Food"
O2767,C1643,30,D162,R168,"Biryani House","Hyderabad B9",Hyderabad,2024-06-08,Veg,258,31,101,188,UPI,Occasional,4.6,"Fast Food"
O2768,C737,31,D193,R218,McDonalds,"Pune B2",Pune,2024-05-11,Non-Veg,579,24,22,581,UPI,Regular,4.2,"Fast Food"
O2769,C1732,52,D50,R182,McDonalds,"Delhi B9",Delhi,2024-05-03,Non-Veg,636,49,116,569,Cash,Occasional,4.1,"Casual Dining"
O2770,C1129,40,D190,R258,KFC,"Bangalore B3",Bangalore,2024-05-04,Non-Veg,442,39,108,373,Cash,Regular,4.3,"Fast Food"
O2771,C142,36,D659,R80,KFC,"Pune B10",Pune,2023-10-04,Veg,904,37,98,843,Cash,Occasional,3.7,"Fast Food"
O2772,C165,25,D421,R354,McDonalds,"Bangalore B7",Bangalore,2024-02-28,Non-Veg,976,20,100,896,UPI,Occasional,4.4,"Fast Food"
O2773,C1256,39,D737,R92,"Biryani House","Delhi B9",Delhi,2023-12-16,Veg,715,34,75,674,UPI,Premium,4.9,"Casual Dining"
O2774,C1707,28,D896,R252,"Pizza Hut","Hyderabad B1",Hyderabad,2023-04-01,Veg,831,43,59,815,Cash,Regular,4.3,"Fast Food"
O2775,C1917,55,D556,R119,"Biryani House","Hyderabad B7",Hyderabad,2023-11-03,Veg,581,37,133,485,Cash,Occasional,3.7,"Fast Food"
O2776,C1907,35,D954,R357,Dominos,"Pune B7",Pune,2023-11-11,Veg,480,56,71,465,Cash,Occasional,4.9,"Casual Dining"
O2777,C560,57,D73,R247,"Biryani House","Mumbai B8",Mumbai,2023-09-06,Non-Veg,683,23,5,701,Cash,Regular,4.1,Cafe
O2778,C11,31,D21,R20,"Pizza Hut","Delhi B4",Delhi,2023-12-02,Non-Veg,949,58,87,920,UPI,Occasional,4.3,"Casual Dining"
O2779,C270,28,D544,R150,"Pizza Hut","Hyderabad B2",Hyderabad,2024-06-19,Veg,471,23,56,438,Cash,Regular,3.7,"Casual Dining"
O2780,C1375,27,D438,R123,Dominos,"Delhi B2",Delhi,2023-10-25,Non-Veg,439,32,85,386,UPI,Regular,4.2,"Fast Food"
O2781,C177,35,D674,R53,KFC,"Hyderabad B5",Hyderabad,2024-01-24,Non-Veg,809,27,4,832,Cash,Occasional,3.2,"Fast Food"
O2782,C282,26,D864,R105,"Pizza Hut","Hyderabad B10",Hyderabad,2023-06-01,Veg,946,25,108,863,Cash,Occasional,4.8,"Casual Dining"
O2783,C1954,29,D364,R98,KFC,"Delhi B2",Delhi,2023-06-04,Veg,260,43,78,225,UPI,Occasional,3.3,"Fast Food"
O2784,C610,41,D696,R268,"Biryani House","Hyderabad B4",Hyderabad,2024-01-07,Veg,986,27,114,899,UPI,Premium,3.6,"Fast Food"
O2785,C1787,28,D237,R217,"Pizza Hut","Mumbai B4",Mumbai,2024-08-12,Veg,964,34,84,914,Cash,Premium,4.7,"Fast Food"
O2786,C154,30,D643,R26,KFC,"Delhi B4",Delhi,2023-08-14,Veg,624,55,12,667,UPI,Occasional,3.3,Cafe
O2787,C790,58,D505,R193,"Pizza Hut","Mumbai B3",Mumbai,2024-01-08,Veg,510,60,20,550,UPI,Occasional,4,"Fast Food"
O2788,C969,21,D952,R290,"Biryani House","Pune B10",Pune,2023-10-11,Veg,377,57,48,386,UPI,Premium,4.1,Cafe
O2789,C1712,45,D82,R314,McDonalds,"Pune B7",Pune,2023-12-21,Veg,558,53,81,530,Cash,Regular,4.8,Cafe
O2790,C1371,59,D581,R167,McDonalds,"Bangalore B5",Bangalore,2024-02-02,Veg,513,33,66,480,Cash,Occasional,4.6,"Fast Food"
O2791,C1336,30,D977,R289,KFC,"Delhi B8",Delhi,2023-05-17,Veg,878,54,116,816,UPI,Occasional,4.8,"Fast Food"
O2792,C354,29,D700,R172,"Biryani House","Pune B1",Pune,2023-11-18,Veg,258,27,74,211,UPI,Occasional,4.9,"Fast Food"
O2793,C1883,35,D415,R65,"Pizza Hut","Bangalore B6",Bangalore,2023-05-20,Non-Veg,364,51,58,357,Cash,Premium,4.6,"Fast Food"
O2794,C150,40,D195,R393,"Pizza Hut","Pune B6",Pune,2024-02-25,Veg,713,50,80,683,UPI,Regular,4.1,"Casual Dining"
O2795,C529,33,D693,R199,"Biryani House","Delhi B9",Delhi,2023-04-12,Veg,220,29,143,106,Card,Premium,3.7,"Casual Dining"
O2796,C1385,29,D148,R83,Dominos,"Delhi B2",Delhi,2023-12-19,Veg,404,58,86,376,Cash,Occasional,3.7,"Fast Food"
O2797,C878,37,D388,R289,KFC,"Delhi B8",Delhi,2024-05-12,Non-Veg,785,29,85,729,UPI,Occasional,4.5,"Fast Food"
O2798,C137,24,D90,R163,"Biryani House","Bangalore B1",Bangalore,2024-02-10,Veg,601,29,88,542,Cash,Premium,3.7,"Fast Food"
O2799,C1405,29,D909,R285,"Pizza Hut","Hyderabad B9",Hyderabad,2023-11-28,Veg,616,50,28,638,Cash,Premium,4.9,"Fast Food"
O2800,C1926,33,D585,R265,McDonalds,"Hyderabad B10",Hyderabad,2023-11-08,Veg,635,21,134,522,UPI,Occasional,3.9,"Casual Dining"
O2801,C862,32,D195,R340,McDonalds,"Pune B3",Pune,2024-02-10,Veg,574,46,119,501,Cash,Regular,4.1,"Casual Dining"
O2802,C1738,29,D891,R205,"Biryani House","Hyderabad B2",Hyderabad,2024-08-08,Veg,528,60,118,470,UPI,Occasional,3.3,"Fast Food"
O2803,C485,30,D385,R48,"Pizza Hut","Mumbai B10",Mumbai,2023-07-25,Veg,622,55,111,566,Cash,Occasional,5,"Casual Dining"
O2804,C643,26,D499,R170,"Pizza Hut","Mumbai B3",Mumbai,2024-02-09,Non-Veg,310,46,84,272,UPI,Occasional,3.8,Cafe
O2805,C1343,32,D241,R282,"Biryani House","Delhi B8",Delhi,2024-01-13,Non-Veg,574,55,45,584,UPI,Premium,4.8,Cafe
O2806,C926,51,D877,R73,Dominos,"Bangalore B1",Bangalore,2023-09-05,Veg,844,22,26,840,Cash,Premium,3.4,Cafe
O2807,C453,52,D916,R234,"Biryani House","Delhi B2",Delhi,2023-08-31,Non-Veg,212,51,38,225,Card,Premium,3.6,"Fast Food"
O2808,C378,40,D165,R176,"Biryani House","Mumbai B2",Mumbai,2024-01-17,Non-Veg,672,48,32,688,UPI,Regular,4.9,"Casual Dining"
O2809,C903,32,D328,R238,"Biryani House","Bangalore B4",Bangalore,2023-10-20,Veg,385,34,105,314,Cash,Occasional,4,"Fast Food"
O2810,C1731,38,D925,R183,"Biryani House","Pune B3",Pune,2024-03-24,Non-Veg,530,53,30,553,Cash,Premium,3.3,"Fast Food"
O2811,C1077,27,D343,R5,KFC,"Delhi B4",Delhi,2023-03-09,Non-Veg,393,56,37,412,UPI,Premium,4.7,"Fast Food"
O2812,C318,33,D378,R170,"Pizza Hut","Mumbai B3",Mumbai,2023-07-17,Non-Veg,358,36,59,335,Cash,Occasional,4.6,Cafe
O2813,C1820,36,D837,R204,"Pizza Hut","Mumbai B1",Mumbai,2023-10-30,Veg,900,56,79,877,UPI,Premium,3.4,"Fast Food"
O2814,C1290,30,D872,R78,"Pizza Hut","Pune B1",Pune,2023-04-14,Veg,843,35,80,798,UPI,Occasional,4.3,"Fast Food"
O2815,C877,32,D243,R300,"Pizza Hut","Pune B8",Pune,2024-01-15,Veg,873,41,123,791,UPI,Occasional,4.6,"Fast Food"
O2816,C1869,27,D27,R58,Dominos,"Hyderabad B2",Hyderabad,2023-08-08,Non-Veg,558,35,75,518,Cash,Premium,5,"Fast Food"
O2817,C671,59,D40,R94,"Pizza Hut","Mumbai B10",Mumbai,2023-06-14,Veg,520,30,91,459,UPI,Premium,4.4,"Fast Food"
O2818,C1867,58,D377,R96,"Biryani House","Mumbai B4",Mumbai,2023-11-08,Non-Veg,801,26,10,817,UPI,Premium,4.6,"Casual Dining"
O2819,C874,53,D560,R91,Dominos,"Bangalore B2",Bangalore,2023-11-10,Veg,967,45,86,926,Cash,Regular,4.1,Cafe
O2820,C1190,26,D202,R135,KFC,"Pune B5",Pune,2023-12-05,Veg,902,41,148,795,Cash,Regular,3.9,Cafe
O2821,C519,55,D775,R260,KFC,"Mumbai B1",Mumbai,2024-03-19,Non-Veg,672,30,26,676,UPI,Regular,4.2,Cafe
O2822,C165,31,D841,R258,KFC,"Bangalore B3",Bangalore,2023-10-12,Veg,452,36,122,366,Cash,Occasional,5,"Fast Food"
O2823,C1687,30,D455,R8,"Biryani House","Delhi B3",Delhi,2023-06-26,Non-Veg,698,40,23,715,Cash,Regular,4.3,"Casual Dining"
O2824,C536,29,D119,R148,"Pizza Hut","Delhi B2",Delhi,2023-10-10,Non-Veg,542,52,66,528,Cash,Regular,3.6,"Casual Dining"
O2825,C1469,31,D617,R344,KFC,"Delhi B8",Delhi,2024-08-12,Non-Veg,925,27,3,949,Cash,Premium,4.7,"Fast Food"
O2826,C1187,35,D379,R138,"Pizza Hut","Hyderabad B5",Hyderabad,2023-12-25,Non-Veg,254,30,145,139,UPI,Occasional,4.9,"Fast Food"
O2827,C1568,26,D257,R196,"Biryani House","Hyderabad B5",Hyderabad,2024-03-06,Veg,368,52,2,418,UPI,Premium,3.6,Cafe
O2828,C1370,30,D197,R360,McDonalds,"Delhi B4",Delhi,2024-03-26,Veg,420,26,29,417,UPI,Regular,3.6,"Fast Food"
O2829,C1057,37,D268,R308,"Pizza Hut","Hyderabad B5",Hyderabad,2024-03-21,Non-Veg,933,53,69,917,UPI,Premium,3.5,Cafe
O2830,C1042,30,D262,R72,McDonalds,"Pune B10",Pune,2023-05-19,Non-Veg,856,26,49,833,Cash,Occasional,3.7,"Casual Dining"
O2831,C414,45,D63,R258,KFC,"Bangalore B3",Bangalore,2024-05-27,Non-Veg,544,40,71,513,UPI,Regular,4.4,"Fast Food"
O2832,C16,26,D546,R58,Dominos,"Hyderabad B2",Hyderabad,2024-02-21,Veg,564,47,87,524,UPI,Regular,3.5,"Fast Food"
O2833,C321,40,D977,R246,"Biryani House","Delhi B1",Delhi,2023-08-10,Veg,613,60,81,592,UPI,Premium,4.8,"Fast Food"
O2834,C219,34,D366,R17,"Biryani House","Delhi B10",Delhi,2024-06-06,Non-Veg,967,53,10,1010,UPI,Occasional,5,Cafe
O2835,C450,61,D831,R121,"Biryani House","Delhi B9",Delhi,2024-01-13,Non-Veg,431,31,74,388,UPI,Occasional,4.7,"Fast Food"
O2836,C62,33,D759,R148,"Pizza Hut","Delhi B2",Delhi,2023-09-18,Veg,486,50,10,526,UPI,Premium,3.4,"Casual Dining"
O2837,C1398,26,D1,R168,"Biryani House","Hyderabad B9",Hyderabad,2023-11-16,Veg,294,44,40,298,UPI,Occasional,3.9,"Fast Food"
O2838,C168,37,D875,R206,McDonalds,"Mumbai B3",Mumbai,2024-03-20,Veg,425,40,95,370,Card,Occasional,4.2,Cafe
O2839,C1391,36,D185,R332,KFC,"Mumbai B10",Mumbai,2024-10-03,Veg,939,31,136,834,UPI,Regular,3.3,"Fast Food"
O2840,C23,36,D619,R330,KFC,"Mumbai B1",Mumbai,2024-04-18,Non-Veg,521,58,40,539,UPI,Regular,3,Cafe
O2841,C1660,26,D712,R295,"Biryani House","Pune B5",Pune,2023-12-25,Non-Veg,408,43,88,363,UPI,Premium,4.6,Cafe
O2842,C1981,35,D631,R193,"Pizza Hut","Mumbai B3",Mumbai,2024-02-17,Non-Veg,873,33,119,787,UPI,Regular,4.3,"Fast Food"
O2843,C925,47,D222,R256,Dominos,"Mumbai B5",Mumbai,2023-11-25,Non-Veg,688,31,17,702,UPI,Regular,4.1,"Fast Food"
O2844,C428,25,D747,R221,KFC,"Hyderabad B2",Hyderabad,2024-02-05,Veg,457,28,58,427,UPI,Occasional,3.3,"Casual Dining"
O2845,C220,28,D98,R256,Dominos,"Mumbai B5",Mumbai,2024-05-26,Non-Veg,613,26,85,554,Cash,Occasional,4.4,"Fast Food"
O2846,C1673,35,D786,R22,"Biryani House","Mumbai B4",Mumbai,2024-05-20,Non-Veg,331,59,94,296,Cash,Occasional,3.2,Cafe
O2847,C1405,35,D932,R346,KFC,"Hyderabad B1",Hyderabad,2024-03-16,Veg,222,31,21,232,Card,Premium,4.5,Cafe
O2848,C19,28,D740,R166,"Pizza Hut","Hyderabad B2",Hyderabad,2023-11-27,Non-Veg,458,50,140,368,Cash,Occasional,4.2,"Casual Dining"
O2849,C1120,57,D734,R175,KFC,"Bangalore B7",Bangalore,2024-03-18,Veg,200,60,46,214,UPI,Premium,4.7,Cafe
O2850,C968,50,D96,R114,"Biryani House","Bangalore B2",Bangalore,2023-09-30,Veg,932,25,0,957,UPI,Occasional,4.9,"Fast Food"
O2851,C1322,36,D731,R63,Dominos,"Delhi B3",Delhi,2023-08-30,Veg,621,25,88,558,UPI,Occasional,3.4,Cafe
O2852,C180,29,D869,R83,Dominos,"Delhi B2",Delhi,2024-01-29,Veg,895,57,57,895,UPI,Occasional,4.8,"Fast Food"
O2853,C708,30,D616,R228,McDonalds,"Delhi B6",Delhi,2023-11-10,Veg,440,55,8,487,Cash,Regular,4.6,Cafe
O2854,C1858,39,D621,R261,KFC,"Mumbai B3",Mumbai,2023-06-28,Veg,850,25,107,768,UPI,Premium,3.6,"Fast Food"
O2855,C128,37,D354,R70,"Biryani House","Hyderabad B10",Hyderabad,2023-05-15,Non-Veg,942,39,54,927,Cash,Occasional,3.8,"Casual Dining"
O2856,C681,40,D722,R299,"Pizza Hut","Pune B3",Pune,2024-08-12,Veg,563,20,135,448,UPI,Regular,3.7,Cafe
O2857,C1049,35,D866,R62,McDonalds,"Pune B3",Pune,2023-07-08,Veg,643,51,131,563,Cash,Occasional,3.8,Cafe
O2858,C664,57,D417,R150,"Pizza Hut","Hyderabad B2",Hyderabad,2024-03-07,Non-Veg,586,41,82,545,Cash,Occasional,4,"Casual Dining"
O2859,C1055,29,D436,R207,"Biryani House","Hyderabad B1",Hyderabad,2023-10-20,Veg,914,24,24,914,UPI,Occasional,3.7,"Fast Food"
O2860,C1906,25,D281,R322,KFC,"Pune B9",Pune,2024-07-09,Veg,424,38,21,441,Cash,Premium,4.5,"Casual Dining"
O2861,C254,35,D995,R387,KFC,"Pune B7",Pune,2024-08-21,Veg,882,59,133,808,Cash,Premium,3.1,"Casual Dining"
O2862,C219,28,D511,R26,KFC,"Delhi B4",Delhi,2023-11-11,Veg,318,33,77,274,UPI,Occasional,4.1,Cafe
O2863,C952,29,D910,R389,"Biryani House","Bangalore B7",Bangalore,2023-11-30,Non-Veg,464,24,128,360,Cash,Regular,3.3,"Fast Food"
O2864,C190,27,D216,R395,McDonalds,"Hyderabad B6",Hyderabad,2023-12-26,Non-Veg,633,42,56,619,UPI,Premium,4.8,"Fast Food"
O2865,C1018,38,D364,R129,KFC,"Delhi B5",Delhi,2023-06-24,Non-Veg,231,50,70,211,UPI,Regular,3.3,"Fast Food"
O2866,C1339,40,D783,R310,"Biryani House","Mumbai B3",Mumbai,2023-06-23,Non-Veg,407,45,75,377,Cash,Occasional,4.9,"Casual Dining"
O2867,C1940,32,D395,R389,"Biryani House","Bangalore B7",Bangalore,2023-05-19,Veg,976,43,33,986,UPI,Regular,4,"Fast Food"
O2868,C881,29,D806,R383,"Pizza Hut","Bangalore B4",Bangalore,2023-06-28,Non-Veg,545,54,113,486,UPI,Regular,4.8,"Fast Food"
O2869,C989,38,D923,R88,"Biryani House","Delhi B4",Delhi,2023-06-25,Veg,915,44,47,912,UPI,Regular,3,"Casual Dining"
O2870,C643,27,D144,R120,"Biryani House","Mumbai B9",Mumbai,2023-10-26,Veg,526,48,95,479,UPI,Occasional,3.9,Cafe
O2871,C1167,18,D616,R20,"Pizza Hut","Delhi B4",Delhi,2023-07-08,Non-Veg,829,48,11,866,UPI,Premium,4.6,"Casual Dining"
O2872,C896,38,D515,R20,"Pizza Hut","Delhi B4",Delhi,2024-05-14,Veg,611,48,25,634,UPI,Occasional,4.3,"Casual Dining"
O2873,C1014,32,D339,R342,"Biryani House","Pune B5",Pune,2023-08-08,Veg,364,51,55,360,Cash,Occasional,3.4,"Fast Food"
O2874,C1438,32,D692,R131,KFC,"Pune B7",Pune,2023-11-01,Non-Veg,688,59,149,598,UPI,Premium,4.8,Cafe
O2875,C1014,26,D995,R319,Dominos,"Pune B10",Pune,2024-01-03,Veg,609,35,110,534,Cash,Occasional,3.1,"Fast Food"
O2876,C891,31,D329,R13,Dominos,"Delhi B8",Delhi,2023-05-25,Veg,936,51,76,911,Cash,Regular,3.3,Cafe
O2877,C520,68,D39,R260,KFC,"Mumbai B1",Mumbai,2023-03-19,Non-Veg,501,33,34,500,Cash,Regular,4.4,Cafe
O2878,C511,27,D201,R295,"Biryani House","Pune B5",Pune,2023-04-19,Veg,558,40,70,528,UPI,Premium,4.5,Cafe
O2879,C786,36,D248,R132,McDonalds,"Hyderabad B1",Hyderabad,2023-07-17,Non-Veg,587,50,108,529,UPI,Occasional,3.9,Cafe
O2880,C1726,32,D448,R232,Dominos,"Mumbai B9",Mumbai,2024-07-19,Veg,503,26,115,414,Cash,Premium,4.1,Cafe
O2881,C1135,39,D717,R193,"Pizza Hut","Mumbai B3",Mumbai,2024-05-29,Non-Veg,370,60,43,387,UPI,Regular,3.1,"Fast Food"
O2882,C723,49,D909,R165,"Biryani House","Hyderabad B3",Hyderabad,2024-02-08,Non-Veg,889,33,147,775,Cash,Occasional,4.9,"Casual Dining"
O2883,C1629,31,D682,R173,KFC,"Mumbai B10",Mumbai,2024-06-20,Veg,522,33,46,509,Cash,Regular,3.2,"Fast Food"
O2884,C1000,30,D79,R335,"Pizza Hut","Pune B6",Pune,2023-08-07,Non-Veg,690,32,79,643,Cash,Regular,3.9,Cafe
O2885,C1023,40,D569,R65,"Pizza Hut","Bangalore B6",Bangalore,2023-12-08,Non-Veg,764,42,128,678,Cash,Premium,3.2,"Fast Food"
O2886,C1755,36,D343,R197,Dominos,"Delhi B4",Delhi,2023-03-16,Non-Veg,586,44,33,597,Cash,Premium,4.7,"Casual Dining"
O2887,C269,29,D568,R306,McDonalds,"Hyderabad B1",Hyderabad,2024-02-03,Veg,419,53,66,406,UPI,Premium,3.8,Cafe
O2888,C198,32,D501,R276,"Pizza Hut","Hyderabad B9",Hyderabad,2023-08-13,Veg,414,57,96,375,UPI,Occasional,4.3,Cafe
O2889,C839,33,D306,R131,KFC,"Pune B7",Pune,2023-11-28,Veg,676,59,5,730,Cash,Regular,3.9,Cafe
O2890,C463,25,D585,R309,McDonalds,"Hyderabad B6",Hyderabad,2023-02-09,Veg,998,47,141,904,Cash,Occasional,3.9,Cafe
O2891,C917,40,D28,R322,KFC,"Pune B9",Pune,2023-09-25,Non-Veg,284,42,87,239,UPI,Occasional,4,"Casual Dining"
O2892,C936,26,D295,R329,"Biryani House","Mumbai B1",Mumbai,2024-10-24,Veg,534,29,100,463,UPI,Occasional,3.1,Cafe
O2893,C1435,26,D393,R193,"Pizza Hut","Mumbai B3",Mumbai,2023-11-22,Non-Veg,466,33,114,385,UPI,Premium,3.2,"Fast Food"
O2894,C84,34,D633,R37,Dominos,"Hyderabad B4",Hyderabad,2024-05-30,Veg,351,28,84,295,Cash,Regular,3.9,"Casual Dining"
O2895,C282,40,D989,R124,"Pizza Hut","Hyderabad B1",Hyderabad,2023-10-16,Veg,778,60,91,747,Cash,Occasional,4.3,"Fast Food"
O2896,C1303,38,D401,R36,"Biryani House","Delhi B6",Delhi,2023-11-10,Veg,321,48,49,320,UPI,Premium,3.5,Cafe
O2897,C1152,46,D441,R238,"Biryani House","Bangalore B4",Bangalore,2023-12-18,Non-Veg,414,20,60,374,Cash,Regular,4.3,"Fast Food"
O2898,C413,27,D662,R319,Dominos,"Pune B10",Pune,2023-06-09,Veg,774,26,48,752,Cash,Premium,3.3,"Fast Food"
O2899,C1322,34,D138,R398,"Biryani House","Delhi B7",Delhi,2023-07-29,Veg,684,56,128,612,UPI,Occasional,4.1,"Casual Dining"
O2900,C1463,43,D673,R148,"Pizza Hut","Delhi B2",Delhi,2024-01-07,Veg,913,44,19,938,Cash,Occasional,3.4,"Casual Dining"
O2901,C1184,35,D227,R334,"Biryani House","Hyderabad B10",Hyderabad,2023-11-28,Veg,949,57,18,988,Cash,Premium,4.5,Cafe
O2902,C1179,35,D643,R117,Dominos,"Delhi B1",Delhi,2023-11-01,Veg,260,52,41,271,UPI,Occasional,3.3,Cafe
O2903,C250,30,D930,R128,McDonalds,"Hyderabad B9",Hyderabad,2023-10-03,Non-Veg,563,41,59,545,Card,Occasional,3,"Fast Food"
O2904,C741,30,D756,R216,"Pizza Hut","Bangalore B1",Bangalore,2024-01-18,Veg,424,35,33,426,UPI,Occasional,3.3,"Casual Dining"
O2905,C191,26,D776,R295,"Biryani House","Pune B5",Pune,2023-08-28,Non-Veg,828,52,119,761,UPI,Premium,4,Cafe
O2906,C1565,21,D696,R311,KFC,"Hyderabad B5",Hyderabad,2023-06-21,Non-Veg,281,45,113,213,Cash,Regular,3.6,"Casual Dining"
O2907,C584,35,D538,R94,"Pizza Hut","Mumbai B10",Mumbai,2023-10-23,Non-Veg,632,60,72,620,Card,Occasional,3.4,"Fast Food"
O2908,C876,33,D278,R182,McDonalds,"Delhi B9",Delhi,2024-01-27,Veg,735,21,74,682,Cash,Occasional,4.2,"Casual Dining"
O2909,C377,34,D506,R345,KFC,"Mumbai B2",Mumbai,2024-09-05,Veg,613,56,34,635,UPI,Occasional,4.5,Cafe
O2910,C1754,31,D509,R252,"Pizza Hut","Hyderabad B1",Hyderabad,2023-11-06,Non-Veg,245,38,116,167,Cash,Occasional,3.9,"Fast Food"
O2911,C475,68,D383,R365,"Pizza Hut","Bangalore B7",Bangalore,2024-08-13,Non-Veg,516,25,80,461,UPI,Premium,3.1,"Casual Dining"
O2912,C1912,27,D636,R315,Dominos,"Bangalore B10",Bangalore,2024-04-14,Non-Veg,505,58,83,480,Cash,Premium,4.2,Cafe
O2913,C1833,36,D301,R214,"Pizza Hut","Mumbai B3",Mumbai,2023-09-11,Non-Veg,858,40,87,811,Cash,Occasional,3.5,"Fast Food"
O2914,C1101,34,D974,R325,KFC,"Hyderabad B4",Hyderabad,2024-06-04,Non-Veg,550,52,79,523,UPI,Regular,3.1,"Casual Dining"
O2915,C1158,26,D791,R119,"Biryani House","Hyderabad B7",Hyderabad,2023-09-25,Veg,434,29,134,329,Cash,Regular,3.6,"Fast Food"
O2916,C1226,37,D868,R353,"Biryani House","Pune B2",Pune,2024-05-25,Non-Veg,975,42,111,906,Cash,Premium,4.9,"Casual Dining"
O2917,C499,34,D381,R55,"Pizza Hut","Delhi B3",Delhi,2023-07-13,Veg,821,26,90,757,Cash,Occasional,3.1,"Casual Dining"
O2918,C1619,38,D918,R27,McDonalds,"Pune B3",Pune,2024-01-24,Non-Veg,380,45,23,402,UPI,Regular,4.5,Cafe
O2919,C1678,49,D175,R156,Dominos,"Delhi B5",Delhi,2023-11-09,Veg,496,38,121,413,UPI,Premium,4.4,Cafe
O2920,C470,61,D534,R306,McDonalds,"Hyderabad B1",Hyderabad,2023-07-20,Non-Veg,223,38,109,152,Cash,Premium,4.3,Cafe
O2921,C1248,56,D745,R18,McDonalds,"Pune B5",Pune,2024-03-10,Veg,373,34,76,331,UPI,Premium,4.9,"Fast Food"
O2922,C685,33,D700,R248,McDonalds,"Pune B1",Pune,2023-11-03,Veg,304,36,99,241,Cash,Premium,4.9,"Casual Dining"
O2923,C1792,30,D916,R8,"Biryani House","Delhi B3",Delhi,2023-09-14,Veg,554,37,73,518,UPI,Premium,3.6,"Casual Dining"
O2924,C33,46,D200,R175,KFC,"Bangalore B7",Bangalore,2023-10-05,Veg,258,26,123,161,UPI,Occasional,3.9,Cafe
O2925,C133,25,D555,R400,McDonalds,"Pune B4",Pune,2024-02-15,Non-Veg,563,54,87,530,Cash,Premium,4.5,"Fast Food"
O2926,C1639,51,D998,R339,"Biryani House","Delhi B6",Delhi,2024-02-03,Veg,762,59,94,727,UPI,Premium,4.8,"Casual Dining"
O2927,C118,54,D315,R326,McDonalds,"Pune B7",Pune,2023-09-11,Non-Veg,964,51,21,994,UPI,Occasional,3,"Casual Dining"
O2928,C1557,40,D683,R307,KFC,"Bangalore B6",Bangalore,2023-10-02,Non-Veg,286,60,93,253,Cash,Occasional,5,Cafe
O2929,C1684,36,D84,R226,"Pizza Hut","Mumbai B7",Mumbai,2024-03-04,Veg,594,30,62,562,UPI,Regular,3.9,"Casual Dining"
O2930,C1666,28,D180,R40,McDonalds,"Mumbai B7",Mumbai,2023-09-16,Non-Veg,566,57,148,475,UPI,Regular,3.4,"Casual Dining"
O2931,C575,48,D927,R11,"Biryani House","Pune B2",Pune,2023-02-26,Non-Veg,719,40,132,627,UPI,Regular,4.4,"Fast Food"
O2932,C117,29,D217,R296,KFC,"Hyderabad B2",Hyderabad,2024-06-22,Veg,325,59,55,329,UPI,Premium,3,Cafe
O2933,C1671,32,D915,R24,"Pizza Hut","Hyderabad B3",Hyderabad,2023-06-23,Veg,816,36,86,766,Cash,Regular,3.7,"Fast Food"
O2934,C1299,36,D364,R304,McDonalds,"Delhi B1",Delhi,2023-06-07,Non-Veg,408,58,121,345,Card,Occasional,3.3,Cafe
O2935,C1328,30,D889,R324,McDonalds,"Pune B8",Pune,2024-02-10,Non-Veg,308,58,91,275,Cash,Premium,4.5,"Casual Dining"
O2936,C305,36,D641,R191,McDonalds,"Hyderabad B2",Hyderabad,2023-06-15,Non-Veg,838,43,129,752,Cash,Regular,4.7,Cafe
O2937,C699,35,D364,R13,Dominos,"Delhi B8",Delhi,2023-06-20,Non-Veg,313,53,18,348,UPI,Premium,3.3,Cafe
O2938,C181,61,D65,R394,McDonalds,"Pune B2",Pune,2023-07-22,Non-Veg,312,41,55,298,UPI,Occasional,3.5,"Fast Food"
O2939,C746,35,D667,R186,"Pizza Hut","Delhi B5",Delhi,2024-04-05,Non-Veg,460,49,1,508,Cash,Premium,3.8,Cafe
O2940,C1256,28,D8,R98,KFC,"Delhi B2",Delhi,2023-11-05,Veg,584,31,19,596,UPI,Premium,4.1,"Fast Food"
O2941,C1077,32,D616,R289,KFC,"Delhi B8",Delhi,2023-06-18,Veg,547,56,44,559,UPI,Premium,4.6,"Fast Food"
O2942,C901,37,D271,R95,KFC,"Pune B2",Pune,2024-06-26,Non-Veg,564,22,44,542,Cash,Regular,3.6,"Fast Food"
O2943,C1172,39,D744,R108,"Pizza Hut","Mumbai B4",Mumbai,2023-06-21,Non-Veg,960,22,34,948,UPI,Regular,4.3,"Casual Dining"
O2944,C509,29,D211,R391,McDonalds,"Delhi B5",Delhi,2023-11-14,Non-Veg,638,26,141,523,Cash,Premium,3.8,"Casual Dining"
O2945,C1985,30,D165,R293,KFC,"Mumbai B3",Mumbai,2024-02-04,Veg,889,48,57,880,UPI,Occasional,4.9,Cafe
O2946,C1146,51,D555,R400,McDonalds,"Pune B4",Pune,2023-09-07,Veg,702,48,45,705,Cash,Occasional,4.5,"Fast Food"
O2947,C1065,26,D582,R33,"Pizza Hut","Mumbai B10",Mumbai,2023-04-03,Non-Veg,244,23,46,221,Cash,Regular,4.6,Cafe
O2948,C1959,22,D558,R31,McDonalds,"Bangalore B6",Bangalore,2024-04-25,Veg,878,52,92,838,Cash,Occasional,4.5,"Fast Food"
O2949,C1107,39,D427,R215,Dominos,"Hyderabad B10",Hyderabad,2024-07-08,Veg,939,38,88,889,Cash,Occasional,3.2,"Fast Food"
O2950,C296,37,D39,R293,KFC,"Mumbai B3",Mumbai,2023-08-09,Veg,317,31,101,247,Cash,Regular,4.4,Cafe
O2951,C111,34,D739,R281,"Pizza Hut","Mumbai B1",Mumbai,2024-01-16,Veg,226,49,3,272,Cash,Regular,4.4,"Casual Dining"
O2952,C1582,38,D697,R97,KFC,"Mumbai B10",Mumbai,2024-01-11,Veg,524,21,133,412,Cash,Occasional,3.2,Cafe
O2953,C252,30,D64,R387,KFC,"Pune B7",Pune,2023-11-13,Veg,298,48,37,309,Cash,Regular,3.7,"Casual Dining"
O2954,C258,33,D596,R388,Dominos,"Mumbai B9",Mumbai,2024-04-01,Non-Veg,309,39,48,300,UPI,Regular,4.3,"Casual Dining"
O2955,C1397,34,D872,R374,KFC,"Pune B5",Pune,2023-04-25,Non-Veg,951,22,107,866,UPI,Premium,4.3,"Casual Dining"
O2956,C1224,30,D767,R213,Dominos,"Mumbai B2",Mumbai,2023-10-21,Veg,582,46,137,491,UPI,Premium,4.7,Cafe
O2957,C1470,31,D694,R13,Dominos,"Delhi B8",Delhi,2024-02-20,Veg,272,25,85,212,UPI,Premium,3.4,Cafe
O2958,C1243,24,D305,R281,"Pizza Hut","Mumbai B1",Mumbai,2024-04-21,Veg,634,29,37,626,Cash,Regular,3.8,"Casual Dining"
O2959,C1682,32,D645,R213,Dominos,"Mumbai B2",Mumbai,2023-09-01,Non-Veg,1000,48,59,989,UPI,Occasional,4.8,Cafe
O2960,C1705,58,D244,R399,"Pizza Hut","Mumbai B7",Mumbai,2023-11-30,Non-Veg,495,40,91,444,UPI,Regular,3.2,"Fast Food"
O2961,C266,34,D788,R153,KFC,"Bangalore B1",Bangalore,2024-09-03,Non-Veg,369,50,110,309,UPI,Occasional,4.3,"Casual Dining"
O2962,C967,31,D982,R389,"Biryani House","Bangalore B7",Bangalore,2024-02-13,Veg,880,58,26,912,UPI,Occasional,4.3,"Fast Food"
O2963,C342,29,D180,R332,KFC,"Mumbai B10",Mumbai,2023-08-29,Non-Veg,344,32,1,375,UPI,Regular,3.4,"Fast Food"
O2964,C184,29,D267,R155,KFC,"Delhi B5",Delhi,2023-10-08,Veg,925,24,17,932,Cash,Premium,4.9,"Fast Food"
O2965,C663,39,D781,R174,Dominos,"Pune B8",Pune,2023-08-24,Veg,475,30,42,463,UPI,Regular,3.7,Cafe
O2966,C1930,44,D573,R215,Dominos,"Hyderabad B10",Hyderabad,2023-07-24,Non-Veg,856,38,20,874,Cash,Occasional,4.6,"Fast Food"
O2967,C1543,35,D621,R48,"Pizza Hut","Mumbai B10",Mumbai,2023-04-04,Non-Veg,393,37,1,429,Cash,Regular,3.6,"Casual Dining"
O2968,C1793,32,D957,R191,McDonalds,"Hyderabad B2",Hyderabad,2023-12-16,Non-Veg,535,39,65,509,UPI,Regular,4.8,Cafe
O2969,C1320,29,D496,R23,Dominos,"Delhi B6",Delhi,2024-04-14,Veg,890,33,59,864,UPI,Occasional,3.4,Cafe
O2970,C1683,34,D966,R85,KFC,"Bangalore B1",Bangalore,2023-11-13,Non-Veg,644,22,1,665,Cash,Premium,4.7,"Fast Food"
O2971,C1260,36,D351,R372,"Pizza Hut","Bangalore B6",Bangalore,2024-03-26,Non-Veg,515,29,104,440,Cash,Regular,4.1,"Casual Dining"
O2972,C974,19,D316,R356,"Biryani House","Pune B8",Pune,2024-05-17,Non-Veg,508,51,148,411,UPI,Occasional,4.3,"Casual Dining"
O2973,C293,35,D761,R89,McDonalds,"Bangalore B6",Bangalore,2024-03-23,Veg,973,21,148,846,UPI,Occasional,3.7,Cafe
O2974,C1198,39,D952,R112,"Biryani House","Pune B4",Pune,2023-06-29,Non-Veg,780,26,54,752,Cash,Occasional,4.1,"Casual Dining"
O2975,C451,26,D603,R5,KFC,"Delhi B4",Delhi,2024-02-05,Non-Veg,957,24,141,840,Cash,Occasional,4.8,"Fast Food"
O2976,C838,39,D947,R157,KFC,"Mumbai B3",Mumbai,2023-06-18,Non-Veg,900,40,52,888,UPI,Occasional,3.3,Cafe
O2977,C1756,30,D568,R105,"Pizza Hut","Hyderabad B10",Hyderabad,2023-12-09,Non-Veg,872,60,71,861,UPI,Premium,3.8,"Casual Dining"
O2978,C1256,37,D370,R178,"Pizza Hut","Delhi B4",Delhi,2024-02-23,Veg,460,50,31,479,UPI,Premium,4.6,"Casual Dining"
O2979,C122,30,D179,R24,"Pizza Hut","Hyderabad B3",Hyderabad,2024-01-09,Veg,240,45,53,232,UPI,Occasional,3.1,"Fast Food"
O2980,C626,36,D886,R331,"Biryani House","Bangalore B7",Bangalore,2024-05-03,Veg,965,38,0,1003,UPI,Occasional,4.6,"Casual Dining"
O2981,C778,33,D333,R242,McDonalds,"Pune B8",Pune,2023-07-05,Veg,767,47,120,694,UPI,Occasional,4.7,"Fast Food"
O2982,C1949,18,D243,R326,McDonalds,"Pune B7",Pune,2024-09-29,Non-Veg,282,55,68,269,Cash,Premium,4.6,"Casual Dining"
O2983,C1297,31,D32,R309,McDonalds,"Hyderabad B6",Hyderabad,2023-10-30,Veg,492,40,18,514,UPI,Premium,4.3,Cafe
O2984,C1001,25,D873,R370,McDonalds,"Bangalore B9",Bangalore,2024-07-05,Veg,488,25,119,394,UPI,Occasional,3.7,"Casual Dining"
O2985,C180,28,D221,R87,KFC,"Delhi B7",Delhi,2023-09-06,Non-Veg,896,39,15,920,UPI,Occasional,4.3,"Fast Food"
O2986,C1995,27,D438,R289,KFC,"Delhi B8",Delhi,2023-09-13,Non-Veg,810,30,126,714,Cash,Occasional,4.2,"Fast Food"
O2987,C1226,47,D306,R115,Dominos,"Pune B10",Pune,2024-01-03,Non-Veg,960,51,101,910,UPI,Premium,3.9,"Casual Dining"
O2988,C826,35,D369,R152,"Biryani House","Mumbai B8",Mumbai,2023-09-22,Veg,806,34,25,815,Cash,Premium,4.6,Cafe
O2989,C152,36,D148,R121,"Biryani House","Delhi B9",Delhi,2023-08-07,Veg,383,37,83,337,Cash,Occasional,3.7,"Fast Food"
O2990,C1534,30,D709,R395,McDonalds,"Hyderabad B6",Hyderabad,2024-04-24,Non-Veg,775,58,71,762,Cash,Regular,3.7,"Fast Food"
O2991,C1455,40,D661,R231,"Biryani House","Mumbai B7",Mumbai,2024-03-21,Non-Veg,345,43,11,377,Card,Regular,4.5,"Casual Dining"
O2992,C720,27,D130,R361,KFC,"Pune B3",Pune,2023-12-22,Non-Veg,467,45,101,411,UPI,Regular,3.5,Cafe
O2993,C1984,37,D793,R64,KFC,"Delhi B7",Delhi,2023-05-21,Veg,442,32,32,442,Cash,Regular,3.3,"Fast Food"
O2994,C1350,32,D676,R89,McDonalds,"Bangalore B6",Bangalore,2023-10-05,Veg,563,51,63,551,Cash,Premium,3.2,Cafe
O2995,C1772,63,D450,R86,Dominos,"Bangalore B8",Bangalore,2023-06-14,Veg,524,47,81,490,UPI,Regular,4.7,Cafe
O2996,C110,49,D235,R321,Dominos,"Pune B1",Pune,2023-04-06,Non-Veg,255,52,106,201,Cash,Regular,3,"Casual Dining"
O2997,C1784,38,D763,R116,Dominos,"Delhi B9",Delhi,2023-12-04,Veg,674,30,134,570,Cash,Premium,4.9,"Fast Food"
O2998,C1010,50,D451,R127,KFC,"Pune B5",Pune,2024-03-19,Non-Veg,232,50,111,171,UPI,Regular,3.2,"Fast Food"
O2999,C1317,45,D423,R64,KFC,"Delhi B7",Delhi,2023-08-30,Non-Veg,790,36,134,692,UPI,Premium,3.9,"Fast Food"
O3000,C1585,32,D850,R315,Dominos,"Bangalore B10",Bangalore,2024-03-28,Veg,686,43,74,655,UPI,Occasional,3.7,Cafe
O3001,C454,35,D748,R294,"Biryani House","Hyderabad B1",Hyderabad,2023-06-04,Veg,484,48,122,410,Cash,Regular,4.5,"Casual Dining"
O3002,C781,26,D130,R290,"Biryani House","Pune B10",Pune,2024-09-15,Non-Veg,718,58,127,649,Cash,Premium,3.5,Cafe
O3003,C345,33,D585,R296,KFC,"Hyderabad B2",Hyderabad,2023-05-13,Non-Veg,740,27,90,677,Cash,Occasional,3.9,Cafe
O3004,C1654,32,D416,R95,KFC,"Pune B2",Pune,2023-11-21,Non-Veg,270,40,39,271,Cash,Premium,3.9,"Fast Food"
O3005,C774,32,D141,R11,"Biryani House","Pune B2",Pune,2023-10-04,Non-Veg,213,46,60,199,Cash,Regular,3.2,"Fast Food"
O3006,C921,36,D172,R70,"Biryani House","Hyderabad B10",Hyderabad,2023-09-14,Non-Veg,943,53,60,936,UPI,Occasional,4.8,"Casual Dining"
O3007,C1686,29,D902,R205,"Biryani House","Hyderabad B2",Hyderabad,2024-04-12,Veg,954,33,88,899,Cash,Occasional,3.1,"Fast Food"
O3008,C694,54,D524,R74,McDonalds,"Mumbai B3",Mumbai,2024-01-17,Veg,539,28,63,504,Card,Premium,4.4,"Casual Dining"
O3009,C1226,30,D281,R255,Dominos,"Pune B2",Pune,2024-02-20,Non-Veg,987,47,22,1012,Cash,Premium,4.5,Cafe
O3010,C1273,31,D873,R4,KFC,"Bangalore B2",Bangalore,2024-04-22,Veg,249,38,147,140,UPI,Premium,3.7,"Fast Food"
O3011,C889,36,D334,R26,KFC,"Delhi B4",Delhi,2023-11-26,Veg,276,28,136,168,UPI,Premium,4,Cafe
O3012,C298,33,D291,R303,"Pizza Hut","Delhi B3",Delhi,2023-05-24,Veg,625,53,54,624,UPI,Regular,3.2,"Casual Dining"
O3013,C1543,33,D958,R94,"Pizza Hut","Mumbai B10",Mumbai,2023-08-08,Non-Veg,328,46,55,319,UPI,Regular,3.5,"Fast Food"
O3014,C76,56,D253,R378,"Biryani House","Mumbai B8",Mumbai,2023-04-30,Veg,764,20,91,693,Cash,Occasional,4.5,Cafe
O3015,C851,33,D85,R191,McDonalds,"Hyderabad B2",Hyderabad,2023-12-06,Veg,515,48,99,464,Cash,Occasional,4.3,Cafe
O3016,C1946,31,D878,R247,"Biryani House","Mumbai B8",Mumbai,2023-11-01,Non-Veg,360,36,79,317,Cash,Regular,3.1,Cafe
O3017,C826,30,D856,R317,KFC,"Mumbai B6",Mumbai,2024-03-12,Non-Veg,300,48,130,218,UPI,Premium,3.1,"Casual Dining"
O3018,C614,25,D635,R247,"Biryani House","Mumbai B8",Mumbai,2024-01-08,Veg,726,35,135,626,UPI,Premium,4.5,Cafe
O3019,C1957,25,D531,R341,KFC,"Pune B9",Pune,2023-09-19,Non-Veg,529,24,68,485,UPI,Regular,3.1,Cafe
O3020,C1358,33,D977,R129,KFC,"Delhi B5",Delhi,2024-01-04,Veg,577,32,93,516,UPI,Premium,4.8,"Fast Food"
O3021,C1189,28,D140,R283,McDonalds,"Mumbai B7",Mumbai,2023-11-17,Non-Veg,366,36,92,310,UPI,Premium,3.2,"Fast Food"
O3022,C1918,64,D923,R17,"Biryani House","Delhi B10",Delhi,2023-04-11,Veg,824,32,62,794,Cash,Regular,3,Cafe
O3023,C1499,28,D369,R33,"Pizza Hut","Mumbai B10",Mumbai,2023-12-12,Non-Veg,717,37,150,604,Cash,Premium,4.6,Cafe
O3024,C250,31,D649,R138,"Pizza Hut","Hyderabad B5",Hyderabad,2024-01-07,Veg,547,58,24,581,UPI,Occasional,4.6,"Fast Food"
O3025,C467,35,D177,R176,"Biryani House","Mumbai B2",Mumbai,2023-10-31,Veg,478,44,47,475,Cash,Occasional,3.9,"Casual Dining"
O3026,C387,27,D913,R301,Dominos,"Mumbai B5",Mumbai,2023-10-11,Veg,853,36,100,789,Cash,Premium,4.8,Cafe
O3027,C894,27,D552,R319,Dominos,"Pune B10",Pune,2023-10-15,Non-Veg,852,50,66,836,UPI,Premium,3.7,"Fast Food"
O3028,C1431,34,D685,R134,"Biryani House","Delhi B8",Delhi,2024-01-04,Veg,689,37,144,582,UPI,Premium,4.8,Cafe
O3029,C426,28,D608,R98,KFC,"Delhi B2",Delhi,2024-04-04,Non-Veg,362,44,43,363,Cash,Occasional,4.7,"Fast Food"
O3030,C866,33,D339,R239,McDonalds,"Pune B3",Pune,2023-04-17,Veg,540,44,111,473,UPI,Premium,3.4,Cafe
O3031,C1879,26,D325,R319,Dominos,"Pune B10",Pune,2024-08-31,Veg,418,32,122,328,Cash,Regular,4.9,"Fast Food"
O3032,C833,63,D528,R266,"Pizza Hut","Bangalore B9",Bangalore,2023-10-24,Veg,730,33,58,705,UPI,Premium,4.8,"Casual Dining"
O3033,C1050,45,D894,R260,KFC,"Mumbai B1",Mumbai,2024-03-20,Non-Veg,372,59,59,372,Cash,Regular,3.4,Cafe
O3034,C1336,35,D591,R116,Dominos,"Delhi B9",Delhi,2023-11-08,Veg,527,48,68,507,UPI,Occasional,4.9,"Fast Food"
O3035,C128,40,D279,R325,KFC,"Hyderabad B4",Hyderabad,2023-10-29,Non-Veg,413,50,45,418,UPI,Occasional,4.9,"Casual Dining"
O3036,C1455,37,D177,R169,KFC,"Mumbai B10",Mumbai,2023-10-21,Veg,512,42,44,510,UPI,Regular,3.9,"Fast Food"
O3037,C1078,40,D657,R92,"Biryani House","Delhi B9",Delhi,2023-12-29,Non-Veg,851,23,150,724,UPI,Regular,4.3,"Casual Dining"
O3038,C1510,32,D567,R212,"Biryani House","Bangalore B6",Bangalore,2023-06-04,Veg,371,40,22,389,Cash,Occasional,3.5,"Casual Dining"
O3039,C359,69,D240,R203,"Pizza Hut","Hyderabad B9",Hyderabad,2023-10-16,Veg,738,20,2,756,UPI,Regular,4.6,"Fast Food"
O3040,C149,31,D851,R238,"Biryani House","Bangalore B4",Bangalore,2023-09-20,Non-Veg,960,37,15,982,UPI,Occasional,4.9,"Fast Food"
O3041,C610,36,D974,R190,KFC,"Hyderabad B5",Hyderabad,2024-09-18,Non-Veg,273,41,32,282,Cash,Premium,3.1,Cafe
O3042,C1705,34,D545,R169,KFC,"Mumbai B10",Mumbai,2024-01-22,Non-Veg,642,36,30,648,Cash,Regular,4.5,"Fast Food"
O3043,C1473,34,D371,R5,KFC,"Delhi B4",Delhi,2023-12-20,Veg,602,45,14,633,UPI,Premium,4.6,"Fast Food"
O3044,C1657,33,D910,R371,"Biryani House","Bangalore B8",Bangalore,2024-05-07,Veg,440,28,95,373,UPI,Premium,3.3,"Fast Food"
O3045,C1286,27,D471,R232,Dominos,"Mumbai B9",Mumbai,2024-09-05,Non-Veg,413,37,56,394,UPI,Regular,4.3,Cafe
O3046,C1256,38,D371,R228,McDonalds,"Delhi B6",Delhi,2024-01-13,Non-Veg,491,30,27,494,UPI,Premium,4.6,Cafe
O3047,C1156,29,D513,R85,KFC,"Bangalore B1",Bangalore,2024-01-21,Veg,423,34,61,396,UPI,Occasional,5,"Fast Food"
O3048,C1386,32,D508,R12,"Biryani House","Bangalore B7",Bangalore,2023-11-23,Non-Veg,954,44,37,961,UPI,Premium,4,"Casual Dining"
O3049,C1653,43,D396,R53,KFC,"Hyderabad B5",Hyderabad,2024-06-26,Non-Veg,831,44,17,858,Card,Regular,4.5,"Fast Food"
O3050,C33,26,D274,R175,KFC,"Bangalore B7",Bangalore,2024-01-20,Non-Veg,818,25,65,778,Cash,Occasional,4.6,Cafe
O3051,C343,33,D661,R102,McDonalds,"Mumbai B6",Mumbai,2024-02-19,Veg,595,27,18,604,Cash,Premium,4.5,Cafe
O3052,C122,28,D660,R165,"Biryani House","Hyderabad B3",Hyderabad,2023-10-04,Non-Veg,515,54,82,487,UPI,Occasional,4.7,"Casual Dining"
O3053,C406,36,D275,R124,"Pizza Hut","Hyderabad B1",Hyderabad,2024-01-23,Veg,393,29,109,313,UPI,Premium,3.9,"Fast Food"
O3054,C1062,35,D205,R301,Dominos,"Mumbai B5",Mumbai,2023-03-21,Non-Veg,534,41,73,502,Cash,Regular,4.6,Cafe
O3055,C768,27,D66,R343,Dominos,"Bangalore B1",Bangalore,2023-10-31,Veg,605,31,142,494,Cash,Occasional,3.8,"Fast Food"
O3056,C11,64,D167,R230,KFC,"Delhi B7",Delhi,2023-12-27,Veg,576,41,122,495,Cash,Occasional,3.9,"Casual Dining"
O3057,C1785,19,D604,R255,Dominos,"Pune B2",Pune,2023-11-03,Non-Veg,423,32,136,319,Cash,Premium,3.4,Cafe
O3058,C802,19,D530,R347,Dominos,"Bangalore B3",Bangalore,2023-10-06,Non-Veg,327,25,110,242,UPI,Premium,3.7,"Fast Food"
O3059,C702,28,D805,R149,"Biryani House","Bangalore B5",Bangalore,2024-06-29,Veg,226,21,22,225,UPI,Premium,3,"Casual Dining"
O3060,C971,34,D231,R374,KFC,"Pune B5",Pune,2023-07-02,Veg,951,47,5,993,UPI,Premium,4.4,"Casual Dining"
O3061,C681,60,D954,R25,"Biryani House","Pune B4",Pune,2024-03-22,Veg,827,25,5,847,UPI,Regular,4.9,"Fast Food"
O3062,C823,37,D776,R321,Dominos,"Pune B1",Pune,2023-10-02,Non-Veg,442,34,19,457,Cash,Regular,4,"Casual Dining"
O3063,C510,36,D905,R72,McDonalds,"Pune B10",Pune,2024-06-21,Veg,288,57,66,279,Cash,Regular,3.6,"Casual Dining"
O3064,C1254,29,D491,R382,McDonalds,"Mumbai B8",Mumbai,2024-01-12,Veg,216,22,7,231,UPI,Occasional,4.9,Cafe
O3065,C1557,29,D204,R10,"Biryani House","Bangalore B7",Bangalore,2023-07-14,Veg,281,43,132,192,UPI,Occasional,4.2,Cafe
O3066,C300,27,D857,R28,Dominos,"Pune B3",Pune,2023-12-02,Non-Veg,945,33,20,958,UPI,Premium,3.8,"Casual Dining"
O3067,C1359,28,D143,R394,McDonalds,"Pune B2",Pune,2023-10-04,Veg,764,34,108,690,Cash,Premium,4.3,"Fast Food"
O3068,C1542,31,D953,R121,"Biryani House","Delhi B9",Delhi,2023-08-26,Veg,202,38,40,200,Cash,Occasional,3.3,"Fast Food"
O3069,C1193,39,D449,R15,Dominos,"Hyderabad B9",Hyderabad,2023-11-19,Veg,276,28,121,183,UPI,Premium,4.3,"Fast Food"
O3070,C1154,35,D159,R27,McDonalds,"Pune B3",Pune,2023-07-13,Non-Veg,974,55,65,964,Cash,Regular,4.9,Cafe
O3071,C709,28,D511,R45,KFC,"Delhi B2",Delhi,2023-12-07,Non-Veg,503,21,13,511,UPI,Premium,4.1,Cafe
O3072,C1304,24,D982,R365,"Pizza Hut","Bangalore B7",Bangalore,2023-04-23,Veg,470,33,121,382,UPI,Premium,4.3,"Casual Dining"
O3073,C1014,34,D36,R288,"Biryani House","Pune B1",Pune,2024-03-05,Non-Veg,568,29,114,483,Cash,Occasional,4.5,Cafe
O3074,C1089,20,D598,R300,"Pizza Hut","Pune B8",Pune,2024-04-16,Non-Veg,230,43,85,188,UPI,Premium,3.1,"Fast Food"
O3075,C996,43,D690,R339,"Biryani House","Delhi B6",Delhi,2023-11-28,Non-Veg,370,45,71,344,UPI,Regular,3.5,"Casual Dining"
O3076,C1657,39,D607,R86,Dominos,"Bangalore B8",Bangalore,2023-10-21,Veg,838,35,9,864,UPI,Premium,4.1,Cafe
O3077,C895,36,D661,R76,"Biryani House","Mumbai B9",Mumbai,2024-05-21,Non-Veg,231,33,109,155,UPI,Occasional,4.5,Cafe
O3078,C1795,31,D606,R113,"Pizza Hut","Mumbai B5",Mumbai,2023-08-26,Veg,350,44,133,261,Cash,Occasional,3,Cafe
O3079,C1444,29,D964,R398,"Biryani House","Delhi B7",Delhi,2024-09-18,Veg,821,37,84,774,Cash,Occasional,3,"Casual Dining"
O3080,C1669,32,D784,R145,McDonalds,"Pune B4",Pune,2023-10-24,Veg,733,47,80,700,UPI,Premium,4.9,"Fast Food"
O3081,C778,38,D303,R393,"Pizza Hut","Pune B6",Pune,2023-09-14,Veg,530,45,44,531,Card,Occasional,3.7,"Casual Dining"
O3082,C528,35,D831,R47,"Biryani House","Delhi B3",Delhi,2023-09-24,Veg,911,56,49,918,UPI,Premium,4.7,"Casual Dining"
O3083,C944,28,D293,R197,Dominos,"Delhi B4",Delhi,2023-07-03,Non-Veg,226,49,93,182,Card,Occasional,3.8,"Casual Dining"
O3084,C1895,36,D759,R270,KFC,"Delhi B2",Delhi,2023-12-15,Veg,828,24,37,815,UPI,Regular,3.4,Cafe
O3085,C1825,35,D697,R6,Dominos,"Mumbai B4",Mumbai,2024-02-06,Veg,429,42,22,449,UPI,Occasional,3.2,Cafe
O3086,C1019,31,D444,R396,"Pizza Hut","Bangalore B8",Bangalore,2024-02-29,Veg,749,47,122,674,UPI,Premium,4.7,Cafe
O3087,C756,39,D834,R287,McDonalds,"Bangalore B10",Bangalore,2023-03-16,Non-Veg,342,22,27,337,Cash,Occasional,4.1,Cafe
O3088,C1337,33,D51,R19,McDonalds,"Mumbai B2",Mumbai,2024-01-07,Non-Veg,709,38,4,743,Cash,Regular,3.8,"Fast Food"
O3089,C1601,35,D513,R52,McDonalds,"Bangalore B6",Bangalore,2023-10-20,Non-Veg,500,26,18,508,UPI,Occasional,5,"Fast Food"
O3090,C627,35,D483,R251,Dominos,"Delhi B10",Delhi,2023-10-12,Veg,877,51,108,820,Cash,Occasional,4.6,"Casual Dining"
O3091,C727,45,D950,R341,KFC,"Pune B9",Pune,2023-10-27,Non-Veg,897,27,145,779,Cash,Occasional,4.4,Cafe
O3092,C414,35,D654,R38,McDonalds,"Bangalore B5",Bangalore,2024-01-23,Veg,479,30,5,504,UPI,Regular,4.2,"Casual Dining"
O3093,C1315,40,D444,R336,"Biryani House","Bangalore B9",Bangalore,2024-06-09,Non-Veg,956,56,44,968,Cash,Regular,4.7,"Fast Food"
O3094,C1214,70,D113,R82,McDonalds,"Delhi B8",Delhi,2023-12-17,Veg,882,27,108,801,UPI,Regular,4.3,"Casual Dining"
O3095,C1488,30,D206,R167,McDonalds,"Bangalore B5",Bangalore,2023-07-22,Veg,292,44,40,296,Cash,Premium,3.1,"Fast Food"
O3096,C797,34,D743,R394,McDonalds,"Pune B2",Pune,2024-01-15,Veg,602,37,84,555,Cash,Regular,4.7,"Fast Food"
O3097,C107,26,D459,R241,"Pizza Hut","Pune B5",Pune,2023-07-07,Veg,343,45,65,323,UPI,Premium,3.5,Cafe
O3098,C1744,33,D23,R351,"Pizza Hut","Delhi B9",Delhi,2023-05-23,Non-Veg,331,55,145,241,UPI,Premium,4.4,"Fast Food"
O3099,C1039,26,D346,R22,"Biryani House","Mumbai B4",Mumbai,2024-10-10,Veg,886,45,144,787,UPI,Regular,3.4,Cafe
O3100,C66,34,D773,R295,"Biryani House","Pune B5",Pune,2024-06-20,Non-Veg,777,42,55,764,UPI,Regular,3.7,Cafe
O3101,C790,41,D258,R106,Dominos,"Mumbai B10",Mumbai,2023-02-21,Veg,788,47,149,686,UPI,Occasional,4,"Fast Food"
O3102,C158,29,D271,R314,McDonalds,"Pune B7",Pune,2024-05-25,Veg,200,46,120,126,Cash,Regular,3.6,Cafe
O3103,C668,46,D72,R321,Dominos,"Pune B1",Pune,2024-06-14,Non-Veg,226,55,2,279,UPI,Occasional,4.6,"Casual Dining"
O3104,C1363,33,D928,R146,McDonalds,"Mumbai B4",Mumbai,2024-06-01,Veg,251,21,37,235,Cash,Occasional,4.6,"Fast Food"
O3105,C1132,41,D246,R124,"Pizza Hut","Hyderabad B1",Hyderabad,2024-03-25,Veg,817,25,30,812,UPI,Occasional,3.6,"Fast Food"
O3106,C1855,39,D694,R186,"Pizza Hut","Delhi B5",Delhi,2024-03-10,Non-Veg,521,27,108,440,UPI,Premium,3.4,Cafe
O3107,C1075,62,D737,R45,KFC,"Delhi B2",Delhi,2024-01-20,Veg,973,43,11,1005,UPI,Occasional,4.9,Cafe
O3108,C861,40,D467,R157,KFC,"Mumbai B3",Mumbai,2023-11-11,Veg,485,48,143,390,Cash,Regular,4.2,Cafe
O3109,C1202,40,D777,R112,"Biryani House","Pune B4",Pune,2023-09-04,Veg,337,60,91,306,UPI,Premium,4.5,"Casual Dining"
O3110,C641,30,D918,R81,"Pizza Hut","Pune B7",Pune,2024-03-06,Non-Veg,982,36,50,968,UPI,Occasional,4.5,"Fast Food"
O3111,C1095,30,D935,R37,Dominos,"Hyderabad B4",Hyderabad,2024-01-24,Non-Veg,680,38,51,667,Cash,Regular,4.4,"Casual Dining"
O3112,C320,29,D807,R127,KFC,"Pune B5",Pune,2023-12-06,Veg,881,21,122,780,UPI,Premium,3.5,"Fast Food"
O3113,C32,63,D627,R18,McDonalds,"Pune B5",Pune,2023-11-21,Non-Veg,865,52,12,905,UPI,Premium,3.7,"Fast Food"
O3114,C283,25,D555,R210,"Pizza Hut","Pune B6",Pune,2023-09-20,Veg,385,51,64,372,UPI,Regular,4.5,"Fast Food"
O3115,C612,40,D72,R72,McDonalds,"Pune B10",Pune,2023-11-21,Veg,270,23,86,207,Cash,Occasional,4.6,"Casual Dining"
O3116,C1986,31,D228,R115,Dominos,"Pune B10",Pune,2024-01-15,Veg,520,35,76,479,Card,Regular,3.5,"Casual Dining"
O3117,C1537,57,D420,R294,"Biryani House","Hyderabad B1",Hyderabad,2024-01-10,Non-Veg,967,22,146,843,Cash,Occasional,4.4,"Casual Dining"
O3118,C1185,29,D328,R349,"Pizza Hut","Bangalore B10",Bangalore,2023-08-25,Non-Veg,219,35,84,170,UPI,Premium,4,Cafe
O3119,C1997,36,D816,R211,"Pizza Hut","Bangalore B4",Bangalore,2024-01-09,Veg,235,20,50,205,UPI,Premium,4.2,Cafe
O3120,C564,39,D465,R374,KFC,"Pune B5",Pune,2023-09-05,Veg,290,41,140,191,UPI,Regular,4.3,"Casual Dining"
O3121,C103,61,D84,R359,McDonalds,"Mumbai B9",Mumbai,2024-03-05,Non-Veg,959,37,62,934,UPI,Regular,3.9,"Fast Food"
O3122,C231,30,D585,R269,KFC,"Hyderabad B4",Hyderabad,2023-07-27,Non-Veg,436,60,91,405,Cash,Premium,3.9,"Casual Dining"
O3123,C52,31,D159,R27,McDonalds,"Pune B3",Pune,2023-09-14,Non-Veg,508,36,33,511,Cash,Occasional,4.9,Cafe
O3124,C391,38,D333,R127,KFC,"Pune B5",Pune,2023-08-06,Veg,247,21,143,125,UPI,Premium,4.7,"Fast Food"
O3125,C307,28,D167,R182,McDonalds,"Delhi B9",Delhi,2024-05-04,Veg,665,31,112,584,Cash,Occasional,3.9,"Casual Dining"
O3126,C296,39,D252,R113,"Pizza Hut","Mumbai B5",Mumbai,2023-04-19,Veg,618,23,148,493,UPI,Regular,4.8,Cafe
O3127,C327,39,D429,R338,McDonalds,"Hyderabad B8",Hyderabad,2023-12-05,Non-Veg,961,49,124,886,UPI,Occasional,3.1,"Casual Dining"
O3128,C256,33,D309,R132,McDonalds,"Hyderabad B1",Hyderabad,2024-04-11,Non-Veg,611,44,70,585,Cash,Regular,4.7,Cafe
O3129,C393,32,D883,R64,KFC,"Delhi B7",Delhi,2023-10-01,Non-Veg,872,43,74,841,UPI,Regular,3.9,"Fast Food"
O3130,C721,32,D641,R191,McDonalds,"Hyderabad B2",Hyderabad,2023-07-15,Non-Veg,406,44,2,448,Cash,Occasional,4.7,Cafe
O3131,C1308,38,D771,R294,"Biryani House","Hyderabad B1",Hyderabad,2024-03-23,Non-Veg,737,29,76,690,Cash,Occasional,4.6,"Casual Dining"
O3132,C544,60,D365,R204,"Pizza Hut","Mumbai B1",Mumbai,2023-10-12,Non-Veg,381,35,9,407,UPI,Regular,4.9,"Fast Food"
O3133,C119,31,D955,R34,KFC,"Mumbai B10",Mumbai,2024-02-21,Non-Veg,914,39,124,829,UPI,Occasional,3.8,Cafe
O3134,C1815,36,D266,R369,"Biryani House","Delhi B4",Delhi,2023-06-04,Veg,453,51,113,391,Cash,Occasional,3.4,Cafe
O3135,C865,32,D383,R233,"Pizza Hut","Bangalore B5",Bangalore,2024-01-19,Veg,866,38,101,803,Cash,Regular,3.1,"Casual Dining"
O3136,C1065,37,D559,R281,"Pizza Hut","Mumbai B1",Mumbai,2024-06-02,Veg,999,50,25,1024,UPI,Regular,3.4,"Casual Dining"
O3137,C682,39,D188,R339,"Biryani House","Delhi B6",Delhi,2023-05-01,Veg,985,50,20,1015,UPI,Regular,4.8,"Casual Dining"
O3138,C707,39,D341,R91,Dominos,"Bangalore B2",Bangalore,2023-06-30,Veg,982,39,125,896,Cash,Premium,3.2,Cafe
O3139,C1438,37,D555,R107,KFC,"Pune B4",Pune,2024-05-16,Non-Veg,244,48,140,152,UPI,Premium,4.5,"Casual Dining"
O3140,C1564,38,D368,R151,"Biryani House","Hyderabad B10",Hyderabad,2023-09-21,Veg,850,35,34,851,Cash,Occasional,4.6,"Fast Food"
O3141,C456,36,D604,R235,"Pizza Hut","Pune B9",Pune,2023-08-22,Veg,940,40,71,909,Cash,Regular,3.4,"Fast Food"
O3142,C881,65,D87,R354,McDonalds,"Bangalore B7",Bangalore,2023-12-19,Non-Veg,444,23,63,404,UPI,Regular,4.1,"Fast Food"
O3143,C77,56,D127,R340,McDonalds,"Pune B3",Pune,2024-01-05,Veg,781,20,36,765,UPI,Regular,3.5,"Casual Dining"
O3144,C1201,49,D111,R390,"Pizza Hut","Mumbai B6",Mumbai,2024-08-11,Veg,923,54,110,867,Cash,Regular,4.6,"Casual Dining"
O3145,C1346,30,D386,R189,KFC,"Bangalore B5",Bangalore,2024-04-19,Non-Veg,973,23,120,876,UPI,Occasional,4.4,Cafe
O3146,C1525,38,D261,R222,Dominos,"Delhi B10",Delhi,2023-12-22,Veg,316,32,26,322,UPI,Occasional,5,Cafe
O3147,C545,39,D413,R158,"Biryani House","Delhi B8",Delhi,2023-12-19,Non-Veg,324,21,48,297,UPI,Regular,4.8,"Fast Food"
O3148,C1458,36,D482,R165,"Biryani House","Hyderabad B3",Hyderabad,2024-04-25,Non-Veg,564,24,14,574,Card,Premium,4.4,"Casual Dining"
O3149,C431,50,D289,R307,KFC,"Bangalore B6",Bangalore,2023-12-04,Veg,820,60,123,757,UPI,Occasional,4.2,Cafe
O3150,C341,40,D771,R138,"Pizza Hut","Hyderabad B5",Hyderabad,2024-07-26,Non-Veg,229,39,145,123,Cash,Premium,4.6,"Fast Food"
O3151,C1939,30,D535,R163,"Biryani House","Bangalore B1",Bangalore,2023-07-04,Veg,701,24,30,695,Cash,Premium,3.3,"Fast Food"
O3152,C37,39,D161,R387,KFC,"Pune B7",Pune,2023-12-22,Non-Veg,466,51,126,391,Cash,Premium,3.5,"Casual Dining"
O3153,C928,31,D403,R387,KFC,"Pune B7",Pune,2024-03-02,Non-Veg,875,37,142,770,Cash,Regular,3.6,"Casual Dining"
O3154,C805,28,D995,R379,Dominos,"Pune B6",Pune,2024-02-21,Veg,906,41,148,799,UPI,Premium,3.1,"Fast Food"
O3155,C1541,28,D985,R307,KFC,"Bangalore B6",Bangalore,2023-10-19,Veg,967,47,112,902,Cash,Regular,3.6,Cafe
O3156,C719,25,D183,R35,McDonalds,"Bangalore B6",Bangalore,2024-03-17,Veg,948,39,47,940,Card,Premium,3.5,"Casual Dining"
O3157,C1313,25,D355,R316,McDonalds,"Bangalore B3",Bangalore,2023-03-14,Non-Veg,517,50,42,525,UPI,Regular,4.9,"Casual Dining"
O3158,C1120,30,D10,R355,KFC,"Bangalore B4",Bangalore,2023-03-06,Non-Veg,235,59,105,189,UPI,Premium,3.7,Cafe
O3159,C66,23,D263,R241,"Pizza Hut","Pune B5",Pune,2023-07-30,Veg,580,58,21,617,Cash,Regular,3.8,Cafe
O3160,C490,40,D913,R213,Dominos,"Mumbai B2",Mumbai,2023-08-06,Non-Veg,732,27,145,614,Cash,Regular,4.8,Cafe
O3161,C1890,27,D867,R333,Dominos,"Pune B1",Pune,2023-11-29,Non-Veg,533,49,109,473,UPI,Regular,4.2,"Fast Food"
O3162,C692,29,D156,R293,KFC,"Mumbai B3",Mumbai,2023-02-14,Non-Veg,516,29,15,530,UPI,Premium,3.3,Cafe
O3163,C1228,46,D937,R364,"Pizza Hut","Bangalore B5",Bangalore,2023-09-28,Non-Veg,970,52,67,955,Cash,Occasional,3.5,Cafe
O3164,C419,25,D393,R237,Dominos,"Mumbai B2",Mumbai,2024-05-02,Veg,857,31,121,767,UPI,Premium,3.2,"Fast Food"
O3165,C1781,31,D382,R204,"Pizza Hut","Mumbai B1",Mumbai,2024-03-14,Veg,386,27,113,300,Cash,Premium,4.7,"Fast Food"
O3166,C1328,25,D339,R333,Dominos,"Pune B1",Pune,2023-09-13,Veg,387,52,14,425,UPI,Premium,3.4,"Fast Food"
O3167,C216,34,D928,R170,"Pizza Hut","Mumbai B3",Mumbai,2024-08-14,Non-Veg,738,38,102,674,UPI,Premium,4.6,Cafe
O3168,C1978,39,D587,R328,Dominos,"Bangalore B9",Bangalore,2024-04-10,Non-Veg,768,59,96,731,UPI,Regular,3.1,"Casual Dining"
O3169,C325,28,D121,R188,KFC,"Bangalore B1",Bangalore,2024-02-22,Non-Veg,963,42,64,941,Cash,Premium,3.5,Cafe
O3170,C879,39,D584,R277,Dominos,"Bangalore B6",Bangalore,2024-07-01,Veg,421,22,112,331,Cash,Occasional,3.3,"Casual Dining"
O3171,C639,26,D718,R223,McDonalds,"Bangalore B5",Bangalore,2023-10-21,Veg,918,59,99,878,UPI,Premium,4.9,"Fast Food"
O3172,C502,31,D86,R372,"Pizza Hut","Bangalore B6",Bangalore,2024-04-19,Veg,612,27,8,631,Cash,Regular,4.5,"Casual Dining"
O3173,C1188,70,D792,R155,KFC,"Delhi B5",Delhi,2024-03-31,Veg,835,47,140,742,Cash,Premium,4,"Fast Food"
O3174,C1165,67,D981,R281,"Pizza Hut","Mumbai B1",Mumbai,2023-08-25,Non-Veg,991,38,105,924,Cash,Occasional,3.3,"Casual Dining"
O3175,C1560,35,D763,R88,"Biryani House","Delhi B4",Delhi,2023-10-02,Veg,697,55,70,682,Card,Premium,4.9,"Casual Dining"
O3176,C1292,28,D824,R305,Dominos,"Bangalore B1",Bangalore,2023-10-29,Non-Veg,481,32,72,441,UPI,Premium,3.5,"Fast Food"
O3177,C1234,32,D105,R279,"Pizza Hut","Delhi B4",Delhi,2024-01-18,Non-Veg,719,43,47,715,UPI,Premium,3.5,"Fast Food"
O3178,C1749,26,D54,R283,McDonalds,"Mumbai B7",Mumbai,2023-04-25,Non-Veg,723,60,42,741,Cash,Occasional,4.6,"Fast Food"
O3179,C1457,34,D375,R44,"Biryani House","Hyderabad B9",Hyderabad,2024-05-19,Veg,234,22,77,179,Cash,Regular,3.7,"Fast Food"
O3180,C158,27,D26,R249,"Biryani House","Pune B9",Pune,2023-07-29,Non-Veg,999,45,132,912,Cash,Regular,3.2,"Casual Dining"
O3181,C145,31,D365,R143,"Biryani House","Mumbai B10",Mumbai,2024-01-03,Veg,377,59,6,430,Cash,Occasional,4.9,"Fast Food"
O3182,C1704,28,D632,R175,KFC,"Bangalore B7",Bangalore,2023-01-08,Non-Veg,946,50,131,865,Cash,Regular,3.6,Cafe
O3183,C403,28,D429,R24,"Pizza Hut","Hyderabad B3",Hyderabad,2023-10-23,Non-Veg,339,48,147,240,UPI,Occasional,3.1,"Fast Food"
O3184,C271,28,D315,R350,"Pizza Hut","Pune B2",Pune,2023-06-08,Non-Veg,357,51,1,407,Cash,Regular,3,"Casual Dining"
O3185,C1894,18,D716,R15,Dominos,"Hyderabad B9",Hyderabad,2023-11-13,Non-Veg,841,44,77,808,Cash,Regular,4.7,"Fast Food"
O3186,C457,19,D65,R333,Dominos,"Pune B1",Pune,2023-12-21,Non-Veg,719,21,71,669,Cash,Regular,3.5,"Fast Food"
O3187,C1585,61,D58,R153,KFC,"Bangalore B1",Bangalore,2024-08-24,Non-Veg,640,22,8,654,UPI,Occasional,4.9,"Casual Dining"
O3188,C842,34,D520,R125,"Pizza Hut","Delhi B2",Delhi,2023-12-03,Veg,605,22,75,552,UPI,Occasional,4.2,"Casual Dining"
O3189,C1898,30,D77,R89,McDonalds,"Bangalore B6",Bangalore,2023-05-04,Veg,963,52,85,930,Cash,Occasional,4.1,Cafe
O3190,C1317,35,D334,R197,Dominos,"Delhi B4",Delhi,2024-05-24,Non-Veg,946,49,3,992,Card,Premium,4,"Casual Dining"
O3191,C979,32,D602,R55,"Pizza Hut","Delhi B3",Delhi,2024-02-11,Veg,796,35,53,778,UPI,Occasional,3.8,"Casual Dining"
O3192,C621,25,D759,R291,"Biryani House","Delhi B3",Delhi,2023-10-01,Veg,787,55,85,757,UPI,Premium,3.4,Cafe
O3193,C492,36,D262,R393,"Pizza Hut","Pune B6",Pune,2024-01-02,Non-Veg,381,35,104,312,UPI,Premium,3.7,"Casual Dining"
O3194,C1741,55,D324,R46,"Biryani House","Hyderabad B4",Hyderabad,2024-02-17,Veg,279,49,43,285,Cash,Occasional,3.9,"Fast Food"
O3195,C180,25,D13,R147,McDonalds,"Delhi B9",Delhi,2023-07-25,Non-Veg,742,45,131,656,Cash,Occasional,4.7,"Casual Dining"
O3196,C843,35,D359,R154,"Pizza Hut","Bangalore B7",Bangalore,2024-07-21,Veg,295,43,94,244,UPI,Occasional,3.9,"Fast Food"
O3197,C399,45,D312,R12,"Biryani House","Bangalore B7",Bangalore,2024-02-21,Non-Veg,987,60,44,1003,Cash,Regular,3.5,"Casual Dining"
O3198,C1846,35,D904,R16,McDonalds,"Hyderabad B9",Hyderabad,2024-03-03,Veg,233,43,65,211,UPI,Premium,3.3,"Fast Food"
O3199,C1198,37,D735,R218,McDonalds,"Pune B2",Pune,2024-08-20,Veg,470,37,55,452,UPI,Occasional,4.3,"Fast Food"
O3200,C1386,40,D129,R31,McDonalds,"Bangalore B6",Bangalore,2024-03-03,Non-Veg,266,29,23,272,UPI,Premium,4.8,"Fast Food"
O3201,C1010,34,D801,R218,McDonalds,"Pune B2",Pune,2023-04-15,Veg,770,30,60,740,UPI,Regular,3.1,"Fast Food"
O3202,C291,32,D49,R312,KFC,"Hyderabad B7",Hyderabad,2023-10-11,Veg,932,32,116,848,UPI,Regular,4.3,"Casual Dining"
O3203,C1190,31,D303,R379,Dominos,"Pune B6",Pune,2023-08-14,Veg,399,38,121,316,Cash,Regular,3.7,"Fast Food"
O3204,C1436,37,D859,R258,KFC,"Bangalore B3",Bangalore,2024-03-20,Non-Veg,963,60,80,943,Cash,Regular,3.9,"Fast Food"
O3205,C1776,34,D620,R353,"Biryani House","Pune B2",Pune,2024-01-16,Non-Veg,945,22,13,954,Cash,Occasional,3.4,"Casual Dining"
O3206,C1547,63,D585,R254,KFC,"Hyderabad B4",Hyderabad,2023-04-12,Non-Veg,226,50,140,136,UPI,Regular,3.9,"Fast Food"
O3207,C1907,60,D358,R25,"Biryani House","Pune B4",Pune,2023-12-16,Veg,341,50,134,257,Cash,Occasional,3.7,"Fast Food"
O3208,C643,28,D244,R386,"Pizza Hut","Mumbai B3",Mumbai,2023-09-22,Veg,746,43,73,716,UPI,Occasional,3.2,"Casual Dining"
O3209,C1875,50,D176,R16,McDonalds,"Hyderabad B9",Hyderabad,2024-02-25,Veg,679,52,93,638,Cash,Premium,4.4,"Fast Food"
O3210,C333,34,D98,R176,"Biryani House","Mumbai B2",Mumbai,2024-01-31,Veg,351,48,65,334,Card,Regular,4.4,"Casual Dining"
O3211,C256,62,D189,R285,"Pizza Hut","Hyderabad B9",Hyderabad,2024-06-08,Veg,410,41,133,318,Cash,Regular,4.4,"Fast Food"
O3212,C1694,27,D707,R111,Dominos,"Delhi B7",Delhi,2024-02-24,Non-Veg,772,53,119,706,UPI,Occasional,4.9,"Casual Dining"
O3213,C1118,54,D629,R12,"Biryani House","Bangalore B7",Bangalore,2023-11-18,Veg,682,21,79,624,Card,Premium,3.5,"Casual Dining"
O3214,C708,65,D283,R71,McDonalds,"Delhi B5",Delhi,2024-04-17,Veg,429,28,114,343,Cash,Regular,3.7,"Fast Food"
O3215,C514,40,D669,R91,Dominos,"Bangalore B2",Bangalore,2023-06-28,Veg,732,28,51,709,UPI,Occasional,4.2,Cafe
O3216,C1705,70,D452,R301,Dominos,"Mumbai B5",Mumbai,2023-09-11,Non-Veg,689,54,15,728,Card,Regular,4.8,Cafe
O3217,C669,36,D883,R7,"Biryani House","Delhi B7",Delhi,2023-07-11,Veg,942,37,110,869,UPI,Premium,3.9,Cafe
O3218,C1628,44,D254,R174,Dominos,"Pune B8",Pune,2023-08-14,Veg,417,31,28,420,Cash,Regular,3.5,Cafe
O3219,C687,28,D931,R13,Dominos,"Delhi B8",Delhi,2023-09-29,Non-Veg,501,29,72,458,UPI,Occasional,4.9,Cafe
O3220,C1561,60,D687,R53,KFC,"Hyderabad B5",Hyderabad,2023-11-24,Veg,233,57,143,147,UPI,Premium,3.5,"Fast Food"
O3221,C1583,39,D280,R389,"Biryani House","Bangalore B7",Bangalore,2024-04-17,Veg,358,24,27,355,UPI,Regular,3.5,"Fast Food"
O3222,C1190,40,D655,R394,McDonalds,"Pune B2",Pune,2024-03-10,Non-Veg,967,59,26,1000,UPI,Regular,3.6,"Fast Food"
O3223,C40,29,D717,R118,KFC,"Mumbai B4",Mumbai,2024-05-04,Non-Veg,287,34,118,203,UPI,Occasional,3.1,"Casual Dining"
O3224,C1946,38,D180,R260,KFC,"Mumbai B1",Mumbai,2024-04-05,Non-Veg,699,49,125,623,UPI,Regular,3.4,Cafe
O3225,C1371,37,D83,R368,Dominos,"Bangalore B4",Bangalore,2023-08-04,Non-Veg,227,20,138,109,Cash,Occasional,5,Cafe
O3226,C1514,29,D582,R378,"Biryani House","Mumbai B8",Mumbai,2023-11-12,Veg,351,42,60,333,Card,Regular,4.6,Cafe
O3227,C1192,26,D624,R367,Dominos,"Pune B7",Pune,2023-12-10,Non-Veg,590,22,4,608,Cash,Premium,3.5,"Fast Food"
O3228,C899,33,D117,R208,"Biryani House","Pune B2",Pune,2023-03-24,Veg,940,34,67,907,Cash,Regular,3.5,"Fast Food"
O3229,C862,44,D325,R394,McDonalds,"Pune B2",Pune,2024-01-09,Veg,408,40,16,432,Card,Regular,4.9,"Fast Food"
O3230,C647,25,D446,R110,Dominos,"Delhi B1",Delhi,2023-08-01,Veg,794,42,115,721,UPI,Premium,4.2,"Fast Food"
O3231,C599,26,D782,R159,Dominos,"Hyderabad B9",Hyderabad,2024-02-09,Non-Veg,613,39,33,619,UPI,Premium,4.3,"Casual Dining"
O3232,C224,30,D123,R389,"Biryani House","Bangalore B7",Bangalore,2023-06-02,Veg,309,49,135,223,UPI,Premium,3.4,"Fast Food"
O3233,C1915,26,D796,R308,"Pizza Hut","Hyderabad B5",Hyderabad,2023-07-09,Veg,363,58,98,323,UPI,Occasional,3.3,Cafe
O3234,C656,31,D825,R43,"Pizza Hut","Hyderabad B5",Hyderabad,2024-07-23,Veg,855,40,67,828,Cash,Occasional,3,"Fast Food"
O3235,C1623,69,D472,R43,"Pizza Hut","Hyderabad B5",Hyderabad,2024-03-12,Non-Veg,781,45,69,757,UPI,Premium,3.5,"Fast Food"
O3236,C1395,48,D225,R129,KFC,"Delhi B5",Delhi,2023-08-21,Non-Veg,816,54,44,826,Card,Regular,4.2,"Fast Food"
O3237,C824,28,D630,R305,Dominos,"Bangalore B1",Bangalore,2023-10-21,Non-Veg,215,40,6,249,UPI,Premium,4,"Fast Food"
O3238,C719,51,D86,R323,"Pizza Hut","Bangalore B3",Bangalore,2024-05-08,Non-Veg,919,32,142,809,UPI,Premium,4.5,"Casual Dining"
O3239,C769,39,D680,R185,Dominos,"Pune B4",Pune,2024-04-05,Veg,583,25,110,498,UPI,Premium,4.4,"Casual Dining"
O3240,C1815,35,D667,R5,KFC,"Delhi B4",Delhi,2024-01-18,Non-Veg,211,32,49,194,UPI,Occasional,3.8,"Fast Food"
O3241,C529,61,D478,R244,"Pizza Hut","Delhi B10",Delhi,2023-12-03,Non-Veg,733,39,80,692,UPI,Premium,3.1,Cafe
O3242,C907,36,D328,R114,"Biryani House","Bangalore B2",Bangalore,2023-12-29,Non-Veg,811,57,129,739,Cash,Regular,4,"Fast Food"
O3243,C1774,40,D341,R35,McDonalds,"Bangalore B6",Bangalore,2023-03-28,Veg,292,40,146,186,UPI,Regular,3.2,"Casual Dining"
O3244,C884,66,D159,R327,Dominos,"Pune B8",Pune,2023-10-30,Non-Veg,436,55,90,401,UPI,Regular,4.9,Cafe
O3245,C1281,32,D245,R227,McDonalds,"Hyderabad B4",Hyderabad,2023-07-29,Non-Veg,587,46,122,511,UPI,Regular,4.7,"Casual Dining"
O3246,C920,33,D477,R140,"Pizza Hut","Pune B5",Pune,2024-03-12,Non-Veg,794,56,135,715,Cash,Premium,3.2,Cafe
O3247,C850,37,D61,R176,"Biryani House","Mumbai B2",Mumbai,2024-06-09,Non-Veg,714,50,44,720,UPI,Premium,3.1,"Casual Dining"
O3248,C426,35,D707,R292,"Pizza Hut","Delhi B4",Delhi,2024-08-08,Non-Veg,390,32,137,285,UPI,Occasional,4.9,"Casual Dining"
O3249,C639,32,D873,R86,Dominos,"Bangalore B8",Bangalore,2024-10-04,Veg,318,24,27,315,UPI,Premium,3.7,Cafe
O3250,C974,40,D860,R75,Dominos,"Pune B10",Pune,2024-02-15,Veg,522,47,124,445,Cash,Occasional,3.4,Cafe
O3251,C785,36,D372,R347,Dominos,"Bangalore B3",Bangalore,2023-04-04,Veg,651,60,104,607,Cash,Premium,3.2,"Fast Food"
O3252,C1132,38,D810,R302,"Biryani House","Hyderabad B5",Hyderabad,2024-06-05,Non-Veg,261,24,20,265,UPI,Occasional,4.2,"Fast Food"
O3253,C1328,40,D942,R162,Dominos,"Pune B9",Pune,2024-02-08,Non-Veg,254,39,59,234,UPI,Premium,4.3,"Fast Food"
O3254,C1735,40,D897,R9,"Pizza Hut","Hyderabad B2",Hyderabad,2023-09-30,Non-Veg,835,27,97,765,Cash,Occasional,4.7,"Fast Food"
O3255,C1259,30,D506,R169,KFC,"Mumbai B10",Mumbai,2024-09-07,Veg,383,56,80,359,Cash,Premium,4.5,"Fast Food"
O3256,C1775,27,D615,R255,Dominos,"Pune B2",Pune,2023-07-17,Non-Veg,303,43,93,253,Cash,Premium,4,Cafe
O3257,C689,34,D337,R186,"Pizza Hut","Delhi B5",Delhi,2023-12-09,Veg,391,34,126,299,UPI,Premium,4.1,Cafe
O3258,C820,36,D894,R399,"Pizza Hut","Mumbai B7",Mumbai,2024-01-24,Veg,971,22,0,993,UPI,Premium,3.4,"Fast Food"
O3259,C251,36,D169,R264,"Pizza Hut","Mumbai B4",Mumbai,2023-04-24,Non-Veg,357,31,89,299,UPI,Regular,3.5,Cafe
O3260,C279,38,D396,R44,"Biryani House","Hyderabad B9",Hyderabad,2024-05-17,Veg,227,30,95,162,Cash,Occasional,4.5,"Fast Food"
O3261,C1030,41,D217,R309,McDonalds,"Hyderabad B6",Hyderabad,2024-07-05,Non-Veg,632,54,11,675,UPI,Occasional,3,Cafe
O3262,C1199,57,D45,R359,McDonalds,"Mumbai B9",Mumbai,2023-05-16,Veg,775,35,136,674,UPI,Occasional,3.8,"Fast Food"
O3263,C1867,32,D104,R388,Dominos,"Mumbai B9",Mumbai,2024-05-09,Veg,457,36,97,396,Card,Premium,3.9,"Casual Dining"
O3264,C393,60,D924,R116,Dominos,"Delhi B9",Delhi,2023-03-18,Non-Veg,790,55,40,805,UPI,Regular,4.3,"Fast Food"
O3265,C1972,26,D892,R199,"Biryani House","Delhi B9",Delhi,2024-01-03,Non-Veg,351,22,82,291,UPI,Premium,4.1,"Casual Dining"
O3266,C1048,33,D2,R72,McDonalds,"Pune B10",Pune,2023-07-06,Non-Veg,261,59,50,270,Cash,Premium,3.5,"Casual Dining"
O3267,C265,27,D264,R251,Dominos,"Delhi B10",Delhi,2023-06-15,Non-Veg,928,37,24,941,Cash,Regular,3.7,"Casual Dining"
O3268,C1657,38,D444,R73,Dominos,"Bangalore B1",Bangalore,2024-09-26,Non-Veg,692,37,120,609,UPI,Premium,4.7,Cafe
O3269,C414,36,D92,R364,"Pizza Hut","Bangalore B5",Bangalore,2024-07-17,Veg,371,43,135,279,Cash,Regular,3.2,Cafe
O3270,C1784,28,D964,R71,McDonalds,"Delhi B5",Delhi,2024-07-11,Non-Veg,832,50,56,826,Cash,Premium,3,"Fast Food"
O3271,C420,36,D467,R261,KFC,"Mumbai B3",Mumbai,2023-10-25,Veg,619,45,103,561,UPI,Regular,4.2,"Fast Food"
O3272,C513,31,D882,R362,Dominos,"Bangalore B2",Bangalore,2023-11-10,Veg,813,57,62,808,UPI,Premium,4.8,Cafe
O3273,C1035,26,D270,R231,"Biryani House","Mumbai B7",Mumbai,2023-08-26,Veg,371,49,43,377,UPI,Occasional,3.7,"Casual Dining"
O3274,C1471,36,D164,R24,"Pizza Hut","Hyderabad B3",Hyderabad,2023-05-23,Non-Veg,754,48,136,666,Cash,Regular,3.8,"Fast Food"
O3275,C65,34,D534,R381,KFC,"Hyderabad B10",Hyderabad,2023-11-08,Non-Veg,557,39,99,497,Cash,Premium,4.3,"Fast Food"
O3276,C618,31,D667,R197,Dominos,"Delhi B4",Delhi,2024-03-24,Veg,557,39,32,564,UPI,Regular,3.8,"Casual Dining"
O3277,C1670,68,D694,R161,Dominos,"Delhi B2",Delhi,2023-11-09,Veg,682,51,15,718,Card,Occasional,3.4,"Fast Food"
O3278,C1192,68,D600,R95,KFC,"Pune B2",Pune,2024-03-14,Non-Veg,336,27,31,332,UPI,Premium,4.7,"Fast Food"
O3279,C1017,28,D687,R128,McDonalds,"Hyderabad B9",Hyderabad,2023-06-04,Veg,918,36,116,838,UPI,Regular,3.5,"Fast Food"
O3280,C1909,40,D612,R137,McDonalds,"Mumbai B9",Mumbai,2024-03-30,Non-Veg,302,55,86,271,UPI,Premium,4.4,"Casual Dining"
O3281,C1416,38,D703,R392,"Biryani House","Mumbai B2",Mumbai,2024-05-28,Veg,923,43,90,876,Cash,Occasional,4,"Casual Dining"
O3282,C1474,37,D533,R203,"Pizza Hut","Hyderabad B9",Hyderabad,2023-09-20,Veg,970,41,149,862,UPI,Premium,3.1,"Fast Food"
O3283,C1724,32,D990,R13,Dominos,"Delhi B8",Delhi,2023-12-23,Veg,877,52,81,848,UPI,Premium,3.5,Cafe
O3284,C1983,36,D233,R334,"Biryani House","Hyderabad B10",Hyderabad,2023-11-22,Non-Veg,894,44,39,899,UPI,Regular,3.8,Cafe
O3285,C1442,32,D75,R396,"Pizza Hut","Bangalore B8",Bangalore,2024-02-16,Non-Veg,409,21,103,327,Card,Occasional,3.4,Cafe
O3286,C1930,43,D796,R227,McDonalds,"Hyderabad B4",Hyderabad,2023-07-25,Non-Veg,724,33,140,617,Cash,Occasional,3.3,"Casual Dining"
O3287,C581,39,D778,R332,KFC,"Mumbai B10",Mumbai,2023-10-09,Veg,306,30,74,262,UPI,Regular,4.4,"Fast Food"
O3288,C468,31,D549,R132,McDonalds,"Hyderabad B1",Hyderabad,2023-10-31,Non-Veg,206,59,73,192,UPI,Occasional,4.6,Cafe
O3289,C1456,33,D775,R74,McDonalds,"Mumbai B3",Mumbai,2024-06-28,Non-Veg,545,36,119,462,Cash,Occasional,4.2,"Casual Dining"
O3290,C395,25,D209,R382,McDonalds,"Mumbai B8",Mumbai,2023-09-21,Veg,856,39,73,822,UPI,Regular,3.5,Cafe
O3291,C1735,35,D633,R236,Dominos,"Hyderabad B9",Hyderabad,2024-02-17,Non-Veg,496,39,47,488,Cash,Occasional,3.9,"Fast Food"
O3292,C164,40,D430,R282,"Biryani House","Delhi B8",Delhi,2024-08-02,Veg,310,52,128,234,Cash,Regular,4,Cafe
O3293,C548,44,D39,R39,KFC,"Mumbai B7",Mumbai,2023-04-21,Non-Veg,980,35,131,884,Cash,Occasional,4.4,"Casual Dining"
O3294,C1935,34,D518,R183,"Biryani House","Pune B3",Pune,2024-01-05,Non-Veg,443,45,118,370,UPI,Premium,4.8,"Fast Food"
O3295,C303,48,D586,R109,Dominos,"Bangalore B3",Bangalore,2023-06-23,Non-Veg,601,51,140,512,Cash,Premium,4.3,Cafe
O3296,C480,29,D704,R87,KFC,"Delhi B7",Delhi,2024-08-28,Veg,363,39,43,359,UPI,Regular,3.2,"Fast Food"
O3297,C1464,27,D232,R116,Dominos,"Delhi B9",Delhi,2023-11-06,Veg,759,59,109,709,Cash,Regular,3.8,"Fast Food"
O3298,C1734,29,D304,R246,"Biryani House","Delhi B1",Delhi,2024-01-30,Veg,419,46,97,368,Cash,Premium,3.9,"Fast Food"
O3299,C279,56,D191,R385,"Biryani House","Hyderabad B4",Hyderabad,2023-08-28,Veg,907,42,138,811,UPI,Occasional,3.4,"Casual Dining"
O3300,C857,70,D720,R15,Dominos,"Hyderabad B9",Hyderabad,2024-03-25,Non-Veg,450,31,122,359,Cash,Occasional,4.9,"Fast Food"
O3301,C1904,30,D453,R359,McDonalds,"Mumbai B9",Mumbai,2023-12-05,Veg,780,43,110,713,UPI,Premium,3.3,"Fast Food"
O3302,C656,28,D649,R9,"Pizza Hut","Hyderabad B2",Hyderabad,2024-07-22,Veg,394,49,142,301,Cash,Occasional,4.6,"Fast Food"
O3303,C698,35,D176,R138,"Pizza Hut","Hyderabad B5",Hyderabad,2024-08-05,Non-Veg,718,26,139,605,Card,Premium,4.4,"Fast Food"
O3304,C625,33,D15,R53,KFC,"Hyderabad B5",Hyderabad,2023-07-22,Non-Veg,238,37,124,151,Cash,Regular,3.6,"Fast Food"
O3305,C153,49,D312,R212,"Biryani House","Bangalore B6",Bangalore,2024-05-19,Veg,587,36,98,525,Cash,Premium,3.5,"Casual Dining"
O3306,C1774,36,D985,R366,McDonalds,"Bangalore B2",Bangalore,2024-01-23,Veg,351,58,129,280,Cash,Regular,3.6,Cafe
O3307,C957,30,D214,R351,"Pizza Hut","Delhi B9",Delhi,2023-12-29,Veg,931,50,9,972,UPI,Premium,3.5,"Fast Food"
O3308,C1923,31,D980,R252,"Pizza Hut","Hyderabad B1",Hyderabad,2024-02-25,Veg,867,37,144,760,Cash,Occasional,3.2,"Fast Food"
O3309,C173,38,D108,R165,"Biryani House","Hyderabad B3",Hyderabad,2023-04-24,Non-Veg,239,47,19,267,UPI,Regular,3.9,"Casual Dining"
O3310,C248,35,D408,R127,KFC,"Pune B5",Pune,2023-07-24,Veg,864,20,33,851,UPI,Regular,4,"Fast Food"
O3311,C1276,32,D492,R208,"Biryani House","Pune B2",Pune,2024-01-29,Veg,976,23,25,974,UPI,Regular,4.2,"Fast Food"
O3312,C1087,25,D997,R239,McDonalds,"Pune B3",Pune,2023-12-13,Non-Veg,303,31,77,257,Cash,Regular,4.8,Cafe
O3313,C294,25,D103,R342,"Biryani House","Pune B5",Pune,2024-05-23,Veg,220,57,146,131,UPI,Premium,3,"Fast Food"
O3314,C916,37,D114,R278,Dominos,"Bangalore B1",Bangalore,2023-08-14,Non-Veg,748,30,61,717,UPI,Occasional,3.2,Cafe
O3315,C478,26,D831,R303,"Pizza Hut","Delhi B3",Delhi,2024-02-22,Non-Veg,512,34,45,501,UPI,Regular,4.7,"Casual Dining"
O3316,C113,32,D378,R204,"Pizza Hut","Mumbai B1",Mumbai,2023-05-01,Non-Veg,721,60,11,770,Cash,Regular,4.6,"Fast Food"
O3317,C1803,21,D856,R139,KFC,"Mumbai B6",Mumbai,2024-04-11,Non-Veg,371,29,74,326,UPI,Premium,3.1,"Casual Dining"
O3318,C1414,25,D950,R239,McDonalds,"Pune B3",Pune,2023-11-11,Veg,657,27,9,675,Cash,Occasional,4.4,Cafe
O3319,C162,66,D657,R82,McDonalds,"Delhi B8",Delhi,2024-06-03,Veg,585,25,51,559,Cash,Regular,4.3,"Casual Dining"
O3320,C1710,34,D87,R91,Dominos,"Bangalore B2",Bangalore,2024-06-19,Veg,396,60,127,329,Cash,Occasional,4.1,Cafe
O3321,C1468,54,D122,R38,McDonalds,"Bangalore B5",Bangalore,2023-08-23,Non-Veg,842,22,105,759,UPI,Premium,4.8,"Casual Dining"
O3322,C1021,28,D764,R274,KFC,"Pune B2",Pune,2024-08-11,Non-Veg,597,38,145,490,UPI,Occasional,4.3,Cafe
O3323,C1849,23,D415,R212,"Biryani House","Bangalore B6",Bangalore,2024-01-20,Veg,662,27,61,628,UPI,Regular,4.6,"Casual Dining"
O3324,C1214,26,D364,R291,"Biryani House","Delhi B3",Delhi,2023-09-25,Veg,511,34,61,484,UPI,Regular,3.3,Cafe
O3325,C1546,41,D448,R157,KFC,"Mumbai B3",Mumbai,2024-06-24,Non-Veg,504,31,70,465,UPI,Occasional,4.1,Cafe
O3326,C1640,31,D818,R101,Dominos,"Bangalore B7",Bangalore,2023-06-24,Veg,425,41,66,400,UPI,Premium,3.3,"Fast Food"
O3327,C1220,27,D550,R345,KFC,"Mumbai B2",Mumbai,2023-09-03,Veg,581,58,122,517,UPI,Occasional,5,Cafe
O3328,C22,25,D646,R91,Dominos,"Bangalore B2",Bangalore,2023-09-22,Veg,799,35,92,742,UPI,Premium,4.8,Cafe
O3329,C329,35,D343,R148,"Pizza Hut","Delhi B2",Delhi,2023-04-23,Non-Veg,765,53,138,680,UPI,Regular,4.7,"Casual Dining"
O3330,C218,27,D74,R315,Dominos,"Bangalore B10",Bangalore,2023-08-07,Non-Veg,713,60,138,635,UPI,Premium,3.8,Cafe
O3331,C1631,39,D812,R86,Dominos,"Bangalore B8",Bangalore,2023-10-15,Non-Veg,287,59,32,314,UPI,Regular,4.1,Cafe
O3332,C286,40,D97,R264,"Pizza Hut","Mumbai B4",Mumbai,2024-02-20,Veg,893,33,136,790,UPI,Occasional,4.6,Cafe
O3333,C977,28,D342,R190,KFC,"Hyderabad B5",Hyderabad,2024-04-18,Veg,669,50,4,715,UPI,Premium,4,Cafe
O3334,C1572,39,D368,R269,KFC,"Hyderabad B4",Hyderabad,2024-05-27,Veg,657,46,142,561,UPI,Premium,4.6,"Casual Dining"
O3335,C1250,39,D564,R142,"Pizza Hut","Hyderabad B6",Hyderabad,2023-04-21,Veg,238,42,86,194,UPI,Regular,3.6,"Fast Food"
O3336,C758,32,D427,R203,"Pizza Hut","Hyderabad B9",Hyderabad,2024-05-07,Non-Veg,502,21,65,458,UPI,Regular,3.2,"Fast Food"
O3337,C910,36,D635,R152,"Biryani House","Mumbai B8",Mumbai,2024-06-01,Veg,735,48,33,750,UPI,Premium,4.5,Cafe
O3338,C7,27,D676,R69,"Pizza Hut","Bangalore B6",Bangalore,2024-02-18,Veg,229,54,62,221,Cash,Occasional,3.2,Cafe
O3339,C1691,36,D7,R94,"Pizza Hut","Mumbai B10",Mumbai,2023-09-21,Veg,973,57,26,1004,Cash,Occasional,4.6,"Fast Food"
O3340,C1787,61,D588,R93,McDonalds,"Mumbai B6",Mumbai,2023-10-14,Veg,208,29,47,190,Cash,Premium,4.3,"Casual Dining"
O3341,C833,31,D504,R86,Dominos,"Bangalore B8",Bangalore,2023-08-29,Non-Veg,698,56,31,723,Cash,Premium,3,Cafe
O3342,C1026,38,D469,R116,Dominos,"Delhi B9",Delhi,2023-08-21,Non-Veg,292,23,141,174,Cash,Premium,4.5,"Fast Food"
O3343,C1241,26,D17,R160,Dominos,"Pune B1",Pune,2023-04-02,Veg,566,50,8,608,UPI,Premium,4.6,"Casual Dining"
O3344,C1681,65,D231,R274,KFC,"Pune B2",Pune,2023-08-26,Non-Veg,404,40,88,356,Cash,Premium,4.4,Cafe
O3345,C1545,25,D801,R131,KFC,"Pune B7",Pune,2023-03-01,Non-Veg,356,24,127,253,Card,Premium,3.1,Cafe
O3346,C1801,33,D473,R60,"Pizza Hut","Mumbai B3",Mumbai,2024-06-12,Non-Veg,361,49,144,266,Cash,Occasional,3.8,Cafe
O3347,C105,39,D588,R137,McDonalds,"Mumbai B9",Mumbai,2024-04-10,Veg,578,55,67,566,UPI,Premium,4.3,"Casual Dining"
O3348,C716,29,D727,R286,"Biryani House","Delhi B6",Delhi,2024-02-23,Veg,576,46,10,612,UPI,Regular,4.2,Cafe
O3349,C212,40,D322,R6,Dominos,"Mumbai B4",Mumbai,2023-08-24,Non-Veg,233,28,2,259,Cash,Regular,5,Cafe
O3350,C479,30,D566,R379,Dominos,"Pune B6",Pune,2024-01-13,Veg,274,60,55,279,Cash,Occasional,3.6,"Fast Food"
O3351,C629,37,D11,R181,"Biryani House","Hyderabad B9",Hyderabad,2024-02-24,Non-Veg,351,34,114,271,Cash,Premium,3.4,"Casual Dining"
O3352,C1425,46,D586,R175,KFC,"Bangalore B7",Bangalore,2023-08-04,Non-Veg,472,58,115,415,UPI,Occasional,4.3,Cafe
O3353,C415,34,D831,R83,Dominos,"Delhi B2",Delhi,2024-02-28,Veg,659,33,76,616,UPI,Premium,4.7,"Fast Food"
O3354,C361,29,D89,R256,Dominos,"Mumbai B5",Mumbai,2024-07-03,Veg,719,40,41,718,UPI,Premium,4.7,"Fast Food"
O3355,C1751,26,D919,R252,"Pizza Hut","Hyderabad B1",Hyderabad,2024-01-21,Veg,708,57,140,625,UPI,Occasional,5,"Fast Food"
O3356,C442,62,D839,R129,KFC,"Delhi B5",Delhi,2024-02-17,Veg,678,59,53,684,Cash,Occasional,4.7,"Fast Food"
O3357,C258,26,D968,R206,McDonalds,"Mumbai B3",Mumbai,2024-03-15,Non-Veg,630,34,53,611,UPI,Regular,3.8,Cafe
O3358,C964,67,D516,R15,Dominos,"Hyderabad B9",Hyderabad,2023-07-03,Veg,402,50,45,407,UPI,Premium,4.8,"Fast Food"
O3359,C1722,49,D889,R131,KFC,"Pune B7",Pune,2023-11-14,Veg,429,24,3,450,UPI,Occasional,4.5,Cafe
O3360,C787,29,D997,R174,Dominos,"Pune B8",Pune,2024-02-10,Veg,275,32,141,166,UPI,Regular,4.8,Cafe
O3361,C759,25,D414,R30,"Pizza Hut","Mumbai B5",Mumbai,2024-05-13,Veg,245,39,40,244,Card,Premium,3.1,"Casual Dining"
O3362,C1134,39,D343,R230,KFC,"Delhi B7",Delhi,2023-04-25,Veg,928,48,81,895,UPI,Occasional,4.7,"Casual Dining"
O3363,C6,58,D806,R12,"Biryani House","Bangalore B7",Bangalore,2023-06-06,Veg,526,43,79,490,Card,Regular,4.8,"Casual Dining"
O3364,C1106,26,D537,R188,KFC,"Bangalore B1",Bangalore,2023-07-13,Non-Veg,972,51,63,960,Card,Regular,3.5,Cafe
O3365,C154,28,D972,R55,"Pizza Hut","Delhi B3",Delhi,2024-05-23,Veg,634,50,26,658,UPI,Occasional,4.6,"Casual Dining"
O3366,C1586,27,D307,R103,"Pizza Hut","Hyderabad B1",Hyderabad,2023-12-26,Non-Veg,365,25,78,312,UPI,Occasional,4.4,Cafe
O3367,C1465,58,D196,R325,KFC,"Hyderabad B4",Hyderabad,2024-07-11,Non-Veg,489,45,117,417,Cash,Premium,4.6,"Casual Dining"
O3368,C1168,30,D869,R77,KFC,"Delhi B6",Delhi,2024-02-15,Non-Veg,624,34,139,519,Card,Regular,4.8,"Casual Dining"
O3369,C1869,30,D490,R338,McDonalds,"Hyderabad B8",Hyderabad,2024-09-07,Non-Veg,929,47,103,873,Cash,Premium,4.5,"Casual Dining"
O3370,C1553,31,D518,R145,McDonalds,"Pune B4",Pune,2024-02-26,Veg,940,53,137,856,Cash,Occasional,4.8,"Fast Food"
O3371,C973,25,D946,R299,"Pizza Hut","Pune B3",Pune,2024-06-30,Non-Veg,204,42,148,98,Cash,Occasional,3.6,Cafe
O3372,C1310,28,D817,R139,KFC,"Mumbai B6",Mumbai,2024-01-26,Non-Veg,870,47,18,899,Cash,Occasional,4,"Casual Dining"
O3373,C761,28,D712,R107,KFC,"Pune B4",Pune,2023-08-17,Non-Veg,486,45,73,458,Cash,Premium,4.6,"Casual Dining"
O3374,C817,36,D537,R364,"Pizza Hut","Bangalore B5",Bangalore,2023-05-01,Non-Veg,467,22,0,489,Cash,Regular,3.5,Cafe
O3375,C1853,33,D812,R307,KFC,"Bangalore B6",Bangalore,2023-03-15,Non-Veg,462,46,67,441,UPI,Premium,4.1,Cafe
O3376,C39,32,D685,R289,KFC,"Delhi B8",Delhi,2024-02-10,Veg,556,59,24,591,UPI,Regular,4.8,"Fast Food"
O3377,C1766,28,D558,R278,Dominos,"Bangalore B1",Bangalore,2024-07-02,Non-Veg,447,59,9,497,Cash,Regular,4.5,Cafe
O3378,C1175,61,D921,R84,"Biryani House","Bangalore B8",Bangalore,2024-02-12,Non-Veg,858,41,62,837,Cash,Premium,3.5,Cafe
O3379,C1873,31,D463,R18,McDonalds,"Pune B5",Pune,2023-04-21,Veg,862,60,73,849,Card,Premium,3.4,"Fast Food"
O3380,C1145,31,D435,R107,KFC,"Pune B4",Pune,2023-05-19,Non-Veg,587,60,40,607,Cash,Premium,3.7,"Casual Dining"
O3381,C476,40,D4,R62,McDonalds,"Pune B3",Pune,2024-07-01,Veg,281,56,9,328,UPI,Regular,3.4,Cafe
O3382,C929,30,D925,R78,"Pizza Hut","Pune B1",Pune,2023-11-30,Non-Veg,443,26,68,401,Cash,Premium,3.3,"Fast Food"
O3383,C422,39,D999,R294,"Biryani House","Hyderabad B1",Hyderabad,2024-02-29,Veg,436,21,91,366,UPI,Premium,3.3,"Casual Dining"
O3384,C861,32,D875,R359,McDonalds,"Mumbai B9",Mumbai,2024-04-04,Veg,770,39,88,721,Cash,Regular,4.2,"Fast Food"
O3385,C1634,32,D278,R234,"Biryani House","Delhi B2",Delhi,2024-06-25,Non-Veg,632,47,45,634,UPI,Regular,4.2,"Fast Food"
O3386,C664,28,D324,R306,McDonalds,"Hyderabad B1",Hyderabad,2023-09-19,Non-Veg,432,35,53,414,Cash,Occasional,3.9,Cafe
O3387,C175,29,D293,R246,"Biryani House","Delhi B1",Delhi,2023-08-29,Non-Veg,777,20,49,748,Cash,Premium,3.8,"Fast Food"
O3388,C1846,34,D811,R9,"Pizza Hut","Hyderabad B2",Hyderabad,2023-12-21,Non-Veg,562,25,47,540,Card,Premium,4,"Fast Food"
O3389,C1404,38,D754,R392,"Biryani House","Mumbai B2",Mumbai,2024-05-21,Veg,233,40,113,160,UPI,Regular,4.8,"Casual Dining"
O3390,C912,60,D135,R183,"Biryani House","Pune B3",Pune,2024-01-15,Veg,882,43,46,879,Cash,Premium,4.2,"Fast Food"
O3391,C1830,31,D855,R53,KFC,"Hyderabad B5",Hyderabad,2023-08-09,Non-Veg,772,53,110,715,Cash,Occasional,3.8,"Fast Food"
O3392,C711,41,D240,R159,Dominos,"Hyderabad B9",Hyderabad,2023-10-17,Non-Veg,283,53,53,283,Cash,Regular,4.6,"Casual Dining"
O3393,C379,30,D801,R3,"Pizza Hut","Pune B8",Pune,2023-04-11,Veg,985,36,3,1018,Cash,Occasional,3.1,"Casual Dining"
O3394,C1451,39,D702,R125,"Pizza Hut","Delhi B2",Delhi,2024-02-23,Veg,380,46,20,406,Cash,Regular,3.6,"Casual Dining"
O3395,C504,33,D784,R100,"Pizza Hut","Pune B3",Pune,2023-11-07,Non-Veg,667,49,44,672,Cash,Occasional,4.9,"Fast Food"
O3396,C1708,28,D500,R288,"Biryani House","Pune B1",Pune,2024-01-07,Non-Veg,675,31,114,592,UPI,Regular,3.8,Cafe
O3397,C394,39,D70,R372,"Pizza Hut","Bangalore B6",Bangalore,2023-05-15,Veg,577,38,97,518,Cash,Regular,4.4,"Casual Dining"
O3398,C1785,36,D777,R160,Dominos,"Pune B1",Pune,2023-08-25,Non-Veg,746,60,38,768,UPI,Premium,4.5,"Casual Dining"
O3399,C303,45,D308,R355,KFC,"Bangalore B4",Bangalore,2023-03-07,Non-Veg,314,45,68,291,Cash,Premium,4.7,Cafe
O3400,C1476,36,D719,R228,McDonalds,"Delhi B6",Delhi,2024-03-17,Non-Veg,633,57,131,559,UPI,Regular,3.6,Cafe
O3401,C370,27,D746,R309,McDonalds,"Hyderabad B6",Hyderabad,2023-11-20,Veg,986,36,56,966,Cash,Occasional,4.7,Cafe
O3402,C721,29,D352,R43,"Pizza Hut","Hyderabad B5",Hyderabad,2024-02-08,Veg,588,53,16,625,UPI,Occasional,4.7,"Fast Food"
O3403,C1543,33,D62,R388,Dominos,"Mumbai B9",Mumbai,2023-07-21,Non-Veg,346,52,67,331,Cash,Regular,4.2,"Casual Dining"
O3404,C620,48,D906,R160,Dominos,"Pune B1",Pune,2024-06-08,Veg,686,42,52,676,UPI,Regular,3.5,"Casual Dining"
O3405,C1071,56,D974,R151,"Biryani House","Hyderabad B10",Hyderabad,2024-09-27,Veg,677,58,148,587,UPI,Regular,3.1,"Fast Food"
O3406,C36,51,D133,R17,"Biryani House","Delhi B10",Delhi,2023-06-23,Non-Veg,814,34,11,837,UPI,Premium,4.3,Cafe
O3407,C659,52,D568,R236,Dominos,"Hyderabad B9",Hyderabad,2023-12-14,Veg,316,27,81,262,UPI,Occasional,3.8,"Fast Food"
O3408,C1136,40,D213,R45,KFC,"Delhi B2",Delhi,2023-01-27,Non-Veg,824,28,11,841,Cash,Regular,3.2,Cafe
O3409,C1250,35,D746,R280,McDonalds,"Hyderabad B10",Hyderabad,2024-02-26,Non-Veg,510,35,117,428,UPI,Regular,4.7,"Fast Food"
O3410,C349,38,D564,R221,KFC,"Hyderabad B2",Hyderabad,2023-07-04,Veg,559,47,96,510,Cash,Regular,3.6,"Casual Dining"
O3411,C823,38,D542,R295,"Biryani House","Pune B5",Pune,2024-06-08,Veg,293,49,5,337,UPI,Regular,4.5,Cafe
O3412,C1642,25,D211,R303,"Pizza Hut","Delhi B3",Delhi,2023-09-25,Non-Veg,882,20,109,793,UPI,Occasional,3.8,"Casual Dining"
O3413,C31,34,D931,R351,"Pizza Hut","Delhi B9",Delhi,2023-09-27,Non-Veg,420,48,26,442,UPI,Occasional,4.9,"Fast Food"
O3414,C1322,66,D737,R17,"Biryani House","Delhi B10",Delhi,2023-09-23,Veg,615,59,139,535,UPI,Occasional,4.9,Cafe
O3415,C1353,22,D109,R103,"Pizza Hut","Hyderabad B1",Hyderabad,2024-06-06,Veg,310,36,23,323,UPI,Occasional,3.2,Cafe
O3416,C390,25,D929,R287,McDonalds,"Bangalore B10",Bangalore,2023-09-13,Veg,231,20,136,115,UPI,Premium,4,Cafe
O3417,C167,37,D618,R3,"Pizza Hut","Pune B8",Pune,2023-12-26,Non-Veg,583,37,20,600,UPI,Occasional,4.4,"Casual Dining"
O3418,C4,40,D719,R377,"Biryani House","Delhi B1",Delhi,2024-01-22,Veg,818,43,85,776,UPI,Regular,3.6,Cafe
O3419,C335,27,D348,R259,"Pizza Hut","Delhi B6",Delhi,2023-07-04,Veg,748,59,38,769,UPI,Occasional,4,"Casual Dining"
O3420,C530,32,D111,R392,"Biryani House","Mumbai B2",Mumbai,2023-12-05,Veg,322,22,105,239,Cash,Premium,4.6,"Casual Dining"
O3421,C909,34,D231,R397,"Pizza Hut","Pune B6",Pune,2023-05-29,Non-Veg,488,46,69,465,UPI,Regular,4.4,Cafe
O3422,C1090,30,D44,R225,KFC,"Bangalore B7",Bangalore,2023-07-26,Veg,329,44,120,253,Cash,Premium,3.5,Cafe
O3423,C1482,30,D168,R218,McDonalds,"Pune B2",Pune,2023-08-27,Veg,269,55,8,316,Card,Regular,3.1,"Fast Food"
O3424,C37,54,D615,R333,Dominos,"Pune B1",Pune,2023-06-16,Non-Veg,941,52,1,992,UPI,Premium,4,"Fast Food"
O3425,C169,26,D140,R214,"Pizza Hut","Mumbai B3",Mumbai,2023-09-10,Veg,963,50,39,974,Cash,Premium,3.2,"Fast Food"
O3426,C766,32,D566,R75,Dominos,"Pune B10",Pune,2024-04-05,Veg,470,41,26,485,UPI,Regular,3.6,Cafe
O3427,C661,30,D890,R298,Dominos,"Pune B5",Pune,2023-09-30,Non-Veg,944,28,125,847,UPI,Premium,3.2,"Casual Dining"
O3428,C972,37,D543,R395,McDonalds,"Hyderabad B6",Hyderabad,2024-02-13,Veg,498,36,139,395,UPI,Regular,4.7,"Fast Food"
O3429,C1439,39,D655,R95,KFC,"Pune B2",Pune,2024-02-18,Non-Veg,649,35,15,669,UPI,Premium,3.6,"Fast Food"
O3430,C1632,39,D834,R307,KFC,"Bangalore B6",Bangalore,2023-07-24,Non-Veg,611,22,27,606,UPI,Regular,4.1,Cafe
O3431,C1028,30,D179,R201,KFC,"Hyderabad B8",Hyderabad,2024-01-12,Veg,418,59,82,395,Cash,Premium,3.1,Cafe
O3432,C1135,30,D471,R345,KFC,"Mumbai B2",Mumbai,2024-03-14,Non-Veg,485,26,91,420,UPI,Regular,4.3,Cafe
O3433,C1715,36,D134,R344,KFC,"Delhi B8",Delhi,2023-08-21,Non-Veg,212,40,55,197,Cash,Premium,4.7,"Fast Food"
O3434,C1621,29,D420,R16,McDonalds,"Hyderabad B9",Hyderabad,2023-06-26,Non-Veg,493,32,73,452,UPI,Occasional,4.4,"Fast Food"
O3435,C928,67,D959,R14,Dominos,"Pune B7",Pune,2024-01-18,Non-Veg,831,49,56,824,UPI,Regular,4.4,Cafe
O3436,C852,36,D341,R315,Dominos,"Bangalore B10",Bangalore,2024-01-02,Non-Veg,834,51,16,869,UPI,Regular,3.2,Cafe
O3437,C1648,38,D429,R309,McDonalds,"Hyderabad B6",Hyderabad,2024-06-22,Veg,927,46,67,906,Card,Premium,3.1,Cafe
O3438,C154,31,D401,R289,KFC,"Delhi B8",Delhi,2024-04-04,Non-Veg,953,32,144,841,UPI,Occasional,3.5,"Fast Food"
O3439,C1797,29,D907,R263,KFC,"Hyderabad B3",Hyderabad,2023-12-24,Veg,467,45,140,372,UPI,Occasional,4.9,Cafe
O3440,C1396,35,D733,R246,"Biryani House","Delhi B1",Delhi,2023-12-01,Veg,223,35,79,179,Card,Premium,4.9,"Fast Food"
O3441,C864,30,D995,R357,Dominos,"Pune B7",Pune,2024-06-06,Veg,645,57,63,639,UPI,Occasional,3.1,"Casual Dining"
O3442,C1276,40,D271,R174,Dominos,"Pune B8",Pune,2024-01-14,Veg,834,30,73,791,UPI,Regular,3.6,Cafe
O3443,C997,28,D925,R379,Dominos,"Pune B6",Pune,2024-02-04,Non-Veg,755,58,106,707,Cash,Premium,3.3,"Fast Food"
O3444,C251,30,D9,R329,"Biryani House","Mumbai B1",Mumbai,2024-05-03,Non-Veg,454,21,146,329,UPI,Regular,4.6,Cafe
O3445,C931,38,D564,R312,KFC,"Hyderabad B7",Hyderabad,2023-10-14,Veg,531,42,55,518,Cash,Regular,3.6,"Casual Dining"
O3446,C1342,38,D344,R174,Dominos,"Pune B8",Pune,2024-01-18,Veg,924,24,8,940,UPI,Regular,3.3,Cafe
O3447,C857,43,D695,R105,"Pizza Hut","Hyderabad B10",Hyderabad,2023-01-31,Non-Veg,990,40,107,923,Cash,Occasional,4.1,"Casual Dining"
O3448,C1669,37,D174,R374,KFC,"Pune B5",Pune,2023-04-02,Non-Veg,663,44,143,564,Cash,Premium,4.2,"Casual Dining"
O3449,C134,38,D390,R125,"Pizza Hut","Delhi B2",Delhi,2023-11-21,Non-Veg,964,24,127,861,UPI,Occasional,4.6,"Casual Dining"
O3450,C622,33,D419,R175,KFC,"Bangalore B7",Bangalore,2023-03-31,Veg,293,33,121,205,Cash,Premium,4.9,Cafe
O3451,C1275,40,D859,R85,KFC,"Bangalore B1",Bangalore,2024-01-19,Non-Veg,355,50,86,319,Cash,Premium,3.9,"Fast Food"
O3452,C947,33,D505,R97,KFC,"Mumbai B10",Mumbai,2023-09-01,Veg,493,26,140,379,Cash,Occasional,4,Cafe
O3453,C1875,28,D728,R224,KFC,"Hyderabad B7",Hyderabad,2024-05-25,Veg,948,47,111,884,UPI,Premium,3.1,"Fast Food"
O3454,C1594,36,D986,R39,KFC,"Mumbai B7",Mumbai,2024-02-26,Non-Veg,560,56,103,513,Cash,Regular,3.2,"Casual Dining"
O3455,C1945,26,D9,R102,McDonalds,"Mumbai B6",Mumbai,2024-06-03,Veg,302,36,58,280,Card,Premium,4.6,Cafe
O3456,C1537,30,D78,R385,"Biryani House","Hyderabad B4",Hyderabad,2023-12-10,Non-Veg,537,54,32,559,UPI,Occasional,3.6,"Casual Dining"
O3457,C465,52,D432,R74,McDonalds,"Mumbai B3",Mumbai,2024-08-08,Veg,858,33,76,815,Cash,Regular,3.7,"Casual Dining"
O3458,C1486,64,D824,R287,McDonalds,"Bangalore B10",Bangalore,2024-03-21,Veg,335,56,127,264,UPI,Regular,3.5,Cafe
O3459,C1310,39,D363,R6,Dominos,"Mumbai B4",Mumbai,2023-06-23,Non-Veg,774,43,11,806,Cash,Occasional,3.5,Cafe
O3460,C625,37,D67,R276,"Pizza Hut","Hyderabad B9",Hyderabad,2024-07-04,Veg,740,53,139,654,UPI,Regular,4.1,Cafe
O3461,C50,31,D192,R151,"Biryani House","Hyderabad B10",Hyderabad,2023-12-29,Veg,624,56,44,636,UPI,Premium,4.9,"Fast Food"
O3462,C873,18,D724,R41,McDonalds,"Mumbai B6",Mumbai,2024-03-13,Veg,709,25,140,594,Card,Regular,4.6,Cafe
O3463,C1025,27,D663,R146,McDonalds,"Mumbai B4",Mumbai,2023-10-10,Veg,362,48,46,364,UPI,Premium,3,"Fast Food"
O3464,C86,33,D840,R114,"Biryani House","Bangalore B2",Bangalore,2023-07-16,Non-Veg,434,27,33,428,Cash,Regular,4.4,"Fast Food"
O3465,C740,34,D792,R369,"Biryani House","Delhi B4",Delhi,2024-05-22,Veg,695,54,88,661,UPI,Premium,4,Cafe
O3466,C956,34,D251,R374,KFC,"Pune B5",Pune,2023-09-14,Veg,373,26,82,317,Cash,Premium,3.5,"Casual Dining"
O3467,C489,32,D47,R297,KFC,"Bangalore B3",Bangalore,2023-11-02,Veg,491,49,23,517,Cash,Premium,4.5,Cafe
O3468,C886,39,D405,R380,"Pizza Hut","Hyderabad B4",Hyderabad,2023-04-03,Non-Veg,699,31,111,619,UPI,Regular,4.4,"Casual Dining"
O3469,C1514,37,D724,R301,Dominos,"Mumbai B5",Mumbai,2024-01-28,Veg,477,32,146,363,Cash,Regular,4.6,Cafe
O3470,C1708,35,D143,R145,McDonalds,"Pune B4",Pune,2023-12-09,Veg,764,24,19,769,Cash,Regular,4.3,"Fast Food"
O3471,C1140,26,D605,R260,KFC,"Mumbai B1",Mumbai,2024-06-01,Veg,827,41,144,724,Cash,Premium,4.7,Cafe
O3472,C1429,37,D193,R299,"Pizza Hut","Pune B3",Pune,2024-07-30,Non-Veg,437,48,143,342,UPI,Occasional,4.2,Cafe
O3473,C705,25,D841,R167,McDonalds,"Bangalore B5",Bangalore,2024-03-02,Non-Veg,616,56,78,594,Cash,Regular,5,"Fast Food"
O3474,C679,37,D976,R158,"Biryani House","Delhi B8",Delhi,2023-04-14,Non-Veg,725,55,106,674,UPI,Premium,4.3,"Fast Food"
O3475,C408,34,D604,R379,Dominos,"Pune B6",Pune,2023-05-24,Non-Veg,813,25,112,726,UPI,Occasional,3.4,"Fast Food"
O3476,C1522,28,D598,R324,McDonalds,"Pune B8",Pune,2023-12-04,Veg,788,47,137,698,Cash,Regular,3.1,"Casual Dining"
O3477,C809,59,D294,R253,McDonalds,"Bangalore B10",Bangalore,2024-01-12,Non-Veg,319,35,2,352,UPI,Occasional,4.9,"Fast Food"
O3478,C795,25,D310,R285,"Pizza Hut","Hyderabad B9",Hyderabad,2023-04-07,Veg,977,59,82,954,UPI,Regular,3.8,"Fast Food"
O3479,C640,39,D311,R280,McDonalds,"Hyderabad B10",Hyderabad,2024-01-19,Veg,633,32,17,648,UPI,Regular,3.4,"Fast Food"
O3480,C1066,34,D611,R266,"Pizza Hut","Bangalore B9",Bangalore,2024-03-13,Veg,655,21,76,600,UPI,Occasional,3.3,"Casual Dining"
O3481,C296,33,D545,R237,Dominos,"Mumbai B2",Mumbai,2023-11-24,Non-Veg,434,35,149,320,UPI,Regular,4.5,"Fast Food"
O3482,C423,30,D650,R238,"Biryani House","Bangalore B4",Bangalore,2023-10-16,Non-Veg,986,58,88,956,Cash,Occasional,4.4,"Fast Food"
O3483,C61,19,D83,R316,McDonalds,"Bangalore B3",Bangalore,2023-08-22,Non-Veg,988,41,91,938,UPI,Occasional,5,"Casual Dining"
O3484,C1176,25,D597,R251,Dominos,"Delhi B10",Delhi,2024-01-24,Non-Veg,933,46,4,975,Cash,Occasional,4.9,"Casual Dining"
O3485,C1267,37,D679,R69,"Pizza Hut","Bangalore B6",Bangalore,2023-09-18,Non-Veg,782,41,136,687,UPI,Regular,3.6,Cafe
O3486,C1611,25,D419,R284,"Pizza Hut","Bangalore B10",Bangalore,2023-07-03,Non-Veg,253,50,70,233,Cash,Premium,4.9,Cafe
O3487,C726,55,D539,R188,KFC,"Bangalore B1",Bangalore,2024-05-25,Non-Veg,808,52,34,826,UPI,Regular,4.2,Cafe
O3488,C1580,29,D258,R373,Dominos,"Mumbai B4",Mumbai,2023-10-02,Non-Veg,342,41,6,377,UPI,Regular,4,Cafe
O3489,C1046,31,D986,R226,"Pizza Hut","Mumbai B7",Mumbai,2024-07-17,Veg,901,57,126,832,UPI,Regular,3.2,"Casual Dining"
O3490,C316,34,D20,R175,KFC,"Bangalore B7",Bangalore,2023-12-27,Veg,392,39,147,284,Cash,Regular,3.1,Cafe
O3491,C1936,37,D6,R332,KFC,"Mumbai B10",Mumbai,2023-02-07,Veg,957,43,97,903,Cash,Occasional,3.2,"Fast Food"
O3492,C1625,30,D874,R40,McDonalds,"Mumbai B7",Mumbai,2023-12-28,Veg,692,23,59,656,UPI,Regular,3.6,"Casual Dining"
O3493,C719,56,D494,R348,Dominos,"Bangalore B4",Bangalore,2023-10-01,Veg,457,49,54,452,UPI,Premium,4.9,Cafe
O3494,C1872,40,D498,R50,"Biryani House","Hyderabad B5",Hyderabad,2024-01-02,Non-Veg,517,45,7,555,Card,Occasional,4.1,Cafe
O3495,C1130,28,D790,R306,McDonalds,"Hyderabad B1",Hyderabad,2024-02-16,Veg,923,41,138,826,UPI,Premium,5,Cafe
O3496,C678,31,D52,R117,Dominos,"Delhi B1",Delhi,2023-09-15,Non-Veg,622,45,40,627,UPI,Regular,4.2,Cafe
O3497,C1974,38,D569,R56,"Pizza Hut","Bangalore B7",Bangalore,2023-11-09,Veg,851,45,43,853,UPI,Premium,3.2,"Casual Dining"
O3498,C1431,38,D105,R186,"Pizza Hut","Delhi B5",Delhi,2024-06-28,Non-Veg,656,37,108,585,UPI,Premium,3.5,Cafe
O3499,C1628,34,D486,R202,"Biryani House","Pune B6",Pune,2023-08-13,Veg,774,24,37,761,Cash,Regular,5,"Casual Dining"
O3500,C1645,57,D326,R307,KFC,"Bangalore B6",Bangalore,2024-02-04,Veg,273,41,115,199,UPI,Premium,4.3,Cafe
O3501,C1936,27,D524,R232,Dominos,"Mumbai B9",Mumbai,2023-10-29,Non-Veg,856,55,49,862,Cash,Occasional,4.4,Cafe
O3502,C1435,25,D899,R66,Dominos,"Mumbai B5",Mumbai,2024-06-24,Veg,537,52,38,551,UPI,Premium,4.5,"Casual Dining"
O3503,C1623,33,D589,R43,"Pizza Hut","Hyderabad B5",Hyderabad,2023-10-16,Non-Veg,422,48,114,356,UPI,Premium,4.1,"Fast Food"
O3504,C1815,35,D298,R251,Dominos,"Delhi B10",Delhi,2024-01-08,Non-Veg,640,51,51,640,Cash,Occasional,4.8,"Casual Dining"
O3505,C1775,29,D336,R14,Dominos,"Pune B7",Pune,2023-07-27,Non-Veg,719,29,3,745,UPI,Premium,3.4,Cafe
O3506,C77,26,D700,R324,McDonalds,"Pune B8",Pune,2024-03-25,Non-Veg,455,52,92,415,UPI,Regular,4.9,"Casual Dining"
O3507,C1324,41,D21,R186,"Pizza Hut","Delhi B5",Delhi,2023-12-14,Non-Veg,871,34,146,759,UPI,Occasional,4.3,Cafe
O3508,C389,40,D29,R364,"Pizza Hut","Bangalore B5",Bangalore,2023-04-02,Non-Veg,490,28,105,413,Cash,Premium,4.7,Cafe
O3509,C999,35,D824,R349,"Pizza Hut","Bangalore B10",Bangalore,2023-09-15,Veg,609,59,121,547,UPI,Regular,3.5,Cafe
O3510,C1371,30,D206,R389,"Biryani House","Bangalore B7",Bangalore,2023-12-26,Non-Veg,206,25,143,88,UPI,Occasional,3.1,"Fast Food"
O3511,C607,36,D204,R122,"Pizza Hut","Bangalore B5",Bangalore,2024-03-04,Non-Veg,548,43,136,455,Cash,Regular,4.2,"Fast Food"
O3512,C64,47,D910,R167,McDonalds,"Bangalore B5",Bangalore,2024-01-19,Non-Veg,308,22,61,269,UPI,Regular,3.3,"Fast Food"
O3513,C1193,47,D157,R363,KFC,"Hyderabad B9",Hyderabad,2024-08-11,Veg,491,27,69,449,UPI,Premium,3.3,"Fast Food"
O3514,C1505,26,D483,R20,"Pizza Hut","Delhi B4",Delhi,2024-05-09,Non-Veg,308,36,144,200,UPI,Occasional,4.6,"Casual Dining"
O3515,C1541,29,D937,R149,"Biryani House","Bangalore B5",Bangalore,2024-01-25,Veg,558,41,1,598,Cash,Regular,3.5,"Casual Dining"
O3516,C892,30,D400,R224,KFC,"Hyderabad B7",Hyderabad,2023-11-20,Non-Veg,454,29,21,462,Cash,Regular,3.5,"Fast Food"
O3517,C1565,31,D196,R44,"Biryani House","Hyderabad B9",Hyderabad,2024-06-27,Veg,275,55,14,316,UPI,Regular,4.6,"Fast Food"
O3518,C248,38,D610,R200,McDonalds,"Pune B10",Pune,2024-03-30,Veg,459,28,135,352,Cash,Regular,5,Cafe
O3519,C1025,39,D499,R108,"Pizza Hut","Mumbai B4",Mumbai,2024-01-26,Non-Veg,722,37,17,742,Cash,Premium,3.8,"Casual Dining"
O3520,C1145,33,D684,R321,Dominos,"Pune B1",Pune,2023-08-08,Non-Veg,915,20,43,892,Cash,Premium,4.6,"Casual Dining"
O3521,C969,39,D158,R95,KFC,"Pune B2",Pune,2024-05-03,Veg,869,53,45,877,Cash,Premium,4.4,"Fast Food"
O3522,C1928,30,D648,R307,KFC,"Bangalore B6",Bangalore,2023-07-22,Non-Veg,788,49,52,785,UPI,Premium,3.5,Cafe
O3523,C490,34,D522,R34,KFC,"Mumbai B10",Mumbai,2023-08-25,Non-Veg,667,35,4,698,Cash,Regular,3.1,Cafe
O3524,C1987,19,D550,R48,"Pizza Hut","Mumbai B10",Mumbai,2024-01-31,Non-Veg,242,46,83,205,UPI,Occasional,5,"Casual Dining"
O3525,C1798,39,D942,R340,McDonalds,"Pune B3",Pune,2023-12-24,Veg,920,34,85,869,UPI,Premium,4.3,"Casual Dining"
O3526,C33,29,D234,R355,KFC,"Bangalore B4",Bangalore,2024-06-03,Veg,735,25,57,703,Cash,Occasional,4.3,Cafe
O3527,C1465,46,D804,R16,McDonalds,"Hyderabad B9",Hyderabad,2024-06-07,Non-Veg,604,39,51,592,Cash,Premium,4.8,"Fast Food"
O3528,C743,39,D738,R271,McDonalds,"Bangalore B2",Bangalore,2024-07-07,Non-Veg,523,25,42,506,UPI,Occasional,4.3,"Fast Food"
O3529,C1883,27,D756,R91,Dominos,"Bangalore B2",Bangalore,2023-08-13,Non-Veg,417,36,11,442,UPI,Premium,3.3,Cafe
O3530,C1085,60,D869,R250,McDonalds,"Delhi B8",Delhi,2023-10-16,Veg,803,25,56,772,Cash,Occasional,4.8,"Fast Food"
O3531,C421,35,D305,R256,Dominos,"Mumbai B5",Mumbai,2024-09-30,Veg,592,26,7,611,UPI,Occasional,3.8,"Fast Food"
O3532,C492,32,D906,R28,Dominos,"Pune B3",Pune,2023-11-05,Non-Veg,580,44,120,504,UPI,Premium,3.5,"Casual Dining"
O3533,C1382,26,D739,R143,"Biryani House","Mumbai B10",Mumbai,2023-07-06,Veg,907,40,116,831,Cash,Occasional,4.4,"Fast Food"
O3534,C1879,54,D952,R333,Dominos,"Pune B1",Pune,2023-08-09,Veg,207,42,102,147,Cash,Regular,4.1,"Fast Food"
O3535,C1181,34,D469,R279,"Pizza Hut","Delhi B4",Delhi,2023-09-22,Non-Veg,664,57,92,629,Cash,Regular,4.5,"Fast Food"
O3536,C566,26,D979,R74,McDonalds,"Mumbai B3",Mumbai,2024-01-29,Non-Veg,773,20,18,775,UPI,Occasional,3.1,"Casual Dining"
O3537,C1575,29,D335,R217,"Pizza Hut","Mumbai B4",Mumbai,2023-10-11,Non-Veg,540,31,132,439,UPI,Regular,3.9,"Fast Food"
O3538,C41,39,D197,R110,Dominos,"Delhi B1",Delhi,2024-05-19,Veg,859,23,42,840,Cash,Regular,3.6,"Fast Food"
O3539,C1890,26,D315,R327,Dominos,"Pune B8",Pune,2023-07-30,Non-Veg,765,41,36,770,Cash,Regular,3,Cafe
O3540,C15,40,D9,R378,"Biryani House","Mumbai B8",Mumbai,2024-03-28,Non-Veg,439,26,106,359,Cash,Regular,4.6,Cafe
O3541,C1883,33,D326,R257,Dominos,"Bangalore B3",Bangalore,2023-11-10,Veg,866,59,140,785,Cash,Premium,4.3,Cafe
O3542,C41,39,D685,R87,KFC,"Delhi B7",Delhi,2024-02-16,Non-Veg,662,53,123,592,Card,Regular,4.8,"Fast Food"
O3543,C1530,32,D289,R69,"Pizza Hut","Bangalore B6",Bangalore,2024-08-15,Veg,237,28,128,137,UPI,Premium,4.2,Cafe
O3544,C778,26,D26,R335,"Pizza Hut","Pune B6",Pune,2023-04-28,Non-Veg,996,37,126,907,UPI,Occasional,3.2,Cafe
O3545,C1075,30,D23,R291,"Biryani House","Delhi B3",Delhi,2023-03-05,Non-Veg,500,25,143,382,UPI,Occasional,4.4,Cafe
O3546,C550,68,D50,R259,"Pizza Hut","Delhi B6",Delhi,2024-02-24,Veg,975,33,96,912,Cash,Regular,4.1,"Casual Dining"
O3547,C1776,27,D271,R160,Dominos,"Pune B1",Pune,2023-09-25,Non-Veg,815,57,92,780,UPI,Occasional,3.6,"Casual Dining"
O3548,C1438,30,D344,R95,KFC,"Pune B2",Pune,2024-03-28,Non-Veg,446,21,35,432,UPI,Premium,3.3,"Fast Food"
O3549,C217,33,D381,R117,Dominos,"Delhi B1",Delhi,2023-12-16,Veg,963,33,90,906,UPI,Regular,3.1,Cafe
O3550,C505,40,D518,R374,KFC,"Pune B5",Pune,2024-01-09,Veg,807,36,9,834,UPI,Regular,4.8,"Casual Dining"
O3551,C1642,31,D293,R111,Dominos,"Delhi B7",Delhi,2023-03-12,Veg,705,34,65,674,Cash,Occasional,3.8,"Casual Dining"
O3552,C864,25,D208,R81,"Pizza Hut","Pune B7",Pune,2024-05-10,Veg,363,44,146,261,UPI,Occasional,3.1,"Fast Food"
O3553,C569,31,D610,R183,"Biryani House","Pune B3",Pune,2023-07-10,Non-Veg,880,57,32,905,Cash,Regular,5,"Fast Food"
O3554,C94,59,D424,R327,Dominos,"Pune B8",Pune,2024-10-03,Non-Veg,682,57,38,701,Cash,Premium,3.6,Cafe
O3555,C966,69,D31,R148,"Pizza Hut","Delhi B2",Delhi,2024-04-01,Veg,737,42,120,659,UPI,Premium,3.1,"Casual Dining"
O3556,C589,33,D560,R396,"Pizza Hut","Bangalore B8",Bangalore,2023-09-07,Veg,240,20,25,235,Cash,Premium,4.1,Cafe
O3557,C1968,35,D860,R62,McDonalds,"Pune B3",Pune,2023-06-03,Non-Veg,223,53,64,212,UPI,Occasional,3.4,Cafe
O3558,C741,35,D756,R315,Dominos,"Bangalore B10",Bangalore,2023-12-14,Non-Veg,734,41,122,653,UPI,Occasional,3.3,Cafe
O3559,C442,27,D426,R197,Dominos,"Delhi B4",Delhi,2023-12-04,Veg,957,32,107,882,UPI,Occasional,3.4,"Casual Dining"
O3560,C293,62,D984,R383,"Pizza Hut","Bangalore B4",Bangalore,2023-12-16,Non-Veg,282,24,32,274,UPI,Occasional,3.2,"Fast Food"
O3561,C1521,35,D268,R380,"Pizza Hut","Hyderabad B4",Hyderabad,2023-10-12,Veg,520,38,16,542,UPI,Occasional,3.5,"Casual Dining"
O3562,C223,25,D896,R44,"Biryani House","Hyderabad B9",Hyderabad,2023-02-20,Veg,924,54,39,939,Cash,Occasional,4.3,"Fast Food"
O3563,C1136,32,D269,R398,"Biryani House","Delhi B7",Delhi,2024-03-09,Non-Veg,339,32,46,325,Cash,Regular,3.3,"Casual Dining"
O3564,C793,66,D71,R348,Dominos,"Bangalore B4",Bangalore,2024-02-28,Veg,802,36,21,817,UPI,Occasional,3.9,Cafe
O3565,C206,28,D181,R30,"Pizza Hut","Mumbai B5",Mumbai,2023-05-07,Veg,534,35,91,478,UPI,Occasional,3.5,"Casual Dining"
O3566,C1400,29,D377,R262,McDonalds,"Mumbai B10",Mumbai,2024-06-22,Non-Veg,417,33,103,347,Cash,Regular,4.6,"Casual Dining"
O3567,C452,40,D209,R261,KFC,"Mumbai B3",Mumbai,2023-10-09,Non-Veg,561,56,26,591,UPI,Regular,3.5,"Fast Food"
O3568,C1654,40,D684,R145,McDonalds,"Pune B4",Pune,2023-07-26,Non-Veg,787,34,15,806,UPI,Premium,4.6,"Fast Food"
O3569,C1275,52,D187,R84,"Biryani House","Bangalore B8",Bangalore,2023-08-01,Veg,728,38,126,640,Cash,Premium,4.3,Cafe
O3570,C1761,40,D40,R378,"Biryani House","Mumbai B8",Mumbai,2023-01-31,Veg,461,27,24,464,UPI,Premium,4.4,Cafe
O3571,C653,40,D234,R253,McDonalds,"Bangalore B10",Bangalore,2024-03-22,Non-Veg,765,30,96,699,Cash,Occasional,4.3,"Fast Food"
O3572,C620,54,D996,R172,"Biryani House","Pune B1",Pune,2023-08-13,Non-Veg,723,32,27,728,UPI,Regular,4.4,"Fast Food"
O3573,C1094,28,D412,R376,"Biryani House","Bangalore B4",Bangalore,2023-12-26,Veg,637,40,19,658,UPI,Regular,3.4,"Casual Dining"
O3574,C308,27,D266,R88,"Biryani House","Delhi B4",Delhi,2023-06-21,Veg,472,30,142,360,Cash,Premium,3.4,"Casual Dining"
O3575,C879,47,D444,R368,Dominos,"Bangalore B4",Bangalore,2024-07-07,Veg,896,57,76,877,UPI,Occasional,4.7,Cafe
O3576,C1465,53,D311,R46,"Biryani House","Hyderabad B4",Hyderabad,2023-09-10,Veg,939,57,138,858,UPI,Premium,3.4,"Fast Food"
O3577,C603,39,D740,R165,"Biryani House","Hyderabad B3",Hyderabad,2023-12-04,Veg,262,27,43,246,Cash,Premium,4.2,"Casual Dining"
O3578,C1589,30,D397,R122,"Pizza Hut","Bangalore B5",Bangalore,2023-10-06,Veg,787,31,56,762,UPI,Premium,3.2,"Fast Food"
O3579,C1829,20,D678,R59,"Biryani House","Bangalore B6",Bangalore,2023-09-09,Veg,571,56,118,509,UPI,Occasional,3.3,"Fast Food"
O3580,C1011,36,D228,R249,"Biryani House","Pune B9",Pune,2023-05-17,Veg,276,32,18,290,Cash,Occasional,3.5,"Casual Dining"
O3581,C1085,26,D793,R125,"Pizza Hut","Delhi B2",Delhi,2023-02-19,Non-Veg,531,32,110,453,UPI,Occasional,3.3,"Casual Dining"
O3582,C1099,31,D826,R178,"Pizza Hut","Delhi B4",Delhi,2023-09-30,Veg,618,44,36,626,Cash,Occasional,3.5,"Casual Dining"
O3583,C974,38,D22,R164,"Biryani House","Pune B5",Pune,2023-09-09,Non-Veg,926,49,65,910,UPI,Occasional,4.6,Cafe
O3584,C263,59,D364,R54,"Pizza Hut","Delhi B4",Delhi,2023-06-15,Non-Veg,784,59,0,843,Card,Premium,3.3,"Casual Dining"
O3585,C1101,40,D191,R103,"Pizza Hut","Hyderabad B1",Hyderabad,2023-10-26,Veg,340,27,141,226,UPI,Regular,3.4,Cafe
O3586,C1268,26,D652,R114,"Biryani House","Bangalore B2",Bangalore,2024-03-19,Veg,904,34,30,908,UPI,Premium,4.7,"Fast Food"
O3587,C1021,33,D117,R3,"Pizza Hut","Pune B8",Pune,2023-06-06,Veg,965,50,41,974,UPI,Occasional,3.5,"Casual Dining"
O3588,C1014,38,D296,R183,"Biryani House","Pune B3",Pune,2024-01-07,Non-Veg,573,44,121,496,UPI,Occasional,3.9,"Fast Food"
O3589,C1042,35,D764,R255,Dominos,"Pune B2",Pune,2024-03-11,Non-Veg,490,28,17,501,UPI,Occasional,4.3,Cafe
O3590,C1741,35,D449,R190,KFC,"Hyderabad B5",Hyderabad,2023-11-26,Veg,456,29,81,404,UPI,Occasional,4.3,Cafe
O3591,C1131,42,D621,R104,KFC,"Mumbai B4",Mumbai,2023-05-06,Veg,375,60,40,395,UPI,Premium,3.6,Cafe
O3592,C273,66,D981,R386,"Pizza Hut","Mumbai B3",Mumbai,2023-10-27,Veg,832,53,118,767,UPI,Occasional,3.3,"Casual Dining"
O3593,C1377,32,D972,R158,"Biryani House","Delhi B8",Delhi,2024-06-14,Veg,708,57,144,621,UPI,Occasional,4.6,"Fast Food"
O3594,C1737,34,D999,R285,"Pizza Hut","Hyderabad B9",Hyderabad,2024-02-11,Non-Veg,445,47,93,399,UPI,Regular,3.3,"Fast Food"
O3595,C204,39,D577,R313,KFC,"Hyderabad B6",Hyderabad,2024-06-04,Non-Veg,677,59,121,615,UPI,Occasional,3.3,Cafe
O3596,C273,29,D770,R22,"Biryani House","Mumbai B4",Mumbai,2024-02-19,Non-Veg,541,36,36,541,Card,Occasional,3.8,Cafe
O3597,C1984,65,D751,R111,Dominos,"Delhi B7",Delhi,2023-10-28,Non-Veg,866,47,69,844,UPI,Regular,3.9,"Casual Dining"
O3598,C423,55,D537,R122,"Pizza Hut","Bangalore B5",Bangalore,2023-07-14,Veg,570,29,130,469,UPI,Occasional,3.5,"Fast Food"
O3599,C162,37,D497,R377,"Biryani House","Delhi B1",Delhi,2024-01-09,Veg,819,43,95,767,Cash,Regular,4.6,Cafe
O3600,C1569,39,D814,R269,KFC,"Hyderabad B4",Hyderabad,2023-05-07,Veg,645,32,93,584,Cash,Regular,4.9,"Casual Dining"
O3601,C105,32,D724,R106,Dominos,"Mumbai B10",Mumbai,2024-03-25,Non-Veg,551,52,129,474,Cash,Premium,4.6,"Fast Food"
O3602,C110,34,D93,R340,McDonalds,"Pune B3",Pune,2024-03-01,Veg,796,43,7,832,UPI,Regular,3.6,"Casual Dining"
O3603,C943,29,D454,R237,Dominos,"Mumbai B2",Mumbai,2024-03-16,Non-Veg,769,59,57,771,UPI,Occasional,3.8,"Fast Food"
O3604,C546,29,D701,R58,Dominos,"Hyderabad B2",Hyderabad,2023-09-12,Non-Veg,382,38,18,402,Cash,Regular,3.5,"Fast Food"
O3605,C10,21,D433,R306,McDonalds,"Hyderabad B1",Hyderabad,2024-04-01,Veg,776,37,33,780,UPI,Premium,3.9,Cafe
O3606,C163,38,D441,R212,"Biryani House","Bangalore B6",Bangalore,2023-10-19,Non-Veg,750,30,110,670,Cash,Regular,4.3,"Casual Dining"
O3607,C1066,25,D623,R35,McDonalds,"Bangalore B6",Bangalore,2024-01-10,Non-Veg,463,41,95,409,UPI,Occasional,3.7,"Casual Dining"
O3608,C111,31,D54,R262,McDonalds,"Mumbai B10",Mumbai,2023-04-01,Veg,932,59,86,905,UPI,Regular,4.6,"Casual Dining"
O3609,C26,32,D232,R222,Dominos,"Delhi B10",Delhi,2023-08-03,Non-Veg,867,57,124,800,UPI,Regular,3.8,Cafe
O3610,C657,31,D732,R179,McDonalds,"Hyderabad B8",Hyderabad,2023-12-26,Non-Veg,301,21,4,318,UPI,Regular,3.9,"Casual Dining"
O3611,C877,28,D722,R321,Dominos,"Pune B1",Pune,2024-08-15,Non-Veg,937,50,95,892,UPI,Occasional,3.7,"Casual Dining"
O3612,C1351,37,D304,R155,KFC,"Delhi B5",Delhi,2024-02-04,Non-Veg,600,41,135,506,Cash,Occasional,3.9,"Fast Food"
O3613,C1802,29,D718,R85,KFC,"Bangalore B1",Bangalore,2023-07-30,Veg,924,44,31,937,UPI,Occasional,4.9,"Fast Food"
O3614,C886,20,D49,R280,McDonalds,"Hyderabad B10",Hyderabad,2023-04-15,Veg,265,33,115,183,Cash,Regular,4.3,"Fast Food"
O3615,C1578,27,D541,R132,McDonalds,"Hyderabad B1",Hyderabad,2024-02-19,Veg,559,47,69,537,Cash,Occasional,4.4,Cafe
O3616,C73,25,D103,R394,McDonalds,"Pune B2",Pune,2024-02-14,Veg,807,23,150,680,UPI,Premium,3,"Fast Food"
O3617,C937,37,D998,R92,"Biryani House","Delhi B9",Delhi,2024-03-21,Veg,373,38,61,350,Cash,Regular,4.8,"Casual Dining"
O3618,C1745,40,D21,R178,"Pizza Hut","Delhi B4",Delhi,2024-01-08,Veg,922,38,32,928,Cash,Regular,4.3,"Casual Dining"
O3619,C1034,38,D656,R296,KFC,"Hyderabad B2",Hyderabad,2023-09-27,Non-Veg,211,20,123,108,Cash,Regular,4.8,Cafe
O3620,C888,33,D629,R52,McDonalds,"Bangalore B6",Bangalore,2023-04-30,Non-Veg,353,55,17,391,Cash,Premium,3.5,"Fast Food"
O3621,C1420,37,D221,R259,"Pizza Hut","Delhi B6",Delhi,2023-11-07,Non-Veg,617,34,0,651,UPI,Occasional,4.3,"Casual Dining"
O3622,C1611,40,D226,R383,"Pizza Hut","Bangalore B4",Bangalore,2023-12-01,Veg,344,22,26,340,UPI,Premium,4.1,"Fast Food"
O3623,C710,28,D787,R312,KFC,"Hyderabad B7",Hyderabad,2023-11-27,Non-Veg,495,40,111,424,UPI,Premium,3.7,"Casual Dining"
O3624,C1459,39,D998,R82,McDonalds,"Delhi B8",Delhi,2024-04-12,Non-Veg,394,45,43,396,UPI,Premium,4.8,"Casual Dining"
O3625,C1878,56,D586,R68,McDonalds,"Bangalore B4",Bangalore,2023-11-04,Non-Veg,390,42,146,286,UPI,Regular,4.3,Cafe
O3626,C1133,39,D914,R285,"Pizza Hut","Hyderabad B9",Hyderabad,2024-04-23,Non-Veg,836,31,101,766,Cash,Premium,3.5,"Fast Food"
O3627,C345,32,D746,R363,KFC,"Hyderabad B9",Hyderabad,2024-02-04,Veg,430,35,70,395,UPI,Occasional,4.7,"Fast Food"
O3628,C989,34,D532,R141,Dominos,"Delhi B6",Delhi,2024-07-21,Veg,561,59,42,578,Cash,Regular,3.4,"Fast Food"
O3629,C1791,27,D857,R361,KFC,"Pune B3",Pune,2024-06-27,Veg,634,25,6,653,Cash,Premium,3.8,Cafe
O3630,C997,34,D762,R202,"Biryani House","Pune B6",Pune,2023-08-22,Veg,349,53,149,253,Cash,Premium,4.9,"Casual Dining"
O3631,C809,32,D308,R277,Dominos,"Bangalore B6",Bangalore,2023-04-22,Veg,934,36,11,959,UPI,Occasional,4.7,"Casual Dining"
O3632,C895,36,D369,R388,Dominos,"Mumbai B9",Mumbai,2023-09-15,Veg,632,39,50,621,Cash,Occasional,4.6,"Casual Dining"
O3633,C896,40,D702,R92,"Biryani House","Delhi B9",Delhi,2024-02-28,Non-Veg,766,45,21,790,Cash,Occasional,3.6,"Casual Dining"
O3634,C46,66,D3,R320,"Pizza Hut","Mumbai B2",Mumbai,2023-10-15,Non-Veg,583,51,119,515,UPI,Regular,4.7,Cafe
O3635,C73,35,D946,R321,Dominos,"Pune B1",Pune,2023-10-09,Veg,364,47,126,285,UPI,Premium,3.6,"Casual Dining"
O3636,C676,25,D872,R314,McDonalds,"Pune B7",Pune,2023-05-31,Veg,664,49,129,584,UPI,Occasional,4.3,Cafe
O3637,C1392,30,D450,R184,KFC,"Bangalore B3",Bangalore,2023-09-21,Non-Veg,464,29,26,467,Cash,Occasional,4.7,"Casual Dining"
O3638,C753,40,D820,R21,Dominos,"Mumbai B1",Mumbai,2024-03-18,Veg,845,42,29,858,UPI,Occasional,4.7,"Fast Food"
O3639,C1673,28,D779,R217,"Pizza Hut","Mumbai B4",Mumbai,2023-06-22,Non-Veg,511,58,41,528,Cash,Occasional,3.3,"Fast Food"
O3640,C1819,30,D870,R379,Dominos,"Pune B6",Pune,2023-11-22,Veg,207,42,140,109,Cash,Occasional,4.6,"Fast Food"
O3641,C1175,27,D646,R277,Dominos,"Bangalore B6",Bangalore,2023-06-03,Non-Veg,625,41,120,546,UPI,Premium,4.8,"Casual Dining"
O3642,C1054,29,D220,R32,"Pizza Hut","Hyderabad B4",Hyderabad,2024-04-13,Veg,927,29,50,906,UPI,Premium,3.1,"Casual Dining"
O3643,C39,46,D225,R82,McDonalds,"Delhi B8",Delhi,2023-05-24,Veg,544,22,75,491,UPI,Regular,4.2,"Casual Dining"
O3644,C1414,29,D531,R202,"Biryani House","Pune B6",Pune,2024-02-05,Veg,221,48,131,138,UPI,Occasional,3.1,"Casual Dining"
O3645,C136,53,D533,R46,"Biryani House","Hyderabad B4",Hyderabad,2024-01-05,Non-Veg,489,47,21,515,Card,Premium,3.1,"Fast Food"
O3646,C1575,39,D878,R118,KFC,"Mumbai B4",Mumbai,2023-08-03,Veg,933,55,117,871,Cash,Regular,3.1,"Casual Dining"
O3647,C117,39,D179,R29,Dominos,"Hyderabad B2",Hyderabad,2023-12-21,Veg,645,58,11,692,Cash,Premium,3.1,"Fast Food"
O3648,C1209,29,D901,R159,Dominos,"Hyderabad B9",Hyderabad,2024-06-02,Non-Veg,951,30,101,880,Cash,Premium,4.4,"Casual Dining"
O3649,C1082,39,D726,R175,KFC,"Bangalore B7",Bangalore,2023-09-05,Veg,966,50,86,930,Cash,Occasional,3.6,Cafe
O3650,C232,40,D231,R393,"Pizza Hut","Pune B6",Pune,2023-06-14,Veg,637,21,30,628,UPI,Occasional,4.4,"Casual Dining"
O3651,C886,28,D549,R50,"Biryani House","Hyderabad B5",Hyderabad,2023-06-16,Non-Veg,808,20,83,745,UPI,Regular,4.6,Cafe
O3652,C1105,58,D423,R7,"Biryani House","Delhi B7",Delhi,2023-05-11,Veg,208,28,35,201,UPI,Premium,3.9,Cafe
O3653,C326,37,D780,R267,"Biryani House","Bangalore B9",Bangalore,2023-06-11,Non-Veg,657,43,23,677,UPI,Premium,4.2,"Casual Dining"
O3654,C30,35,D143,R11,"Biryani House","Pune B2",Pune,2023-12-10,Veg,541,28,99,470,UPI,Premium,4.3,"Fast Food"
O3655,C1158,37,D137,R325,KFC,"Hyderabad B4",Hyderabad,2023-10-05,Veg,333,31,39,325,UPI,Regular,4.7,"Casual Dining"
O3656,C172,28,D73,R214,"Pizza Hut","Mumbai B3",Mumbai,2023-09-11,Veg,562,57,2,617,UPI,Occasional,4.1,"Fast Food"
O3657,C764,38,D33,R77,KFC,"Delhi B6",Delhi,2023-12-03,Veg,872,32,62,842,UPI,Premium,3.3,"Casual Dining"
O3658,C1006,33,D926,R26,KFC,"Delhi B4",Delhi,2023-02-11,Veg,979,50,115,914,Cash,Premium,4.1,Cafe
O3659,C354,27,D823,R235,"Pizza Hut","Pune B9",Pune,2023-07-04,Veg,524,28,93,459,Cash,Occasional,3.7,"Fast Food"
O3660,C1034,20,D907,R196,"Biryani House","Hyderabad B5",Hyderabad,2023-07-23,Non-Veg,247,46,24,269,UPI,Regular,4.9,Cafe
O3661,C275,37,D466,R234,"Biryani House","Delhi B2",Delhi,2024-01-11,Non-Veg,913,52,64,901,UPI,Occasional,5,"Fast Food"
O3662,C1877,27,D909,R191,McDonalds,"Hyderabad B2",Hyderabad,2023-09-13,Non-Veg,841,39,19,861,Cash,Regular,4.9,Cafe
O3663,C437,27,D428,R143,"Biryani House","Mumbai B10",Mumbai,2024-07-05,Non-Veg,621,43,89,575,Cash,Occasional,3.4,"Fast Food"
O3664,C1728,26,D769,R264,"Pizza Hut","Mumbai B4",Mumbai,2024-03-26,Veg,399,26,70,355,UPI,Regular,3.6,Cafe
O3665,C598,39,D448,R245,"Pizza Hut","Mumbai B8",Mumbai,2024-04-29,Non-Veg,840,42,124,758,UPI,Regular,4.1,Cafe
O3666,C1266,29,D292,R396,"Pizza Hut","Bangalore B8",Bangalore,2023-07-21,Non-Veg,321,59,122,258,UPI,Regular,4.7,Cafe
O3667,C469,39,D897,R159,Dominos,"Hyderabad B9",Hyderabad,2023-11-10,Veg,658,43,75,626,Cash,Occasional,4.7,"Casual Dining"
O3668,C514,27,D683,R65,"Pizza Hut","Bangalore B6",Bangalore,2023-06-13,Veg,438,32,42,428,UPI,Occasional,5,"Fast Food"
O3669,C1052,38,D279,R195,"Pizza Hut","Hyderabad B9",Hyderabad,2024-06-03,Non-Veg,899,44,120,823,Cash,Occasional,4.9,Cafe
O3670,C91,38,D688,R167,McDonalds,"Bangalore B5",Bangalore,2024-05-28,Veg,689,43,56,676,Cash,Occasional,3.6,"Fast Food"
O3671,C117,32,D375,R190,KFC,"Hyderabad B5",Hyderabad,2024-02-14,Non-Veg,827,42,28,841,Cash,Premium,3.7,Cafe
O3672,C1227,24,D524,R61,"Pizza Hut","Mumbai B6",Mumbai,2023-11-29,Non-Veg,709,20,56,673,UPI,Occasional,4.4,"Fast Food"
O3673,C794,36,D909,R24,"Pizza Hut","Hyderabad B3",Hyderabad,2023-09-11,Veg,294,40,124,210,UPI,Occasional,4.9,"Fast Food"
O3674,C1602,54,D783,R273,McDonalds,"Mumbai B9",Mumbai,2023-02-10,Veg,874,39,26,887,UPI,Premium,4.9,"Fast Food"
O3675,C8,26,D497,R87,KFC,"Delhi B7",Delhi,2024-06-13,Non-Veg,515,33,125,423,UPI,Premium,4.6,"Fast Food"
O3676,C78,30,D919,R128,McDonalds,"Hyderabad B9",Hyderabad,2023-09-13,Non-Veg,759,43,7,795,UPI,Regular,5,"Fast Food"
O3677,C1799,30,D662,R28,Dominos,"Pune B3",Pune,2023-12-07,Non-Veg,805,24,102,727,UPI,Regular,3.3,"Casual Dining"
O3678,C1357,27,D465,R62,McDonalds,"Pune B3",Pune,2023-03-31,Non-Veg,416,30,116,330,Cash,Regular,4.3,Cafe
O3679,C1996,39,D188,R116,Dominos,"Delhi B9",Delhi,2023-07-16,Veg,452,41,26,467,Card,Regular,4.8,"Fast Food"
O3680,C1761,35,D583,R97,KFC,"Mumbai B10",Mumbai,2023-05-24,Veg,286,46,133,199,UPI,Premium,4.6,Cafe
O3681,C1483,34,D121,R175,KFC,"Bangalore B7",Bangalore,2024-04-04,Non-Veg,933,55,15,973,Card,Regular,3.5,Cafe
O3682,C845,27,D917,R295,"Biryani House","Pune B5",Pune,2024-08-04,Veg,710,34,26,718,Cash,Premium,3.6,Cafe
O3683,C1795,36,D144,R317,KFC,"Mumbai B6",Mumbai,2023-07-24,Non-Veg,941,60,125,876,UPI,Occasional,3.9,"Casual Dining"
O3684,C1469,56,D520,R230,KFC,"Delhi B7",Delhi,2023-10-18,Veg,778,42,18,802,Cash,Premium,4.2,"Casual Dining"
O3685,C1492,29,D681,R316,McDonalds,"Bangalore B3",Bangalore,2023-08-05,Veg,231,33,54,210,UPI,Premium,3.9,"Casual Dining"
O3686,C1835,37,D223,R3,"Pizza Hut","Pune B8",Pune,2023-12-12,Non-Veg,376,44,92,328,UPI,Premium,3.1,"Casual Dining"
O3687,C1584,26,D511,R17,"Biryani House","Delhi B10",Delhi,2024-06-21,Veg,499,50,20,529,UPI,Occasional,4.1,Cafe
O3688,C1400,27,D677,R146,McDonalds,"Mumbai B4",Mumbai,2023-12-16,Veg,914,48,29,933,UPI,Regular,4.2,"Fast Food"
O3689,C1426,26,D735,R140,"Pizza Hut","Pune B5",Pune,2024-08-22,Veg,393,54,43,404,Cash,Occasional,4.3,Cafe
O3690,C1349,33,D438,R344,KFC,"Delhi B8",Delhi,2023-09-24,Non-Veg,373,29,131,271,Cash,Occasional,4.2,"Fast Food"
O3691,C1174,26,D158,R241,"Pizza Hut","Pune B5",Pune,2024-04-14,Non-Veg,392,26,98,320,UPI,Occasional,4.4,Cafe
O3692,C1152,33,D873,R109,Dominos,"Bangalore B3",Bangalore,2024-01-31,Veg,784,39,113,710,Cash,Regular,3.7,Cafe
O3693,C1414,29,D743,R326,McDonalds,"Pune B7",Pune,2024-10-14,Veg,981,30,25,986,UPI,Occasional,4.7,"Casual Dining"
O3694,C1095,29,D487,R302,"Biryani House","Hyderabad B5",Hyderabad,2023-10-01,Non-Veg,443,42,69,416,Cash,Regular,3.6,"Fast Food"
O3695,C251,31,D852,R237,Dominos,"Mumbai B2",Mumbai,2024-01-05,Veg,293,35,110,218,UPI,Regular,5,"Fast Food"
O3696,C1912,25,D984,R362,Dominos,"Bangalore B2",Bangalore,2023-12-01,Non-Veg,262,24,80,206,UPI,Premium,3.2,Cafe
O3697,C1134,36,D713,R197,Dominos,"Delhi B4",Delhi,2024-03-31,Non-Veg,911,24,45,890,UPI,Occasional,3.5,"Casual Dining"
O3698,C1387,38,D342,R381,KFC,"Hyderabad B10",Hyderabad,2023-10-28,Non-Veg,879,59,125,813,UPI,Premium,4,"Fast Food"
O3699,C701,31,D178,R294,"Biryani House","Hyderabad B1",Hyderabad,2024-01-17,Veg,701,28,47,682,Card,Occasional,4,"Casual Dining"
O3700,C484,31,D566,R326,McDonalds,"Pune B7",Pune,2024-04-01,Non-Veg,879,24,40,863,Cash,Premium,3.6,"Casual Dining"
O3701,C1699,38,D784,R25,"Biryani House","Pune B4",Pune,2024-05-06,Non-Veg,469,27,16,480,UPI,Premium,4.9,"Fast Food"
O3702,C1335,31,D398,R79,McDonalds,"Delhi B4",Delhi,2024-02-24,Non-Veg,865,57,50,872,UPI,Premium,4.1,Cafe
O3703,C505,64,D867,R400,McDonalds,"Pune B4",Pune,2023-09-18,Non-Veg,529,50,56,523,Cash,Regular,4.2,"Fast Food"
O3704,C240,62,D316,R62,McDonalds,"Pune B3",Pune,2023-12-14,Non-Veg,302,53,148,207,Cash,Regular,4.3,Cafe
O3705,C1105,27,D398,R54,"Pizza Hut","Delhi B4",Delhi,2024-05-23,Non-Veg,713,41,63,691,UPI,Premium,4.1,"Casual Dining"
O3706,C1967,20,D541,R306,McDonalds,"Hyderabad B1",Hyderabad,2024-07-04,Veg,478,46,50,474,Card,Occasional,4.4,Cafe
O3707,C66,28,D777,R340,McDonalds,"Pune B3",Pune,2023-12-20,Non-Veg,744,56,83,717,UPI,Regular,4.5,"Casual Dining"
O3708,C1314,40,D138,R13,Dominos,"Delhi B8",Delhi,2023-12-30,Non-Veg,325,42,50,317,UPI,Premium,4.1,Cafe
O3709,C1929,33,D903,R266,"Pizza Hut","Bangalore B9",Bangalore,2024-04-10,Non-Veg,537,42,64,515,Cash,Premium,3.3,"Casual Dining"
O3710,C860,29,D24,R308,"Pizza Hut","Hyderabad B5",Hyderabad,2024-06-28,Veg,933,49,2,980,Cash,Regular,5,Cafe
O3711,C366,62,D482,R308,"Pizza Hut","Hyderabad B5",Hyderabad,2024-04-02,Veg,908,29,46,891,Cash,Regular,4.4,Cafe
O3712,C1978,36,D282,R86,Dominos,"Bangalore B8",Bangalore,2024-02-03,Non-Veg,995,52,70,977,Cash,Regular,3.6,Cafe
O3713,C826,27,D899,R392,"Biryani House","Mumbai B2",Mumbai,2024-03-28,Non-Veg,277,46,27,296,Cash,Premium,4.5,"Casual Dining"
O3714,C1215,41,D565,R329,"Biryani House","Mumbai B1",Mumbai,2023-07-22,Non-Veg,271,32,64,239,Cash,Occasional,4.7,Cafe
O3715,C1865,39,D514,R131,KFC,"Pune B7",Pune,2023-10-20,Non-Veg,894,29,84,839,Cash,Regular,3.9,Cafe
O3716,C168,33,D98,R245,"Pizza Hut","Mumbai B8",Mumbai,2023-10-26,Non-Veg,603,57,110,550,UPI,Occasional,4.4,Cafe
O3717,C1318,26,D320,R10,"Biryani House","Bangalore B7",Bangalore,2023-09-22,Veg,248,24,71,201,UPI,Regular,4.9,Cafe
O3718,C1973,35,D777,R131,KFC,"Pune B7",Pune,2023-10-28,Non-Veg,305,48,55,298,Cash,Regular,4.5,Cafe
O3719,C1988,39,D962,R331,"Biryani House","Bangalore B7",Bangalore,2024-01-24,Veg,973,53,142,884,Cash,Premium,4.5,"Casual Dining"
O3720,C976,48,D414,R94,"Pizza Hut","Mumbai B10",Mumbai,2023-10-31,Veg,249,34,16,267,Card,Premium,3.1,"Fast Food"
O3721,C1931,63,D193,R131,KFC,"Pune B7",Pune,2023-12-06,Veg,839,54,135,758,UPI,Premium,4.2,Cafe
O3722,C870,27,D540,R383,"Pizza Hut","Bangalore B4",Bangalore,2023-10-30,Non-Veg,744,46,10,780,UPI,Premium,5,"Fast Food"
O3723,C40,40,D837,R34,KFC,"Mumbai B10",Mumbai,2024-06-10,Non-Veg,620,43,44,619,UPI,Occasional,3.4,Cafe
O3724,C1402,38,D595,R98,KFC,"Delhi B2",Delhi,2023-12-22,Veg,804,50,148,706,UPI,Premium,3.4,"Fast Food"
O3725,C98,51,D52,R186,"Pizza Hut","Delhi B5",Delhi,2023-07-18,Veg,729,23,113,639,UPI,Occasional,4.2,Cafe
O3726,C102,27,D133,R111,Dominos,"Delhi B7",Delhi,2023-06-05,Veg,632,32,54,610,UPI,Premium,4.3,"Casual Dining"
O3727,C843,23,D200,R328,Dominos,"Bangalore B9",Bangalore,2023-11-27,Non-Veg,948,47,137,858,UPI,Occasional,3.9,"Casual Dining"
O3728,C28,28,D652,R362,Dominos,"Bangalore B2",Bangalore,2023-09-11,Veg,679,20,65,634,Cash,Occasional,4.7,Cafe
O3729,C793,29,D114,R354,McDonalds,"Bangalore B7",Bangalore,2023-07-26,Non-Veg,808,36,3,841,UPI,Occasional,3.2,"Fast Food"
O3730,C900,41,D685,R130,Dominos,"Delhi B3",Delhi,2023-11-20,Non-Veg,625,38,136,527,UPI,Occasional,4.8,"Casual Dining"
O3731,C653,20,D803,R337,KFC,"Bangalore B8",Bangalore,2024-07-17,Non-Veg,361,26,102,285,UPI,Occasional,4,"Fast Food"
O3732,C1913,25,D210,R164,"Biryani House","Pune B5",Pune,2023-05-26,Non-Veg,423,48,102,369,UPI,Occasional,3.3,Cafe
O3733,C1127,36,D993,R71,McDonalds,"Delhi B5",Delhi,2023-07-25,Non-Veg,847,20,140,727,UPI,Regular,4.4,"Fast Food"
O3734,C382,36,D167,R83,Dominos,"Delhi B2",Delhi,2024-07-08,Non-Veg,272,39,125,186,Cash,Premium,3.9,"Fast Food"
O3735,C1529,65,D941,R237,Dominos,"Mumbai B2",Mumbai,2024-07-23,Veg,928,39,32,935,Cash,Premium,3.2,"Fast Food"
O3736,C143,33,D991,R262,McDonalds,"Mumbai B10",Mumbai,2023-08-23,Non-Veg,616,25,99,542,UPI,Occasional,3.8,"Casual Dining"
O3737,C840,33,D86,R175,KFC,"Bangalore B7",Bangalore,2024-02-10,Non-Veg,341,30,133,238,UPI,Premium,4.5,Cafe
O3738,C1923,38,D527,R296,KFC,"Hyderabad B2",Hyderabad,2023-08-09,Non-Veg,910,34,120,824,UPI,Occasional,3,Cafe
O3739,C879,30,D575,R343,Dominos,"Bangalore B1",Bangalore,2023-05-27,Veg,324,32,18,338,Cash,Occasional,4.1,"Fast Food"
O3740,C1595,29,D234,R184,KFC,"Bangalore B3",Bangalore,2024-06-26,Non-Veg,712,24,60,676,UPI,Occasional,4.3,"Casual Dining"
O3741,C434,38,D419,R271,McDonalds,"Bangalore B2",Bangalore,2023-11-02,Non-Veg,430,54,128,356,UPI,Regular,4.9,"Fast Food"
O3742,C118,26,D933,R95,KFC,"Pune B2",Pune,2023-03-31,Veg,494,24,63,455,Cash,Occasional,4,"Fast Food"
O3743,C324,34,D355,R10,"Biryani House","Bangalore B7",Bangalore,2023-08-08,Non-Veg,785,40,50,775,UPI,Occasional,4.9,Cafe
O3744,C1034,39,D579,R16,McDonalds,"Hyderabad B9",Hyderabad,2023-03-31,Veg,625,38,149,514,Cash,Regular,3.5,"Fast Food"
O3745,C548,25,D874,R386,"Pizza Hut","Mumbai B3",Mumbai,2023-07-04,Non-Veg,844,49,42,851,UPI,Occasional,3.6,"Casual Dining"
O3746,C15,25,D295,R388,Dominos,"Mumbai B9",Mumbai,2024-04-13,Veg,315,26,23,318,Cash,Regular,3.1,"Casual Dining"
O3747,C1607,31,D481,R7,"Biryani House","Delhi B7",Delhi,2024-06-05,Non-Veg,482,26,97,411,UPI,Premium,4.9,Cafe
O3748,C1150,35,D710,R318,"Pizza Hut","Hyderabad B3",Hyderabad,2024-06-05,Veg,991,39,61,969,Cash,Premium,3.1,Cafe
O3749,C1894,26,D578,R165,"Biryani House","Hyderabad B3",Hyderabad,2023-09-13,Non-Veg,237,60,145,152,UPI,Regular,3,"Casual Dining"
O3750,C206,32,D885,R33,"Pizza Hut","Mumbai B10",Mumbai,2024-03-27,Veg,576,57,53,580,UPI,Occasional,3.1,Cafe
O3751,C972,38,D25,R215,Dominos,"Hyderabad B10",Hyderabad,2024-03-27,Non-Veg,289,52,141,200,UPI,Regular,3.1,"Fast Food"
O3752,C1041,30,D419,R328,Dominos,"Bangalore B9",Bangalore,2023-02-04,Veg,720,60,148,632,Cash,Premium,4.9,"Casual Dining"
O3753,C1688,40,D720,R46,"Biryani House","Hyderabad B4",Hyderabad,2024-01-27,Non-Veg,899,32,31,900,Card,Premium,4.9,"Fast Food"
O3754,C715,39,D104,R382,McDonalds,"Mumbai B8",Mumbai,2024-03-20,Veg,661,29,47,643,UPI,Regular,3.9,Cafe
O3755,C1486,69,D929,R163,"Biryani House","Bangalore B1",Bangalore,2023-10-23,Veg,820,38,47,811,UPI,Regular,4,"Fast Food"
O3756,C579,59,D683,R375,McDonalds,"Bangalore B3",Bangalore,2023-12-21,Non-Veg,924,27,23,928,Cash,Regular,5,"Fast Food"
O3757,C766,38,D314,R14,Dominos,"Pune B7",Pune,2024-04-04,Non-Veg,335,28,115,248,UPI,Regular,4.1,Cafe
O3758,C475,38,D753,R67,McDonalds,"Bangalore B4",Bangalore,2023-09-08,Non-Veg,932,20,3,949,Cash,Premium,3.8,"Fast Food"
O3759,C1723,31,D170,R325,KFC,"Hyderabad B4",Hyderabad,2023-04-25,Veg,516,47,65,498,Cash,Regular,4.6,"Casual Dining"
O3760,C596,34,D978,R223,McDonalds,"Bangalore B5",Bangalore,2023-04-09,Veg,609,25,66,568,UPI,Regular,4.8,"Fast Food"
O3761,C1665,38,D979,R392,"Biryani House","Mumbai B2",Mumbai,2024-02-25,Non-Veg,726,49,149,626,UPI,Premium,3.1,"Casual Dining"
O3762,C307,67,D356,R98,KFC,"Delhi B2",Delhi,2023-07-04,Veg,313,25,43,295,Cash,Occasional,4,"Fast Food"
O3763,C1847,29,D728,R313,KFC,"Hyderabad B6",Hyderabad,2024-06-07,Non-Veg,450,39,71,418,UPI,Premium,3.1,Cafe
O3764,C947,37,D847,R283,McDonalds,"Mumbai B7",Mumbai,2023-08-07,Veg,345,26,6,365,Card,Occasional,4.4,"Fast Food"
O3765,C655,70,D327,R290,"Biryani House","Pune B10",Pune,2023-06-23,Non-Veg,494,48,0,542,UPI,Regular,3.1,Cafe
O3766,C1473,34,D153,R36,"Biryani House","Delhi B6",Delhi,2023-09-01,Veg,201,33,21,213,UPI,Premium,3.9,Cafe
O3767,C1784,25,D329,R125,"Pizza Hut","Delhi B2",Delhi,2023-01-31,Non-Veg,576,30,67,539,UPI,Premium,3.3,"Casual Dining"
O3768,C723,48,D275,R306,McDonalds,"Hyderabad B1",Hyderabad,2024-07-10,Veg,975,60,75,960,UPI,Occasional,3.9,Cafe
O3769,C393,38,D55,R279,"Pizza Hut","Delhi B4",Delhi,2024-08-30,Non-Veg,927,55,10,972,UPI,Regular,4,"Fast Food"
O3770,C840,60,D60,R163,"Biryani House","Bangalore B1",Bangalore,2024-04-29,Non-Veg,908,52,43,917,UPI,Premium,3.3,"Fast Food"
O3771,C292,38,D95,R357,Dominos,"Pune B7",Pune,2023-12-18,Non-Veg,305,21,85,241,Cash,Regular,4.8,"Casual Dining"
O3772,C26,35,D438,R182,McDonalds,"Delhi B9",Delhi,2023-10-13,Veg,476,37,137,376,UPI,Regular,4.2,"Casual Dining"
O3773,C785,25,D937,R133,KFC,"Bangalore B9",Bangalore,2023-07-02,Veg,528,32,58,502,UPI,Premium,3.5,"Fast Food"
O3774,C1346,27,D539,R368,Dominos,"Bangalore B4",Bangalore,2024-06-20,Veg,896,24,102,818,Cash,Occasional,4.2,Cafe
O3775,C998,46,D686,R247,"Biryani House","Mumbai B8",Mumbai,2023-08-22,Veg,397,46,105,338,Cash,Premium,3.3,Cafe
O3776,C88,28,D943,R351,"Pizza Hut","Delhi B9",Delhi,2024-02-25,Non-Veg,287,56,97,246,UPI,Occasional,4.2,"Fast Food"
O3777,C261,33,D304,R36,"Biryani House","Delhi B6",Delhi,2024-06-07,Veg,785,43,50,778,Cash,Regular,3.9,Cafe
O3778,C852,58,D879,R287,McDonalds,"Bangalore B10",Bangalore,2024-02-29,Non-Veg,711,30,68,673,UPI,Regular,4.9,Cafe
O3779,C1518,38,D288,R387,KFC,"Pune B7",Pune,2023-11-01,Non-Veg,986,48,138,896,UPI,Premium,4.9,"Casual Dining"
O3780,C1146,37,D408,R255,Dominos,"Pune B2",Pune,2023-10-08,Non-Veg,404,37,100,341,UPI,Occasional,4,Cafe
O3781,C291,40,D48,R128,McDonalds,"Hyderabad B9",Hyderabad,2023-08-23,Veg,535,49,71,513,UPI,Regular,4.1,"Fast Food"
O3782,C632,33,D859,R366,McDonalds,"Bangalore B2",Bangalore,2024-10-10,Non-Veg,788,40,49,779,UPI,Regular,3.9,Cafe
O3783,C295,28,D188,R156,Dominos,"Delhi B5",Delhi,2023-05-21,Veg,858,34,122,770,Cash,Occasional,4.8,Cafe
O3784,C734,27,D879,R368,Dominos,"Bangalore B4",Bangalore,2024-06-11,Veg,235,36,129,142,UPI,Occasional,4.9,Cafe
O3785,C1522,37,D942,R357,Dominos,"Pune B7",Pune,2023-11-13,Veg,704,50,62,692,UPI,Regular,4.3,"Casual Dining"
O3786,C408,31,D743,R100,"Pizza Hut","Pune B3",Pune,2024-06-29,Veg,949,46,79,916,UPI,Occasional,4.7,"Fast Food"
O3787,C688,35,D579,R128,McDonalds,"Hyderabad B9",Hyderabad,2023-09-08,Non-Veg,809,53,46,816,Cash,Premium,3.5,"Fast Food"
O3788,C1854,30,D694,R134,"Biryani House","Delhi B8",Delhi,2023-07-24,Veg,337,27,5,359,Card,Occasional,3.4,Cafe
O3789,C1114,32,D855,R191,McDonalds,"Hyderabad B2",Hyderabad,2023-09-07,Veg,995,51,148,898,UPI,Occasional,3.8,Cafe
O3790,C934,28,D580,R1,Dominos,"Delhi B7",Delhi,2024-08-05,Non-Veg,367,56,59,364,Cash,Premium,4.5,"Casual Dining"
O3791,C1499,42,D98,R40,McDonalds,"Mumbai B7",Mumbai,2024-03-28,Veg,815,24,132,707,Cash,Premium,4.4,"Casual Dining"
O3792,C1568,39,D34,R24,"Pizza Hut","Hyderabad B3",Hyderabad,2023-07-21,Non-Veg,280,60,20,320,Cash,Premium,3.5,"Fast Food"
O3793,C1259,25,D387,R146,McDonalds,"Mumbai B4",Mumbai,2023-09-10,Veg,934,20,43,911,Cash,Premium,3.2,"Fast Food"
O3794,C550,38,D757,R197,Dominos,"Delhi B4",Delhi,2023-12-09,Veg,854,45,110,789,Cash,Regular,3.4,"Casual Dining"
O3795,C1537,26,D628,R9,"Pizza Hut","Hyderabad B2",Hyderabad,2024-01-20,Non-Veg,860,26,148,738,UPI,Occasional,3.9,"Fast Food"
O3796,C1248,68,D36,R298,Dominos,"Pune B5",Pune,2023-08-12,Non-Veg,357,35,63,329,UPI,Premium,4.5,"Casual Dining"
O3797,C776,28,D130,R164,"Biryani House","Pune B5",Pune,2024-04-30,Veg,931,60,1,990,UPI,Premium,3.5,Cafe
O3798,C221,29,D314,R127,KFC,"Pune B5",Pune,2023-10-06,Non-Veg,202,35,82,155,UPI,Occasional,4.1,"Fast Food"
O3799,C1664,28,D500,R25,"Biryani House","Pune B4",Pune,2024-03-21,Non-Veg,877,20,118,779,Cash,Regular,3.8,"Fast Food"
O3800,C789,36,D850,R253,McDonalds,"Bangalore B10",Bangalore,2023-08-29,Veg,650,59,134,575,UPI,Occasional,3.7,"Fast Food"
O3801,C1183,30,D848,R41,McDonalds,"Mumbai B6",Mumbai,2024-08-26,Veg,825,21,67,779,Cash,Regular,3.3,Cafe
O3802,C37,33,D598,R379,Dominos,"Pune B6",Pune,2023-10-14,Veg,973,49,18,1004,UPI,Premium,3.1,"Fast Food"
O3803,C792,25,D718,R323,"Pizza Hut","Bangalore B3",Bangalore,2023-10-24,Veg,698,52,124,626,UPI,Regular,4.9,"Casual Dining"
O3804,C1726,69,D363,R245,"Pizza Hut","Mumbai B8",Mumbai,2023-11-08,Non-Veg,688,42,68,662,Cash,Premium,3.5,Cafe
O3805,C307,27,D148,R304,McDonalds,"Delhi B1",Delhi,2023-07-11,Veg,569,26,116,479,UPI,Occasional,3.7,Cafe
O3806,C84,40,D710,R205,"Biryani House","Hyderabad B2",Hyderabad,2024-05-09,Non-Veg,612,54,63,603,UPI,Regular,3.1,"Fast Food"
O3807,C1215,67,D165,R373,Dominos,"Mumbai B4",Mumbai,2023-10-31,Veg,589,22,51,560,UPI,Occasional,4.9,Cafe
O3808,C1843,37,D305,R39,KFC,"Mumbai B7",Mumbai,2024-03-26,Veg,927,36,43,920,Cash,Premium,3.8,"Casual Dining"
O3809,C1416,39,D622,R137,McDonalds,"Mumbai B9",Mumbai,2023-09-20,Non-Veg,203,32,80,155,UPI,Occasional,4.8,"Casual Dining"
O3810,C799,25,D167,R291,"Biryani House","Delhi B3",Delhi,2024-04-03,Non-Veg,552,51,89,514,UPI,Occasional,3.9,Cafe
O3811,C643,29,D180,R281,"Pizza Hut","Mumbai B1",Mumbai,2024-02-10,Veg,628,44,42,630,UPI,Occasional,3.4,"Casual Dining"
O3812,C224,36,D152,R362,Dominos,"Bangalore B2",Bangalore,2023-06-25,Veg,750,36,19,767,Cash,Premium,5,Cafe
O3813,C1225,37,D647,R46,"Biryani House","Hyderabad B4",Hyderabad,2024-02-28,Non-Veg,451,33,54,430,Cash,Occasional,3.6,"Fast Food"
O3814,C1874,24,D508,R65,"Pizza Hut","Bangalore B6",Bangalore,2023-07-05,Veg,939,22,53,908,Cash,Regular,4,"Fast Food"
O3815,C1,36,D312,R305,Dominos,"Bangalore B1",Bangalore,2023-12-17,Veg,918,52,100,870,UPI,Occasional,3.5,"Fast Food"
O3816,C1136,47,D81,R234,"Biryani House","Delhi B2",Delhi,2024-01-12,Non-Veg,886,22,33,875,UPI,Regular,4.3,"Fast Food"
O3817,C565,33,D259,R239,McDonalds,"Pune B3",Pune,2023-12-02,Non-Veg,555,46,54,547,UPI,Premium,4.3,Cafe
O3818,C371,37,D752,R262,McDonalds,"Mumbai B10",Mumbai,2024-04-26,Non-Veg,520,32,41,511,UPI,Occasional,3.3,"Casual Dining"
O3819,C1182,40,D602,R45,KFC,"Delhi B2",Delhi,2024-03-26,Veg,354,45,57,342,UPI,Premium,3.8,Cafe
O3820,C869,33,D790,R44,"Biryani House","Hyderabad B9",Hyderabad,2024-02-26,Veg,238,30,51,217,Cash,Occasional,5,"Fast Food"
O3821,C969,36,D675,R81,"Pizza Hut","Pune B7",Pune,2023-06-23,Non-Veg,507,34,140,401,Cash,Premium,3.1,"Fast Food"
O3822,C1761,38,D253,R34,KFC,"Mumbai B10",Mumbai,2023-10-10,Veg,763,45,7,801,Cash,Premium,4.5,Cafe
O3823,C1916,40,D401,R8,"Biryani House","Delhi B3",Delhi,2024-02-02,Non-Veg,641,30,120,551,UPI,Occasional,3.5,"Casual Dining"
O3824,C1763,26,D159,R374,KFC,"Pune B5",Pune,2023-11-22,Non-Veg,826,21,113,734,Cash,Regular,4.9,"Casual Dining"
O3825,C454,29,D353,R46,"Biryani House","Hyderabad B4",Hyderabad,2023-06-28,Veg,640,42,16,666,UPI,Regular,4.7,"Fast Food"
O3826,C569,32,D288,R164,"Biryani House","Pune B5",Pune,2023-09-27,Veg,974,41,104,911,UPI,Regular,4.9,Cafe
O3827,C290,48,D73,R96,"Biryani House","Mumbai B4",Mumbai,2023-04-29,Veg,415,28,89,354,UPI,Regular,4.1,"Casual Dining"
O3828,C315,38,D151,R382,McDonalds,"Mumbai B8",Mumbai,2024-04-20,Non-Veg,654,32,88,598,UPI,Occasional,3.4,Cafe
O3829,C481,31,D716,R124,"Pizza Hut","Hyderabad B1",Hyderabad,2023-04-24,Veg,937,50,0,987,Cash,Regular,4.7,"Fast Food"
O3830,C930,32,D685,R54,"Pizza Hut","Delhi B4",Delhi,2023-12-18,Veg,795,53,72,776,Cash,Regular,4.8,"Casual Dining"
O3831,C1756,27,D546,R70,"Biryani House","Hyderabad B10",Hyderabad,2024-02-28,Non-Veg,504,35,15,524,Card,Premium,3.5,"Casual Dining"
O3832,C984,39,D443,R249,"Biryani House","Pune B9",Pune,2024-04-16,Veg,828,45,88,785,UPI,Premium,3.7,"Casual Dining"
O3833,C438,59,D253,R157,KFC,"Mumbai B3",Mumbai,2024-01-05,Non-Veg,227,43,129,141,UPI,Premium,4.5,Cafe
O3834,C270,37,D720,R276,"Pizza Hut","Hyderabad B9",Hyderabad,2024-04-02,Non-Veg,932,34,87,879,UPI,Regular,4.9,Cafe
O3835,C1735,35,D324,R224,KFC,"Hyderabad B7",Hyderabad,2024-02-15,Veg,865,42,81,826,Cash,Occasional,3.9,"Fast Food"
O3836,C330,38,D43,R66,Dominos,"Mumbai B5",Mumbai,2023-09-27,Non-Veg,406,54,49,411,UPI,Occasional,3.8,"Casual Dining"
O3837,C537,30,D128,R243,KFC,"Bangalore B10",Bangalore,2023-09-22,Veg,294,43,112,225,Cash,Regular,4.3,"Fast Food"
O3838,C611,27,D411,R183,"Biryani House","Pune B3",Pune,2023-09-13,Non-Veg,845,54,80,819,UPI,Premium,3.5,"Fast Food"
O3839,C554,32,D810,R263,KFC,"Hyderabad B3",Hyderabad,2024-08-17,Veg,898,36,141,793,UPI,Premium,4.2,Cafe
O3840,C914,31,D470,R296,KFC,"Hyderabad B2",Hyderabad,2023-09-29,Non-Veg,652,51,17,686,Cash,Regular,4.9,Cafe
O3841,C1408,32,D907,R308,"Pizza Hut","Hyderabad B5",Hyderabad,2023-06-22,Veg,542,46,32,556,UPI,Premium,4.9,Cafe
O3842,C1918,30,D426,R98,KFC,"Delhi B2",Delhi,2023-10-24,Non-Veg,662,23,108,577,Cash,Regular,3.4,"Fast Food"
O3843,C588,37,D18,R213,Dominos,"Mumbai B2",Mumbai,2024-07-12,Non-Veg,514,49,85,478,UPI,Occasional,4.4,Cafe
O3844,C135,37,D113,R63,Dominos,"Delhi B3",Delhi,2024-05-27,Veg,385,55,9,431,UPI,Premium,4.3,Cafe
O3845,C1802,29,D372,R375,McDonalds,"Bangalore B3",Bangalore,2023-09-28,Veg,300,28,140,188,Cash,Occasional,3.2,"Fast Food"
O3846,C97,29,D339,R81,"Pizza Hut","Pune B7",Pune,2023-08-20,Non-Veg,957,47,13,991,Cash,Premium,3.4,"Fast Food"
O3847,C1402,40,D943,R187,KFC,"Delhi B8",Delhi,2023-12-24,Veg,627,32,13,646,UPI,Premium,4.2,"Casual Dining"
O3848,C583,40,D307,R227,McDonalds,"Hyderabad B4",Hyderabad,2023-11-23,Veg,997,42,25,1014,Cash,Regular,4.4,"Casual Dining"
O3849,C1076,53,D415,R307,KFC,"Bangalore B6",Bangalore,2023-05-28,Non-Veg,878,33,116,795,UPI,Regular,4.6,Cafe
O3850,C1514,33,D885,R378,"Biryani House","Mumbai B8",Mumbai,2024-05-08,Veg,539,42,31,550,UPI,Regular,3.1,Cafe
O3851,C1690,42,D274,R343,Dominos,"Bangalore B1",Bangalore,2024-05-15,Veg,345,44,119,270,Cash,Premium,4.6,"Fast Food"
O3852,C1146,39,D254,R80,KFC,"Pune B10",Pune,2023-09-02,Veg,535,55,75,515,UPI,Occasional,3.5,"Fast Food"
O3853,C1496,38,D625,R307,KFC,"Bangalore B6",Bangalore,2023-09-10,Non-Veg,271,26,111,186,UPI,Regular,3.3,Cafe
O3854,C1673,25,D887,R39,KFC,"Mumbai B7",Mumbai,2023-09-13,Non-Veg,297,60,119,238,UPI,Occasional,3.4,"Casual Dining"
O3855,C1264,66,D993,R377,"Biryani House","Delhi B1",Delhi,2023-09-26,Veg,575,29,20,584,UPI,Regular,4.4,Cafe
O3856,C375,30,D516,R53,KFC,"Hyderabad B5",Hyderabad,2023-02-14,Veg,693,34,101,626,UPI,Premium,4.8,"Fast Food"
O3857,C1889,25,D153,R63,Dominos,"Delhi B3",Delhi,2023-05-16,Non-Veg,880,23,79,824,Cash,Occasional,3.9,Cafe
O3858,C1608,37,D861,R244,"Pizza Hut","Delhi B10",Delhi,2023-08-07,Non-Veg,743,32,45,730,UPI,Regular,4.8,Cafe
O3859,C62,66,D426,R344,KFC,"Delhi B8",Delhi,2023-07-30,Veg,392,38,6,424,Cash,Premium,3.4,"Fast Food"
O3860,C1179,25,D337,R147,McDonalds,"Delhi B9",Delhi,2024-02-02,Veg,983,44,84,943,UPI,Occasional,4.1,"Casual Dining"
O3861,C1495,34,D706,R172,"Biryani House","Pune B1",Pune,2024-01-03,Non-Veg,376,37,144,269,Cash,Occasional,4.5,"Fast Food"
O3862,C527,45,D604,R78,"Pizza Hut","Pune B1",Pune,2023-06-10,Veg,906,52,79,879,UPI,Regular,3.4,"Fast Food"
O3863,C88,65,D923,R259,"Pizza Hut","Delhi B6",Delhi,2023-12-18,Veg,259,25,29,255,UPI,Occasional,3,"Casual Dining"
O3864,C1006,27,D943,R63,Dominos,"Delhi B3",Delhi,2023-10-30,Veg,734,48,141,641,Cash,Premium,4.2,Cafe
O3865,C1465,28,D573,R236,Dominos,"Hyderabad B9",Hyderabad,2023-02-26,Non-Veg,927,35,28,934,UPI,Premium,4.6,"Fast Food"
O3866,C1068,29,D506,R273,McDonalds,"Mumbai B9",Mumbai,2024-01-10,Non-Veg,359,58,57,360,UPI,Premium,4.5,"Fast Food"
O3867,C1184,34,D716,R43,"Pizza Hut","Hyderabad B5",Hyderabad,2023-07-29,Veg,204,22,24,202,UPI,Premium,4.7,"Fast Food"
O3868,C171,37,D775,R30,"Pizza Hut","Mumbai B5",Mumbai,2024-10-10,Non-Veg,346,21,19,348,Cash,Occasional,4.2,"Casual Dining"
O3869,C995,38,D322,R226,"Pizza Hut","Mumbai B7",Mumbai,2023-10-11,Non-Veg,353,27,102,278,UPI,Occasional,5,"Casual Dining"
O3870,C1249,36,D494,R284,"Pizza Hut","Bangalore B10",Bangalore,2024-01-25,Veg,477,56,149,384,Cash,Occasional,4.9,Cafe
O3871,C1030,36,D352,R384,McDonalds,"Hyderabad B2",Hyderabad,2024-03-20,Non-Veg,366,59,13,412,UPI,Occasional,4.7,Cafe
O3872,C602,55,D859,R154,"Pizza Hut","Bangalore B7",Bangalore,2024-10-11,Veg,303,60,147,216,Cash,Regular,3.9,"Fast Food"
O3873,C997,26,D598,R145,McDonalds,"Pune B4",Pune,2024-02-27,Non-Veg,337,44,52,329,UPI,Premium,3.1,"Fast Food"
O3874,C208,36,D171,R131,KFC,"Pune B7",Pune,2023-08-11,Veg,332,53,117,268,UPI,Occasional,3.8,Cafe
O3875,C1448,18,D648,R284,"Pizza Hut","Bangalore B10",Bangalore,2023-07-17,Veg,834,22,145,711,Cash,Occasional,3.5,Cafe
O3876,C462,37,D812,R355,KFC,"Bangalore B4",Bangalore,2023-10-14,Veg,268,44,145,167,UPI,Regular,4.1,Cafe
O3877,C1441,27,D203,R205,"Biryani House","Hyderabad B2",Hyderabad,2023-08-24,Veg,670,39,86,623,Cash,Occasional,4.1,"Fast Food"
O3878,C790,28,D786,R264,"Pizza Hut","Mumbai B4",Mumbai,2024-06-19,Veg,283,37,150,170,UPI,Occasional,3.2,Cafe
O3879,C1525,32,D298,R87,KFC,"Delhi B7",Delhi,2024-03-14,Non-Veg,362,52,104,310,UPI,Occasional,4.8,"Fast Food"
O3880,C432,32,D380,R331,"Biryani House","Bangalore B7",Bangalore,2023-12-20,Non-Veg,424,52,48,428,UPI,Occasional,3.5,"Casual Dining"
O3881,C927,60,D318,R120,"Biryani House","Mumbai B9",Mumbai,2023-09-13,Veg,399,24,148,275,Cash,Premium,3.8,Cafe
O3882,C458,36,D696,R119,"Biryani House","Hyderabad B7",Hyderabad,2023-10-26,Veg,516,24,17,523,Cash,Regular,3.6,"Fast Food"
O3883,C33,26,D632,R184,KFC,"Bangalore B3",Bangalore,2023-08-19,Veg,465,53,28,490,UPI,Occasional,3.6,"Casual Dining"
O3884,C1580,38,D461,R66,Dominos,"Mumbai B5",Mumbai,2024-07-27,Non-Veg,802,35,65,772,Cash,Regular,4.7,"Casual Dining"
O3885,C1942,25,D580,R87,KFC,"Delhi B7",Delhi,2024-06-16,Veg,800,46,40,806,UPI,Regular,4.5,"Fast Food"
O3886,C197,33,D152,R211,"Pizza Hut","Bangalore B4",Bangalore,2023-07-07,Veg,893,33,38,888,UPI,Occasional,5,Cafe
O3887,C554,28,D464,R29,Dominos,"Hyderabad B2",Hyderabad,2024-06-26,Non-Veg,926,44,127,843,Cash,Premium,3.2,"Fast Food"
O3888,C1241,59,D171,R115,Dominos,"Pune B10",Pune,2023-11-24,Non-Veg,429,50,50,429,UPI,Premium,3.8,"Casual Dining"
O3889,C698,29,D541,R166,"Pizza Hut","Hyderabad B2",Hyderabad,2024-07-13,Veg,392,36,127,301,UPI,Premium,4.4,"Casual Dining"
O3890,C1859,40,D977,R360,McDonalds,"Delhi B4",Delhi,2023-06-06,Veg,967,45,71,941,UPI,Premium,4.8,"Fast Food"
O3891,C767,27,D576,R226,"Pizza Hut","Mumbai B7",Mumbai,2023-08-30,Non-Veg,867,21,120,768,UPI,Occasional,4.5,"Casual Dining"
O3892,C1562,30,D148,R63,Dominos,"Delhi B3",Delhi,2023-05-16,Non-Veg,966,31,129,868,Cash,Occasional,3.7,Cafe
O3893,C409,33,D845,R242,McDonalds,"Pune B8",Pune,2023-10-09,Veg,382,53,123,312,Cash,Regular,4.2,"Fast Food"
O3894,C47,29,D85,R37,Dominos,"Hyderabad B4",Hyderabad,2023-05-14,Non-Veg,748,56,27,777,Cash,Regular,4.3,"Casual Dining"
O3895,C1644,25,D897,R42,KFC,"Hyderabad B2",Hyderabad,2024-03-17,Veg,287,57,56,288,UPI,Regular,4.7,"Fast Food"
O3896,C1722,21,D339,R374,KFC,"Pune B5",Pune,2023-06-20,Veg,988,57,21,1024,UPI,Occasional,3.4,"Casual Dining"
O3897,C1458,44,D227,R276,"Pizza Hut","Hyderabad B9",Hyderabad,2024-07-21,Veg,396,39,28,407,Cash,Premium,4.5,Cafe
O3898,C524,26,D599,R383,"Pizza Hut","Bangalore B4",Bangalore,2023-05-22,Non-Veg,301,60,96,265,UPI,Regular,4.1,"Fast Food"
O3899,C1463,29,D5,R360,McDonalds,"Delhi B4",Delhi,2023-05-06,Non-Veg,428,50,90,388,Cash,Occasional,3.2,"Fast Food"
O3900,C1125,40,D431,R218,McDonalds,"Pune B2",Pune,2023-12-17,Veg,442,28,137,333,UPI,Premium,4.6,"Fast Food"
O3901,C1018,30,D211,R82,McDonalds,"Delhi B8",Delhi,2024-02-23,Non-Veg,694,53,111,636,UPI,Regular,3.8,"Casual Dining"
O3902,C151,29,D729,R328,Dominos,"Bangalore B9",Bangalore,2024-02-03,Veg,788,35,67,756,UPI,Regular,3.6,"Casual Dining"
O3903,C1797,45,D330,R205,"Biryani House","Hyderabad B2",Hyderabad,2024-01-02,Veg,222,27,124,125,UPI,Occasional,3.3,"Fast Food"
O3904,C1000,40,D614,R75,Dominos,"Pune B10",Pune,2024-08-04,Non-Veg,665,60,99,626,Cash,Regular,3.6,Cafe
O3905,C1259,32,D838,R94,"Pizza Hut","Mumbai B10",Mumbai,2023-11-25,Non-Veg,215,58,90,183,UPI,Premium,4.2,"Fast Food"
O3906,C62,34,D590,R303,"Pizza Hut","Delhi B3",Delhi,2023-09-26,Veg,918,30,99,849,Cash,Premium,4.5,"Casual Dining"
O3907,C1297,51,D573,R203,"Pizza Hut","Hyderabad B9",Hyderabad,2023-09-17,Non-Veg,275,35,32,278,UPI,Premium,4.6,"Fast Food"
O3908,C1270,34,D463,R299,"Pizza Hut","Pune B3",Pune,2023-10-07,Non-Veg,206,51,61,196,Card,Premium,3.4,Cafe
O3909,C953,30,D574,R378,"Biryani House","Mumbai B8",Mumbai,2024-05-03,Non-Veg,553,50,111,492,Cash,Premium,3.6,Cafe
O3910,C526,29,D779,R40,McDonalds,"Mumbai B7",Mumbai,2023-08-21,Veg,805,50,129,726,Cash,Premium,3.3,"Casual Dining"
O3911,C1272,31,D36,R239,McDonalds,"Pune B3",Pune,2023-10-31,Veg,822,52,61,813,UPI,Premium,4.5,Cafe
O3912,C571,65,D461,R281,"Pizza Hut","Mumbai B1",Mumbai,2024-01-11,Non-Veg,833,59,147,745,Cash,Occasional,4.7,"Casual Dining"
O3913,C1595,28,D683,R67,McDonalds,"Bangalore B4",Bangalore,2023-05-03,Non-Veg,878,38,124,792,UPI,Occasional,5,"Fast Food"
O3914,C1739,31,D48,R318,"Pizza Hut","Hyderabad B3",Hyderabad,2023-11-06,Non-Veg,984,27,17,994,Cash,Occasional,4.1,Cafe
O3915,C274,68,D44,R266,"Pizza Hut","Bangalore B9",Bangalore,2023-08-14,Veg,509,60,84,485,UPI,Premium,3.5,"Casual Dining"
O3916,C853,26,D698,R89,McDonalds,"Bangalore B6",Bangalore,2023-12-06,Non-Veg,904,60,39,925,UPI,Regular,3.1,Cafe
O3917,C278,56,D151,R245,"Pizza Hut","Mumbai B8",Mumbai,2023-08-15,Veg,936,39,55,920,Cash,Regular,3.4,Cafe
O3918,C1140,26,D180,R139,KFC,"Mumbai B6",Mumbai,2023-09-14,Non-Veg,977,44,92,929,UPI,Premium,3.4,"Casual Dining"
O3919,C946,44,D829,R381,KFC,"Hyderabad B10",Hyderabad,2024-04-14,Non-Veg,374,53,142,285,Cash,Premium,4.5,"Fast Food"
O3920,C800,39,D336,R240,Dominos,"Pune B5",Pune,2023-11-08,Veg,571,50,122,499,Cash,Regular,3.4,"Casual Dining"
O3921,C67,31,D137,R46,"Biryani House","Hyderabad B4",Hyderabad,2023-01-17,Non-Veg,829,24,100,753,Cash,Regular,4.7,"Fast Food"
O3922,C1068,27,D377,R113,"Pizza Hut","Mumbai B5",Mumbai,2024-01-22,Veg,200,44,103,141,UPI,Premium,4.6,Cafe
O3923,C1811,46,D301,R74,McDonalds,"Mumbai B3",Mumbai,2023-07-04,Non-Veg,244,38,24,258,UPI,Occasional,3.5,"Casual Dining"
O3924,C539,34,D149,R182,McDonalds,"Delhi B9",Delhi,2024-02-22,Non-Veg,868,53,9,912,UPI,Occasional,4.6,"Casual Dining"
O3925,C1459,31,D751,R79,McDonalds,"Delhi B4",Delhi,2024-01-15,Veg,614,29,104,539,Cash,Premium,3.9,Cafe
O3926,C1739,40,D157,R380,"Pizza Hut","Hyderabad B4",Hyderabad,2024-05-07,Veg,600,59,0,659,UPI,Occasional,3.3,"Casual Dining"
O3927,C1251,36,D820,R30,"Pizza Hut","Mumbai B5",Mumbai,2023-12-27,Veg,780,53,8,825,UPI,Occasional,4.7,"Casual Dining"
O3928,C1762,40,D18,R96,"Biryani House","Mumbai B4",Mumbai,2024-05-03,Veg,663,38,132,569,UPI,Regular,4.4,"Casual Dining"
O3929,C1134,25,D261,R398,"Biryani House","Delhi B7",Delhi,2024-02-20,Veg,755,37,8,784,UPI,Occasional,5,"Casual Dining"
O3930,C1496,58,D528,R184,KFC,"Bangalore B3",Bangalore,2024-05-22,Veg,853,22,5,870,Cash,Regular,4.8,"Casual Dining"
O3931,C967,36,D391,R65,"Pizza Hut","Bangalore B6",Bangalore,2023-08-27,Veg,320,50,72,298,Cash,Occasional,5,"Fast Food"
O3932,C361,20,D588,R94,"Pizza Hut","Mumbai B10",Mumbai,2023-12-20,Veg,391,48,111,328,Cash,Premium,4.3,"Fast Food"
O3933,C221,35,D79,R240,Dominos,"Pune B5",Pune,2023-12-29,Veg,738,48,143,643,UPI,Occasional,3.9,"Casual Dining"
O3934,C1766,35,D636,R109,Dominos,"Bangalore B3",Bangalore,2024-04-10,Veg,730,40,65,705,UPI,Regular,4.2,Cafe
O3935,C1493,18,D171,R379,Dominos,"Pune B6",Pune,2024-02-21,Veg,728,31,34,725,UPI,Regular,3.8,"Fast Food"
O3936,C953,40,D941,R392,"Biryani House","Mumbai B2",Mumbai,2024-01-23,Non-Veg,801,36,132,705,UPI,Premium,3.2,"Casual Dining"
O3937,C96,30,D704,R88,"Biryani House","Delhi B4",Delhi,2024-01-02,Non-Veg,819,29,150,698,UPI,Premium,3.2,"Casual Dining"
O3938,C1865,29,D228,R208,"Biryani House","Pune B2",Pune,2023-09-09,Non-Veg,791,38,103,726,Card,Regular,3.5,"Fast Food"
O3939,C1058,48,D913,R60,"Pizza Hut","Mumbai B3",Mumbai,2023-05-12,Veg,569,49,13,605,UPI,Premium,4.8,Cafe
O3940,C975,62,D162,R42,KFC,"Hyderabad B2",Hyderabad,2023-10-13,Non-Veg,555,40,73,522,UPI,Regular,4.6,"Fast Food"
O3941,C1702,40,D229,R307,KFC,"Bangalore B6",Bangalore,2023-11-23,Veg,856,27,86,797,UPI,Occasional,3.5,Cafe
O3942,C1290,34,D918,R183,"Biryani House","Pune B3",Pune,2024-01-13,Non-Veg,630,20,99,551,UPI,Occasional,4.5,"Fast Food"
O3943,C1291,33,D380,R383,"Pizza Hut","Bangalore B4",Bangalore,2023-11-06,Non-Veg,419,60,53,426,UPI,Occasional,3.5,"Fast Food"
O3944,C1866,28,D902,R325,KFC,"Hyderabad B4",Hyderabad,2024-06-02,Non-Veg,792,44,90,746,UPI,Occasional,3.1,"Casual Dining"
O3945,C363,34,D618,R14,Dominos,"Pune B7",Pune,2023-10-20,Non-Veg,641,56,108,589,Cash,Premium,4.4,Cafe
O3946,C1429,60,D542,R183,"Biryani House","Pune B3",Pune,2024-04-20,Non-Veg,496,46,47,495,UPI,Occasional,4.5,"Fast Food"
O3947,C680,36,D132,R157,KFC,"Mumbai B3",Mumbai,2023-05-12,Veg,535,51,73,513,UPI,Occasional,4.4,Cafe
O3948,C1326,27,D480,R37,Dominos,"Hyderabad B4",Hyderabad,2024-06-27,Non-Veg,736,21,40,717,UPI,Occasional,3,"Casual Dining"
O3949,C1875,26,D137,R227,McDonalds,"Hyderabad B4",Hyderabad,2023-06-11,Veg,584,49,89,544,Cash,Premium,4.7,"Casual Dining"
O3950,C835,34,D463,R319,Dominos,"Pune B10",Pune,2023-08-26,Non-Veg,479,35,17,497,UPI,Regular,3.4,"Fast Food"
O3951,C762,25,D939,R41,McDonalds,"Mumbai B6",Mumbai,2024-04-16,Non-Veg,890,40,97,833,Cash,Occasional,3.1,Cafe
O3952,C1442,36,D66,R56,"Pizza Hut","Bangalore B7",Bangalore,2024-05-25,Non-Veg,866,42,36,872,UPI,Occasional,3.8,"Casual Dining"
O3953,C1165,54,D369,R273,McDonalds,"Mumbai B9",Mumbai,2023-07-23,Veg,467,28,48,447,Card,Occasional,4.6,"Fast Food"
O3954,C1946,34,D252,R231,"Biryani House","Mumbai B7",Mumbai,2023-09-30,Non-Veg,312,21,42,291,UPI,Regular,4.8,"Casual Dining"
O3955,C667,33,D761,R238,"Biryani House","Bangalore B4",Bangalore,2024-01-08,Non-Veg,653,24,82,595,UPI,Premium,3.7,"Fast Food"
O3956,C897,29,D542,R374,KFC,"Pune B5",Pune,2024-02-14,Veg,814,31,45,800,UPI,Premium,4.5,"Casual Dining"
O3957,C1379,39,D417,R203,"Pizza Hut","Hyderabad B9",Hyderabad,2024-01-17,Non-Veg,615,30,136,509,Cash,Regular,4,"Fast Food"
O3958,C561,38,D862,R80,KFC,"Pune B10",Pune,2023-12-19,Veg,471,59,70,460,Cash,Regular,4.7,"Fast Food"
O3959,C19,33,D362,R269,KFC,"Hyderabad B4",Hyderabad,2024-01-02,Non-Veg,662,57,61,658,UPI,Occasional,3.1,"Casual Dining"
O3960,C881,32,D450,R328,Dominos,"Bangalore B9",Bangalore,2023-11-10,Non-Veg,415,30,47,398,Cash,Regular,4.7,"Casual Dining"
O3961,C522,38,D640,R53,KFC,"Hyderabad B5",Hyderabad,2023-08-12,Veg,505,26,36,495,Cash,Occasional,3.6,"Fast Food"
O3962,C366,37,D897,R9,"Pizza Hut","Hyderabad B2",Hyderabad,2024-04-02,Non-Veg,380,40,62,358,UPI,Regular,4.7,"Fast Food"
O3963,C1433,25,D851,R167,McDonalds,"Bangalore B5",Bangalore,2023-03-20,Veg,530,40,140,430,UPI,Premium,4.9,"Fast Food"
O3964,C1694,30,D603,R303,"Pizza Hut","Delhi B3",Delhi,2024-09-16,Non-Veg,567,42,2,607,UPI,Occasional,4.8,"Casual Dining"
O3965,C1512,27,D869,R222,Dominos,"Delhi B10",Delhi,2024-03-05,Non-Veg,273,46,106,213,UPI,Premium,4.8,Cafe
O3966,C1753,63,D214,R358,"Pizza Hut","Delhi B10",Delhi,2023-10-15,Non-Veg,651,32,125,558,Cash,Regular,3.5,"Fast Food"
O3967,C1112,27,D986,R97,KFC,"Mumbai B10",Mumbai,2023-12-07,Veg,986,48,45,989,UPI,Occasional,3.2,Cafe
O3968,C565,32,D653,R131,KFC,"Pune B7",Pune,2023-07-22,Non-Veg,935,52,85,902,UPI,Premium,4.6,Cafe
O3969,C310,37,D335,R330,KFC,"Mumbai B1",Mumbai,2023-08-30,Non-Veg,294,30,132,192,UPI,Regular,3.9,Cafe
O3970,C1005,40,D380,R349,"Pizza Hut","Bangalore B10",Bangalore,2024-01-15,Veg,772,41,36,777,UPI,Premium,3.5,Cafe
O3971,C201,35,D937,R258,KFC,"Bangalore B3",Bangalore,2023-07-13,Non-Veg,740,24,30,734,UPI,Occasional,3.5,"Fast Food"
O3972,C307,37,D525,R87,KFC,"Delhi B7",Delhi,2023-11-05,Veg,280,53,8,325,UPI,Occasional,4.7,"Fast Food"
O3973,C1444,64,D232,R360,McDonalds,"Delhi B4",Delhi,2023-06-22,Non-Veg,756,38,108,686,UPI,Occasional,3.8,"Fast Food"
O3974,C1428,34,D474,R186,"Pizza Hut","Delhi B5",Delhi,2023-06-18,Non-Veg,617,30,6,641,Card,Occasional,3.7,Cafe
O3975,C1098,32,D649,R294,"Biryani House","Hyderabad B1",Hyderabad,2024-06-15,Non-Veg,332,45,133,244,UPI,Occasional,4.6,"Casual Dining"
O3976,C1830,68,D37,R126,KFC,"Hyderabad B6",Hyderabad,2023-07-08,Non-Veg,865,20,129,756,UPI,Occasional,3.3,"Fast Food"
O3977,C958,30,D534,R236,Dominos,"Hyderabad B9",Hyderabad,2023-05-16,Non-Veg,953,33,73,913,UPI,Premium,4.3,"Fast Food"
O3978,C172,35,D596,R281,"Pizza Hut","Mumbai B1",Mumbai,2024-03-07,Veg,500,29,12,517,Cash,Occasional,4.3,"Casual Dining"
O3979,C717,33,D60,R233,"Pizza Hut","Bangalore B5",Bangalore,2024-08-22,Non-Veg,856,56,41,871,UPI,Occasional,3.3,"Casual Dining"
O3980,C1243,39,D875,R102,McDonalds,"Mumbai B6",Mumbai,2023-08-07,Veg,257,26,149,134,Cash,Regular,4.2,Cafe
O3981,C1323,32,D463,R131,KFC,"Pune B7",Pune,2023-07-18,Non-Veg,246,35,36,245,UPI,Occasional,3.4,Cafe
O3982,C650,32,D356,R123,Dominos,"Delhi B2",Delhi,2023-05-23,Veg,518,28,124,422,Cash,Regular,4,"Fast Food"
O3983,C1872,25,D901,R385,"Biryani House","Hyderabad B4",Hyderabad,2023-12-09,Veg,626,60,96,590,Cash,Occasional,4.4,"Casual Dining"
O3984,C431,24,D540,R389,"Biryani House","Bangalore B7",Bangalore,2023-11-16,Non-Veg,248,50,45,253,UPI,Occasional,5,"Fast Food"
O3985,C148,20,D171,R162,Dominos,"Pune B9",Pune,2023-12-19,Veg,696,49,61,684,Cash,Premium,3.8,"Fast Food"
O3986,C1996,37,D481,R8,"Biryani House","Delhi B3",Delhi,2024-07-31,Veg,468,48,55,461,UPI,Regular,4.9,"Casual Dining"
O3987,C1115,57,D96,R336,"Biryani House","Bangalore B9",Bangalore,2023-03-04,Veg,231,22,44,209,Cash,Premium,4.9,"Fast Food"
O3988,C221,33,D618,R356,"Biryani House","Pune B8",Pune,2023-11-10,Veg,297,32,95,234,UPI,Occasional,4.4,"Casual Dining"
O3989,C1576,27,D372,R122,"Pizza Hut","Bangalore B5",Bangalore,2023-10-31,Non-Veg,946,55,133,868,UPI,Occasional,3.2,"Fast Food"
O3990,C1873,65,D93,R248,McDonalds,"Pune B1",Pune,2023-10-25,Non-Veg,863,22,142,743,Cash,Premium,3.6,"Casual Dining"
O3991,C1815,30,D595,R147,McDonalds,"Delhi B9",Delhi,2024-04-05,Non-Veg,357,59,111,305,Cash,Occasional,3.4,"Casual Dining"
O3992,C560,31,D177,R231,"Biryani House","Mumbai B7",Mumbai,2024-01-01,Non-Veg,928,24,148,804,UPI,Regular,3.9,"Casual Dining"
O3993,C1526,25,D274,R86,Dominos,"Bangalore B8",Bangalore,2024-04-28,Non-Veg,830,43,11,862,UPI,Regular,4.6,Cafe
O3994,C688,19,D668,R236,Dominos,"Hyderabad B9",Hyderabad,2023-12-19,Veg,672,60,146,586,UPI,Premium,4.6,"Fast Food"
O3995,C1129,28,D636,R284,"Pizza Hut","Bangalore B10",Bangalore,2023-12-05,Veg,861,41,24,878,Cash,Regular,4.2,Cafe
O3996,C902,49,D768,R85,KFC,"Bangalore B1",Bangalore,2024-03-04,Veg,599,40,111,528,UPI,Regular,4.3,"Fast Food"
O3997,C1622,64,D478,R45,KFC,"Delhi B2",Delhi,2024-06-15,Veg,430,41,15,456,UPI,Regular,3.1,Cafe
O3998,C663,29,D72,R356,"Biryani House","Pune B8",Pune,2023-12-12,Veg,663,35,135,563,UPI,Regular,4.6,"Casual Dining"
O3999,C34,38,D298,R282,"Biryani House","Delhi B8",Delhi,2024-02-16,Non-Veg,562,54,20,596,UPI,Occasional,4.8,Cafe
O4000,C848,55,D700,R28,Dominos,"Pune B3",Pune,2024-04-11,Veg,254,54,44,264,Cash,Premium,4.9,"Casual Dining"
O4001,C1574,25,D829,R308,"Pizza Hut","Hyderabad B5",Hyderabad,2024-02-11,Non-Veg,816,47,70,793,UPI,Premium,4.5,Cafe
O4002,C68,41,D485,R279,"Pizza Hut","Delhi B4",Delhi,2023-12-04,Non-Veg,399,38,74,363,UPI,Occasional,3.2,"Fast Food"
O4003,C960,26,D271,R350,"Pizza Hut","Pune B2",Pune,2024-04-27,Veg,498,53,47,504,UPI,Premium,3.6,"Casual Dining"
O4004,C1070,31,D3,R332,KFC,"Mumbai B10",Mumbai,2023-03-27,Veg,776,25,56,745,UPI,Occasional,4.7,"Fast Food"
O4005,C1816,63,D197,R182,McDonalds,"Delhi B9",Delhi,2024-01-31,Non-Veg,429,39,122,346,UPI,Premium,3.6,"Casual Dining"
O4006,C1247,33,D141,R100,"Pizza Hut","Pune B3",Pune,2023-03-10,Veg,823,23,63,783,UPI,Occasional,3.2,"Fast Food"
O4007,C861,33,D671,R76,"Biryani House","Mumbai B9",Mumbai,2024-05-02,Veg,606,33,6,633,Cash,Regular,4.4,Cafe
O4008,C834,42,D277,R368,Dominos,"Bangalore B4",Bangalore,2023-10-18,Non-Veg,550,52,21,581,UPI,Regular,3.8,Cafe
O4009,C1867,28,D318,R96,"Biryani House","Mumbai B4",Mumbai,2024-01-14,Non-Veg,885,27,119,793,Cash,Premium,3.8,"Casual Dining"
O4010,C1835,39,D410,R394,McDonalds,"Pune B2",Pune,2024-04-09,Non-Veg,412,24,109,327,UPI,Premium,4.2,"Fast Food"
O4011,C121,26,D215,R18,McDonalds,"Pune B5",Pune,2024-04-01,Veg,874,30,75,829,UPI,Occasional,4.3,"Fast Food"
O4012,C224,21,D282,R396,"Pizza Hut","Bangalore B8",Bangalore,2023-08-06,Veg,661,38,140,559,UPI,Premium,3.6,Cafe
O4013,C6,30,D29,R365,"Pizza Hut","Bangalore B7",Bangalore,2023-04-30,Veg,831,28,122,737,UPI,Regular,4.7,"Casual Dining"
O4014,C871,29,D82,R107,KFC,"Pune B4",Pune,2024-02-19,Veg,528,44,33,539,UPI,Regular,4.8,"Casual Dining"
O4015,C700,28,D452,R320,"Pizza Hut","Mumbai B2",Mumbai,2023-11-17,Veg,880,41,91,830,UPI,Occasional,4.8,Cafe
O4016,C1578,52,D570,R334,"Biryani House","Hyderabad B10",Hyderabad,2024-04-21,Non-Veg,471,41,91,421,Cash,Occasional,4.7,Cafe
O4017,C371,55,D491,R60,"Pizza Hut","Mumbai B3",Mumbai,2024-01-19,Non-Veg,855,59,77,837,UPI,Occasional,4.9,Cafe
O4018,C1692,31,D343,R230,KFC,"Delhi B7",Delhi,2023-05-11,Non-Veg,340,54,147,247,UPI,Occasional,4.7,"Casual Dining"
O4019,C1839,32,D412,R258,KFC,"Bangalore B3",Bangalore,2024-01-10,Non-Veg,307,58,6,359,UPI,Premium,3.4,"Fast Food"
O4020,C819,36,D794,R363,KFC,"Hyderabad B9",Hyderabad,2023-03-11,Veg,976,59,122,913,UPI,Regular,4.8,"Fast Food"
O4021,C858,66,D940,R33,"Pizza Hut","Mumbai B10",Mumbai,2023-09-11,Veg,260,52,40,272,UPI,Occasional,3.5,Cafe
O4022,C1429,25,D339,R249,"Biryani House","Pune B9",Pune,2023-05-30,Veg,579,37,123,493,UPI,Occasional,3.4,"Casual Dining"
O4023,C796,35,D512,R362,Dominos,"Bangalore B2",Bangalore,2024-04-04,Veg,759,32,145,646,UPI,Occasional,4.3,Cafe
O4024,C258,34,D270,R399,"Pizza Hut","Mumbai B7",Mumbai,2023-03-06,Veg,890,28,45,873,UPI,Regular,3.7,"Fast Food"
O4025,C848,25,D675,R112,"Biryani House","Pune B4",Pune,2023-08-05,Non-Veg,662,38,117,583,UPI,Premium,3.1,"Casual Dining"
O4026,C1997,28,D20,R114,"Biryani House","Bangalore B2",Bangalore,2024-02-01,Veg,237,20,147,110,UPI,Premium,3.1,"Fast Food"
O4027,C234,34,D176,R203,"Pizza Hut","Hyderabad B9",Hyderabad,2023-12-18,Non-Veg,742,54,83,713,UPI,Regular,4.4,"Fast Food"
O4028,C1617,35,D29,R305,Dominos,"Bangalore B1",Bangalore,2023-10-16,Veg,957,20,104,873,UPI,Regular,4.7,"Fast Food"
O4029,C138,31,D397,R354,McDonalds,"Bangalore B7",Bangalore,2024-02-07,Non-Veg,273,54,79,248,UPI,Regular,3.2,"Fast Food"
O4030,C1821,36,D912,R332,KFC,"Mumbai B10",Mumbai,2023-11-01,Non-Veg,681,34,40,675,Cash,Occasional,4.3,"Fast Food"
O4031,C1043,57,D279,R309,McDonalds,"Hyderabad B6",Hyderabad,2023-11-28,Veg,483,44,34,493,Cash,Premium,4.9,Cafe
O4032,C54,25,D751,R187,KFC,"Delhi B8",Delhi,2024-07-01,Non-Veg,318,20,83,255,UPI,Occasional,3.9,"Casual Dining"
O4033,C1653,30,D720,R363,KFC,"Hyderabad B9",Hyderabad,2024-05-24,Non-Veg,421,45,94,372,UPI,Regular,4.9,"Fast Food"
O4034,C1957,39,D161,R393,"Pizza Hut","Pune B6",Pune,2024-04-03,Veg,229,49,148,130,UPI,Regular,3.5,"Casual Dining"
O4035,C1181,26,D593,R187,KFC,"Delhi B8",Delhi,2024-04-09,Non-Veg,781,44,92,733,UPI,Regular,3.1,"Casual Dining"
O4036,C188,33,D855,R263,KFC,"Hyderabad B3",Hyderabad,2024-02-13,Non-Veg,517,47,108,456,UPI,Regular,3.8,Cafe
O4037,C953,32,D786,R40,McDonalds,"Mumbai B7",Mumbai,2023-12-14,Non-Veg,845,51,69,827,UPI,Premium,3.2,"Casual Dining"
O4038,C1597,38,D443,R95,KFC,"Pune B2",Pune,2024-03-31,Veg,717,38,85,670,Cash,Occasional,3.7,"Fast Food"
O4039,C187,28,D110,R370,McDonalds,"Bangalore B9",Bangalore,2024-03-03,Non-Veg,691,27,44,674,UPI,Premium,4,"Casual Dining"
O4040,C1406,39,D778,R74,McDonalds,"Mumbai B3",Mumbai,2023-12-18,Veg,279,58,111,226,UPI,Premium,4.4,"Casual Dining"
O4041,C1109,43,D3,R198,"Pizza Hut","Mumbai B6",Mumbai,2023-06-15,Veg,386,37,13,410,Cash,Premium,4.7,"Fast Food"
O4042,C1923,30,D935,R221,KFC,"Hyderabad B2",Hyderabad,2023-10-11,Non-Veg,629,29,98,560,UPI,Occasional,4.4,"Casual Dining"
O4043,C1107,31,D695,R50,"Biryani House","Hyderabad B5",Hyderabad,2023-09-07,Non-Veg,834,25,45,814,UPI,Occasional,4.1,Cafe
O4044,C1842,30,D668,R58,Dominos,"Hyderabad B2",Hyderabad,2023-08-18,Non-Veg,550,25,99,476,Cash,Occasional,4.6,"Fast Food"
O4045,C903,27,D74,R86,Dominos,"Bangalore B8",Bangalore,2023-08-04,Non-Veg,998,24,106,916,UPI,Occasional,3.8,Cafe
O4046,C259,36,D414,R245,"Pizza Hut","Mumbai B8",Mumbai,2023-12-21,Non-Veg,245,58,71,232,UPI,Premium,3.1,Cafe
O4047,C1253,25,D209,R21,Dominos,"Mumbai B1",Mumbai,2024-04-02,Non-Veg,594,41,64,571,UPI,Regular,3.5,"Fast Food"
O4048,C1823,49,D854,R39,KFC,"Mumbai B7",Mumbai,2024-06-13,Veg,588,52,15,625,UPI,Premium,4.7,"Casual Dining"
O4049,C545,26,D483,R141,Dominos,"Delhi B6",Delhi,2023-12-03,Veg,742,43,82,703,UPI,Regular,4.6,"Fast Food"
O4050,C1405,54,D170,R43,"Pizza Hut","Hyderabad B5",Hyderabad,2023-04-28,Non-Veg,549,24,76,497,Cash,Premium,4.6,"Fast Food"
O4051,C596,27,D152,R297,KFC,"Bangalore B3",Bangalore,2023-09-25,Veg,664,53,83,634,Cash,Regular,5,Cafe
O4052,C661,31,D624,R357,Dominos,"Pune B7",Pune,2024-04-26,Veg,542,48,22,568,UPI,Premium,3.5,"Casual Dining"
O4053,C1435,26,D783,R22,"Biryani House","Mumbai B4",Mumbai,2023-06-01,Veg,414,45,88,371,Card,Premium,4.9,Cafe
O4054,C72,32,D850,R336,"Biryani House","Bangalore B9",Bangalore,2024-04-18,Non-Veg,558,52,88,522,UPI,Regular,3.7,"Fast Food"
O4055,C1473,54,D924,R369,"Biryani House","Delhi B4",Delhi,2023-02-11,Non-Veg,749,30,90,689,UPI,Premium,4.3,Cafe
O4056,C1118,28,D226,R368,Dominos,"Bangalore B4",Bangalore,2023-10-11,Non-Veg,330,36,7,359,UPI,Premium,4.1,Cafe
O4057,C1183,45,D723,R273,McDonalds,"Mumbai B9",Mumbai,2023-04-10,Non-Veg,530,28,150,408,Card,Regular,3.2,"Fast Food"
O4058,C458,26,D907,R138,"Pizza Hut","Hyderabad B5",Hyderabad,2023-08-19,Veg,281,26,142,165,UPI,Regular,4.9,"Fast Food"
O4059,C153,36,D567,R167,McDonalds,"Bangalore B5",Bangalore,2023-06-16,Non-Veg,737,44,130,651,UPI,Premium,3.5,"Fast Food"
O4060,C86,33,D115,R212,"Biryani House","Bangalore B6",Bangalore,2023-10-26,Non-Veg,807,54,44,817,UPI,Regular,3.8,"Casual Dining"
O4061,C930,25,D926,R13,Dominos,"Delhi B8",Delhi,2023-10-30,Non-Veg,583,54,72,565,UPI,Regular,4.1,Cafe
O4062,C843,35,D833,R163,"Biryani House","Bangalore B1",Bangalore,2023-07-10,Veg,573,51,74,550,UPI,Occasional,3.9,"Fast Food"
O4063,C1675,70,D282,R287,McDonalds,"Bangalore B10",Bangalore,2024-04-29,Non-Veg,403,47,55,395,Cash,Occasional,3.6,Cafe
O4064,C443,33,D457,R22,"Biryani House","Mumbai B4",Mumbai,2024-08-13,Veg,269,44,11,302,UPI,Regular,4.1,Cafe
O4065,C1745,38,D826,R36,"Biryani House","Delhi B6",Delhi,2023-12-19,Veg,517,54,5,566,UPI,Regular,3.5,Cafe
O4066,C1242,25,D134,R111,Dominos,"Delhi B7",Delhi,2024-02-27,Non-Veg,605,22,129,498,UPI,Premium,4.7,"Casual Dining"
O4067,C422,31,D748,R124,"Pizza Hut","Hyderabad B1",Hyderabad,2023-05-26,Non-Veg,670,43,76,637,UPI,Premium,4.5,"Fast Food"
O4068,C130,44,D330,R29,Dominos,"Hyderabad B2",Hyderabad,2024-01-08,Veg,842,43,103,782,UPI,Occasional,3.3,"Fast Food"
O4069,C298,68,D214,R13,Dominos,"Delhi B8",Delhi,2024-07-10,Non-Veg,216,48,24,240,UPI,Regular,3.5,Cafe
O4070,C1616,28,D563,R340,McDonalds,"Pune B3",Pune,2023-09-08,Veg,643,58,146,555,Cash,Occasional,4.2,"Casual Dining"
O4071,C615,35,D253,R169,KFC,"Mumbai B10",Mumbai,2023-04-02,Veg,526,42,49,519,UPI,Premium,4.5,"Fast Food"
O4072,C1670,37,D371,R110,Dominos,"Delhi B1",Delhi,2023-12-21,Non-Veg,942,45,131,856,UPI,Occasional,4.6,"Fast Food"
O4073,C1168,27,D175,R377,"Biryani House","Delhi B1",Delhi,2024-03-04,Non-Veg,521,59,143,437,Cash,Regular,4.4,Cafe
O4074,C639,27,D850,R376,"Biryani House","Bangalore B4",Bangalore,2023-08-22,Non-Veg,935,34,100,869,UPI,Premium,3.7,"Casual Dining"
O4075,C1454,33,D692,R27,McDonalds,"Pune B3",Pune,2024-01-22,Veg,273,29,41,261,UPI,Regular,4.8,Cafe
O4076,C652,33,D529,R88,"Biryani House","Delhi B4",Delhi,2023-08-29,Non-Veg,339,59,15,383,Cash,Occasional,3.2,"Casual Dining"
O4077,C175,36,D759,R161,Dominos,"Delhi B2",Delhi,2023-06-29,Non-Veg,699,50,60,689,UPI,Premium,3.4,"Fast Food"
O4078,C1446,42,D975,R241,"Pizza Hut","Pune B5",Pune,2023-11-14,Non-Veg,768,24,23,769,UPI,Premium,3.5,Cafe
O4079,C1390,32,D520,R45,KFC,"Delhi B2",Delhi,2024-01-07,Veg,737,42,45,734,UPI,Regular,4.2,Cafe
O4080,C1931,23,D182,R379,Dominos,"Pune B6",Pune,2024-02-23,Non-Veg,855,20,12,863,Cash,Premium,4.2,"Fast Food"
O4081,C1608,29,D525,R20,"Pizza Hut","Delhi B4",Delhi,2023-06-16,Non-Veg,965,30,65,930,Cash,Regular,4.7,"Casual Dining"
O4082,C552,34,D702,R187,KFC,"Delhi B8",Delhi,2023-07-29,Veg,637,37,84,590,Cash,Premium,3.6,"Casual Dining"
O4083,C1491,26,D708,R236,Dominos,"Hyderabad B9",Hyderabad,2023-10-14,Non-Veg,375,24,94,305,UPI,Regular,4.7,"Fast Food"
O4084,C158,26,D159,R115,Dominos,"Pune B10",Pune,2023-11-10,Non-Veg,329,49,58,320,Cash,Regular,4.9,"Casual Dining"
O4085,C543,39,D501,R296,KFC,"Hyderabad B2",Hyderabad,2023-02-20,Non-Veg,958,37,120,875,UPI,Premium,4.3,Cafe
O4086,C249,26,D757,R92,"Biryani House","Delhi B9",Delhi,2023-12-31,Veg,729,27,137,619,UPI,Premium,3.4,"Casual Dining"
O4087,C946,35,D896,R381,KFC,"Hyderabad B10",Hyderabad,2023-09-24,Non-Veg,961,53,150,864,Cash,Premium,4.3,"Fast Food"
O4088,C429,27,D976,R134,"Biryani House","Delhi B8",Delhi,2023-12-28,Veg,417,40,18,439,UPI,Regular,4.3,Cafe
O4089,C1406,40,D559,R329,"Biryani House","Mumbai B1",Mumbai,2024-05-11,Non-Veg,814,43,45,812,Cash,Premium,3.4,Cafe
O4090,C176,35,D285,R285,"Pizza Hut","Hyderabad B9",Hyderabad,2023-08-19,Non-Veg,295,44,10,329,UPI,Premium,4.7,"Fast Food"
O4091,C507,60,D151,R6,Dominos,"Mumbai B4",Mumbai,2024-04-24,Non-Veg,796,58,114,740,Cash,Premium,3.4,Cafe
O4092,C591,37,D114,R354,McDonalds,"Bangalore B7",Bangalore,2023-07-20,Veg,862,51,117,796,UPI,Regular,3.2,"Fast Food"
O4093,C223,32,D236,R363,KFC,"Hyderabad B9",Hyderabad,2023-10-30,Non-Veg,232,49,67,214,UPI,Occasional,4.3,"Fast Food"
O4094,C1535,38,D876,R158,"Biryani House","Delhi B8",Delhi,2023-08-11,Non-Veg,841,35,10,866,UPI,Premium,3.3,"Fast Food"
O4095,C59,33,D750,R193,"Pizza Hut","Mumbai B3",Mumbai,2023-11-21,Veg,271,37,59,249,UPI,Occasional,3.4,"Fast Food"
O4096,C1479,57,D271,R145,McDonalds,"Pune B4",Pune,2024-04-13,Veg,710,49,76,683,Cash,Premium,3.6,"Fast Food"
O4097,C155,35,D212,R333,Dominos,"Pune B1",Pune,2023-12-03,Veg,293,55,64,284,UPI,Occasional,4.3,"Fast Food"
O4098,C1444,49,D371,R230,KFC,"Delhi B7",Delhi,2024-06-07,Non-Veg,631,40,84,587,UPI,Occasional,4.6,"Casual Dining"
O4099,C1091,26,D269,R8,"Biryani House","Delhi B3",Delhi,2024-05-09,Non-Veg,852,33,111,774,Cash,Premium,3.3,"Casual Dining"
O4100,C256,34,D196,R285,"Pizza Hut","Hyderabad B9",Hyderabad,2024-08-30,Veg,330,42,110,262,Cash,Regular,4.6,"Fast Food"
O4101,C1228,18,D808,R12,"Biryani House","Bangalore B7",Bangalore,2024-07-24,Veg,962,37,104,895,UPI,Occasional,3.8,"Casual Dining"
O4102,C1170,38,D452,R256,Dominos,"Mumbai B5",Mumbai,2023-10-25,Non-Veg,693,39,33,699,Cash,Premium,4.8,"Fast Food"
O4103,C1407,38,D104,R22,"Biryani House","Mumbai B4",Mumbai,2024-05-24,Non-Veg,449,52,73,428,UPI,Occasional,3.9,Cafe
O4104,C26,39,D597,R228,McDonalds,"Delhi B6",Delhi,2023-12-25,Veg,413,52,55,410,UPI,Regular,4.9,Cafe
O4105,C25,37,D373,R91,Dominos,"Bangalore B2",Bangalore,2023-05-10,Veg,215,23,108,130,Cash,Regular,4.9,Cafe
O4106,C1721,34,D939,R256,Dominos,"Mumbai B5",Mumbai,2024-01-19,Veg,595,41,96,540,UPI,Occasional,3.1,"Fast Food"
O4107,C496,28,D109,R380,"Pizza Hut","Hyderabad B4",Hyderabad,2024-07-02,Non-Veg,459,39,132,366,UPI,Regular,3.2,"Casual Dining"
O4108,C697,34,D29,R229,"Pizza Hut","Bangalore B9",Bangalore,2023-02-06,Non-Veg,698,55,37,716,Card,Premium,4.7,"Fast Food"
O4109,C1942,38,D147,R141,Dominos,"Delhi B6",Delhi,2024-02-18,Non-Veg,878,22,4,896,Cash,Regular,4.6,"Fast Food"
O4110,C1538,59,D731,R279,"Pizza Hut","Delhi B4",Delhi,2023-08-18,Non-Veg,208,46,138,116,UPI,Premium,3.4,"Fast Food"
O4111,C896,53,D523,R197,Dominos,"Delhi B4",Delhi,2024-06-19,Veg,624,33,134,523,UPI,Occasional,3.4,"Casual Dining"
O4112,C1535,40,D232,R270,KFC,"Delhi B2",Delhi,2023-08-22,Non-Veg,263,48,69,242,UPI,Premium,3.8,Cafe
O4113,C293,40,D973,R362,Dominos,"Bangalore B2",Bangalore,2024-06-20,Non-Veg,829,36,145,720,UPI,Occasional,3.7,Cafe
O4114,C485,45,D621,R93,McDonalds,"Mumbai B6",Mumbai,2023-07-31,Veg,951,48,43,956,Cash,Occasional,3.6,"Casual Dining"
O4115,C781,37,D889,R239,McDonalds,"Pune B3",Pune,2023-12-13,Veg,674,44,112,606,UPI,Premium,4.5,Cafe
O4116,C1138,37,D713,R148,"Pizza Hut","Delhi B2",Delhi,2023-08-05,Non-Veg,554,25,93,486,Cash,Occasional,3.5,"Casual Dining"
O4117,C1814,21,D898,R122,"Pizza Hut","Bangalore B5",Bangalore,2024-07-15,Veg,486,41,58,469,Cash,Occasional,3.9,"Fast Food"
O4118,C1662,28,D216,R196,"Biryani House","Hyderabad B5",Hyderabad,2024-01-20,Non-Veg,502,38,86,454,Cash,Regular,4.8,Cafe
O4119,C1290,25,D906,R367,Dominos,"Pune B7",Pune,2024-07-15,Non-Veg,392,34,61,365,Card,Occasional,3.5,"Fast Food"
O4120,C1289,32,D669,R163,"Biryani House","Bangalore B1",Bangalore,2023-06-27,Veg,357,20,54,323,Cash,Occasional,4.2,"Fast Food"
O4121,C1366,26,D296,R387,KFC,"Pune B7",Pune,2024-04-15,Veg,635,47,68,614,Card,Occasional,3.9,"Casual Dining"
O4122,C1848,25,D784,R75,Dominos,"Pune B10",Pune,2024-01-24,Non-Veg,712,60,129,643,UPI,Premium,4.9,Cafe
O4123,C1665,63,D605,R320,"Pizza Hut","Mumbai B2",Mumbai,2024-02-24,Non-Veg,520,24,16,528,Cash,Premium,4.7,Cafe
O4124,C1463,35,D895,R121,"Biryani House","Delhi B9",Delhi,2023-05-17,Non-Veg,484,30,141,373,UPI,Occasional,3.8,"Fast Food"
O4125,C938,38,D139,R119,"Biryani House","Hyderabad B7",Hyderabad,2023-09-06,Non-Veg,643,39,75,607,UPI,Premium,3.5,"Fast Food"
O4126,C344,28,D755,R2,"Biryani House","Mumbai B4",Mumbai,2023-10-17,Non-Veg,348,32,16,364,Cash,Occasional,3.1,Cafe
O4127,C1821,39,D461,R345,KFC,"Mumbai B2",Mumbai,2024-07-25,Veg,688,24,55,657,UPI,Occasional,4.7,Cafe
O4128,C220,32,D887,R260,KFC,"Mumbai B1",Mumbai,2023-03-25,Veg,250,25,71,204,UPI,Occasional,3.4,Cafe
O4129,C675,40,D58,R73,Dominos,"Bangalore B1",Bangalore,2024-06-16,Non-Veg,654,36,132,558,UPI,Regular,4.9,Cafe
O4130,C1312,32,D580,R26,KFC,"Delhi B4",Delhi,2023-12-05,Veg,892,49,145,796,Cash,Premium,4.5,Cafe
O4131,C736,32,D358,R145,McDonalds,"Pune B4",Pune,2023-11-19,Non-Veg,959,28,42,945,Cash,Premium,3.7,"Fast Food"
O4132,C1783,56,D837,R146,McDonalds,"Mumbai B4",Mumbai,2024-04-11,Veg,243,30,134,139,UPI,Premium,3.4,"Fast Food"
O4133,C510,39,D518,R240,Dominos,"Pune B5",Pune,2024-03-07,Non-Veg,957,42,68,931,Cash,Regular,4.8,"Casual Dining"
O4134,C1694,19,D33,R88,"Biryani House","Delhi B4",Delhi,2024-08-07,Veg,903,32,110,825,UPI,Occasional,3.3,"Casual Dining"
O4135,C1756,25,D811,R252,"Pizza Hut","Hyderabad B1",Hyderabad,2024-02-15,Veg,913,26,74,865,UPI,Premium,4,"Fast Food"
O4136,C1374,35,D46,R398,"Biryani House","Delhi B7",Delhi,2024-04-07,Non-Veg,934,38,139,833,Cash,Regular,3.1,"Casual Dining"
O4137,C1272,34,D228,R62,McDonalds,"Pune B3",Pune,2023-08-17,Non-Veg,600,23,96,527,UPI,Premium,3.5,Cafe
O4138,C1834,40,D298,R270,KFC,"Delhi B2",Delhi,2024-08-23,Veg,348,56,6,398,Cash,Regular,4.8,Cafe
O4139,C1039,39,D321,R48,"Pizza Hut","Mumbai B10",Mumbai,2023-03-02,Veg,932,40,57,915,Cash,Regular,3.6,"Casual Dining"
O4140,C1785,37,D451,R240,Dominos,"Pune B5",Pune,2024-01-19,Non-Veg,502,34,102,434,Cash,Premium,3.2,"Casual Dining"
O4141,C387,35,D88,R283,McDonalds,"Mumbai B7",Mumbai,2024-02-25,Non-Veg,458,38,108,388,Card,Premium,3.3,"Fast Food"
O4142,C757,19,D540,R287,McDonalds,"Bangalore B10",Bangalore,2023-09-23,Non-Veg,388,42,26,404,UPI,Regular,5,Cafe
O4143,C344,31,D588,R102,McDonalds,"Mumbai B6",Mumbai,2023-10-03,Non-Veg,984,32,75,941,Cash,Occasional,4.3,Cafe
O4144,C277,30,D127,R340,McDonalds,"Pune B3",Pune,2023-07-04,Non-Veg,642,35,141,536,Cash,Premium,3.5,"Casual Dining"
O4145,C639,26,D678,R149,"Biryani House","Bangalore B5",Bangalore,2023-12-22,Non-Veg,464,59,149,374,UPI,Premium,3.3,"Casual Dining"
O4146,C1386,36,D840,R328,Dominos,"Bangalore B9",Bangalore,2023-11-24,Non-Veg,941,41,85,897,Cash,Premium,4.4,"Casual Dining"
O4147,C107,63,D692,R218,McDonalds,"Pune B2",Pune,2023-07-27,Non-Veg,662,34,138,558,UPI,Premium,4.8,"Fast Food"
O4148,C1830,32,D541,R196,"Biryani House","Hyderabad B5",Hyderabad,2024-04-14,Non-Veg,952,52,95,909,UPI,Occasional,4.4,Cafe
O4149,C1104,34,D305,R41,McDonalds,"Mumbai B6",Mumbai,2024-04-09,Veg,904,37,92,849,Cash,Regular,3.8,Cafe
O4150,C1667,29,D139,R312,KFC,"Hyderabad B7",Hyderabad,2023-08-24,Veg,517,26,48,495,UPI,Regular,3.5,"Casual Dining"
O4151,C572,36,D994,R314,McDonalds,"Pune B7",Pune,2023-08-02,Veg,842,32,7,867,Cash,Regular,3.3,Cafe
O4152,C1775,68,D193,R78,"Pizza Hut","Pune B1",Pune,2024-02-20,Veg,251,35,83,203,UPI,Premium,4.2,"Fast Food"
O4153,C278,37,D253,R390,"Pizza Hut","Mumbai B6",Mumbai,2023-06-06,Non-Veg,480,38,93,425,UPI,Regular,4.5,"Casual Dining"
O4154,C1089,36,D857,R145,McDonalds,"Pune B4",Pune,2024-07-02,Non-Veg,747,59,112,694,Cash,Premium,3.8,"Fast Food"
O4155,C1142,45,D742,R231,"Biryani House","Mumbai B7",Mumbai,2023-09-05,Non-Veg,233,41,39,235,Cash,Regular,4.5,"Casual Dining"
O4156,C341,35,D790,R168,"Biryani House","Hyderabad B9",Hyderabad,2024-07-02,Non-Veg,969,41,122,888,UPI,Premium,5,"Fast Food"
O4157,C506,25,D415,R238,"Biryani House","Bangalore B4",Bangalore,2023-06-23,Non-Veg,241,24,11,254,Cash,Premium,4.6,"Fast Food"
O4158,C156,24,D730,R233,"Pizza Hut","Bangalore B5",Bangalore,2024-05-13,Veg,883,29,66,846,UPI,Premium,4.5,"Casual Dining"
O4159,C1384,32,D372,R368,Dominos,"Bangalore B4",Bangalore,2023-12-19,Veg,368,23,70,321,UPI,Regular,3.2,Cafe
O4160,C21,39,D308,R375,McDonalds,"Bangalore B3",Bangalore,2023-02-22,Veg,599,47,88,558,UPI,Regular,4.7,"Fast Food"
O4161,C1467,33,D212,R379,Dominos,"Pune B6",Pune,2023-11-05,Non-Veg,860,22,51,831,Cash,Regular,4.3,"Fast Food"
O4162,C1857,43,D66,R371,"Biryani House","Bangalore B8",Bangalore,2024-02-01,Veg,313,43,125,231,Cash,Regular,3.8,"Fast Food"
O4163,C1379,30,D665,R50,"Biryani House","Hyderabad B5",Hyderabad,2023-02-19,Non-Veg,820,53,65,808,Cash,Regular,3,Cafe
O4164,C872,39,D408,R135,KFC,"Pune B5",Pune,2023-12-29,Non-Veg,397,36,98,335,UPI,Regular,4,Cafe
O4165,C235,37,D61,R399,"Pizza Hut","Mumbai B7",Mumbai,2024-08-08,Veg,242,31,63,210,Card,Occasional,3.1,"Fast Food"
O4166,C1096,21,D319,R124,"Pizza Hut","Hyderabad B1",Hyderabad,2024-01-29,Veg,712,44,129,627,Cash,Regular,4,"Fast Food"
O4167,C1335,38,D924,R125,"Pizza Hut","Delhi B2",Delhi,2023-03-15,Veg,693,27,129,591,UPI,Premium,4.3,"Casual Dining"
O4168,C5,40,D138,R156,Dominos,"Delhi B5",Delhi,2023-09-06,Veg,920,53,99,874,UPI,Occasional,4.1,Cafe
O4169,C711,35,D746,R9,"Pizza Hut","Hyderabad B2",Hyderabad,2023-08-09,Veg,639,41,59,621,Cash,Regular,4.7,"Fast Food"
O4170,C1407,29,D382,R317,KFC,"Mumbai B6",Mumbai,2024-01-29,Veg,636,39,141,534,Cash,Occasional,4.7,"Casual Dining"
O4171,C50,27,D239,R309,McDonalds,"Hyderabad B6",Hyderabad,2024-01-14,Non-Veg,684,56,129,611,UPI,Premium,3.2,Cafe
O4172,C249,30,D591,R83,Dominos,"Delhi B2",Delhi,2024-03-22,Veg,380,51,9,422,UPI,Premium,4.9,"Fast Food"
O4173,C1520,39,D719,R141,Dominos,"Delhi B6",Delhi,2023-07-15,Veg,941,38,87,892,Cash,Occasional,3.6,"Fast Food"
O4174,C1236,20,D413,R130,Dominos,"Delhi B3",Delhi,2024-02-06,Non-Veg,727,22,134,615,UPI,Regular,4.8,"Casual Dining"
O4175,C1990,60,D966,R266,"Pizza Hut","Bangalore B9",Bangalore,2023-05-12,Veg,637,34,52,619,UPI,Regular,4.7,"Casual Dining"
O4176,C715,35,D800,R281,"Pizza Hut","Mumbai B1",Mumbai,2023-07-18,Non-Veg,327,53,43,337,UPI,Regular,4,"Casual Dining"
O4177,C221,26,D212,R145,McDonalds,"Pune B4",Pune,2023-10-13,Veg,435,40,28,447,UPI,Occasional,4.3,"Fast Food"
O4178,C1316,28,D105,R156,Dominos,"Delhi B5",Delhi,2024-06-22,Veg,455,55,120,390,UPI,Occasional,3.5,Cafe
O4179,C846,31,D505,R104,KFC,"Mumbai B4",Mumbai,2023-10-05,Non-Veg,402,29,23,408,Cash,Premium,4,Cafe
O4180,C620,32,D828,R255,Dominos,"Pune B2",Pune,2024-07-04,Veg,792,43,86,749,Cash,Regular,4.2,Cafe
O4181,C1374,35,D520,R20,"Pizza Hut","Delhi B4",Delhi,2023-11-27,Veg,477,38,33,482,UPI,Regular,4.2,"Casual Dining"
O4182,C366,35,D279,R302,"Biryani House","Hyderabad B5",Hyderabad,2024-02-18,Non-Veg,758,28,137,649,Cash,Regular,4.9,"Fast Food"
O4183,C1475,25,D627,R314,McDonalds,"Pune B7",Pune,2024-04-30,Non-Veg,314,28,113,229,UPI,Premium,3.7,Cafe
O4184,C1037,32,D236,R352,"Biryani House","Hyderabad B4",Hyderabad,2023-05-04,Veg,219,53,103,169,UPI,Occasional,4.3,Cafe
O4185,C451,32,D580,R228,McDonalds,"Delhi B6",Delhi,2024-01-12,Non-Veg,249,50,127,172,UPI,Occasional,4.5,Cafe
O4186,C648,20,D754,R157,KFC,"Mumbai B3",Mumbai,2023-09-04,Veg,624,60,64,620,Cash,Regular,4.8,Cafe
O4187,C1811,30,D754,R40,McDonalds,"Mumbai B7",Mumbai,2023-09-17,Veg,751,38,0,789,UPI,Occasional,4.8,"Casual Dining"
O4188,C1543,25,D697,R329,"Biryani House","Mumbai B1",Mumbai,2024-04-30,Non-Veg,433,47,87,393,Cash,Regular,3.2,Cafe
O4189,C46,22,D252,R193,"Pizza Hut","Mumbai B3",Mumbai,2023-05-29,Non-Veg,459,36,104,391,Cash,Regular,4.8,"Fast Food"
O4190,C49,27,D747,R338,McDonalds,"Hyderabad B8",Hyderabad,2024-06-29,Veg,680,32,87,625,Cash,Regular,3.3,"Casual Dining"
O4191,C588,31,D786,R41,McDonalds,"Mumbai B6",Mumbai,2024-07-04,Veg,487,44,0,531,UPI,Occasional,3.2,Cafe
O4192,C97,29,D614,R357,Dominos,"Pune B7",Pune,2024-04-01,Veg,247,47,136,158,UPI,Premium,3.6,"Casual Dining"
O4193,C1168,38,D831,R147,McDonalds,"Delhi B9",Delhi,2023-11-20,Veg,259,60,112,207,UPI,Regular,4.7,"Casual Dining"
O4194,C41,31,D923,R79,McDonalds,"Delhi B4",Delhi,2023-05-10,Veg,965,42,103,904,UPI,Regular,3,Cafe
O4195,C498,31,D681,R59,"Biryani House","Bangalore B6",Bangalore,2023-04-10,Veg,653,51,80,624,UPI,Premium,3.9,"Fast Food"
O4196,C666,37,D185,R382,McDonalds,"Mumbai B8",Mumbai,2024-01-19,Non-Veg,652,56,56,652,Cash,Regular,3.3,Cafe
O4197,C394,32,D877,R85,KFC,"Bangalore B1",Bangalore,2023-04-11,Non-Veg,588,26,92,522,Card,Regular,3.4,"Fast Food"
O4198,C1442,44,D121,R337,KFC,"Bangalore B8",Bangalore,2023-12-25,Non-Veg,302,49,52,299,Card,Occasional,3.5,"Fast Food"
O4199,C1471,31,D220,R318,"Pizza Hut","Hyderabad B3",Hyderabad,2024-02-12,Veg,461,47,106,402,UPI,Regular,3.1,Cafe
O4200,C1420,35,D616,R147,McDonalds,"Delhi B9",Delhi,2023-06-25,Veg,708,22,10,720,UPI,Occasional,4.6,"Casual Dining"
O4201,C1868,28,D141,R361,KFC,"Pune B3",Pune,2023-04-14,Veg,910,49,23,936,Cash,Regular,3.2,Cafe
O4202,C1438,39,D563,R341,KFC,"Pune B9",Pune,2023-02-25,Non-Veg,810,41,48,803,UPI,Premium,4.2,Cafe
O4203,C1968,32,D263,R145,McDonalds,"Pune B4",Pune,2023-09-13,Non-Veg,984,47,74,957,UPI,Occasional,3.8,"Fast Food"
O4204,C836,33,D583,R226,"Pizza Hut","Mumbai B7",Mumbai,2023-09-14,Non-Veg,222,30,49,203,UPI,Regular,4.6,"Casual Dining"
O4205,C907,35,D642,R10,"Biryani House","Bangalore B7",Bangalore,2023-11-10,Non-Veg,936,24,20,940,UPI,Regular,4.8,Cafe
O4206,C642,33,D64,R127,KFC,"Pune B5",Pune,2023-09-29,Non-Veg,769,24,94,699,UPI,Regular,3.7,"Fast Food"
O4207,C1724,28,D826,R111,Dominos,"Delhi B7",Delhi,2023-12-18,Non-Veg,619,45,26,638,UPI,Premium,3.5,"Casual Dining"
O4208,C121,27,D316,R379,Dominos,"Pune B6",Pune,2024-01-14,Non-Veg,373,59,110,322,UPI,Occasional,4.3,"Fast Food"
O4209,C572,24,D28,R28,Dominos,"Pune B3",Pune,2024-04-02,Veg,977,22,27,972,UPI,Regular,4,"Casual Dining"
O4210,C714,64,D822,R17,"Biryani House","Delhi B10",Delhi,2023-08-01,Veg,519,37,87,469,UPI,Premium,3.1,Cafe
O4211,C853,36,D234,R101,Dominos,"Bangalore B7",Bangalore,2024-09-29,Non-Veg,456,52,133,375,UPI,Regular,4.3,"Fast Food"
O4212,C244,29,D162,R105,"Pizza Hut","Hyderabad B10",Hyderabad,2024-03-04,Non-Veg,414,34,136,312,UPI,Regular,4.6,"Casual Dining"
O4213,C1345,39,D338,R318,"Pizza Hut","Hyderabad B3",Hyderabad,2023-05-21,Non-Veg,230,27,76,181,UPI,Occasional,3.4,Cafe
O4214,C874,32,D688,R277,Dominos,"Bangalore B6",Bangalore,2024-03-12,Veg,480,53,75,458,Cash,Regular,3.6,"Casual Dining"
O4215,C725,61,D167,R92,"Biryani House","Delhi B9",Delhi,2024-04-27,Non-Veg,707,30,79,658,UPI,Occasional,3.9,"Casual Dining"
O4216,C123,69,D713,R161,Dominos,"Delhi B2",Delhi,2023-11-17,Veg,592,42,1,633,UPI,Regular,3.5,"Fast Food"
O4217,C665,39,D714,R124,"Pizza Hut","Hyderabad B1",Hyderabad,2023-08-02,Veg,945,49,1,993,Card,Regular,3.2,"Fast Food"
O4218,C1796,30,D852,R74,McDonalds,"Mumbai B3",Mumbai,2023-05-15,Non-Veg,451,31,11,471,Cash,Regular,5,"Casual Dining"
O4219,C1748,25,D276,R124,"Pizza Hut","Hyderabad B1",Hyderabad,2023-12-23,Veg,305,46,137,214,UPI,Occasional,3.8,"Fast Food"
O4220,C956,28,D155,R145,McDonalds,"Pune B4",Pune,2024-07-21,Veg,287,25,31,281,UPI,Premium,4.3,"Fast Food"
O4221,C985,27,D837,R170,"Pizza Hut","Mumbai B3",Mumbai,2023-11-04,Non-Veg,528,27,113,442,UPI,Premium,3.4,Cafe
O4222,C740,38,D667,R83,Dominos,"Delhi B2",Delhi,2023-11-26,Non-Veg,782,56,21,817,Cash,Premium,3.8,"Fast Food"
O4223,C721,35,D656,R44,"Biryani House","Hyderabad B9",Hyderabad,2023-08-04,Non-Veg,866,32,97,801,UPI,Occasional,4.8,"Fast Food"
O4224,C1675,51,D936,R212,"Biryani House","Bangalore B6",Bangalore,2023-12-17,Veg,963,50,105,908,UPI,Occasional,3.3,"Casual Dining"
O4225,C92,31,D45,R388,Dominos,"Mumbai B9",Mumbai,2023-05-22,Veg,991,33,12,1012,Cash,Occasional,3.8,"Casual Dining"
O4226,C1425,64,D956,R275,Dominos,"Bangalore B9",Bangalore,2023-06-08,Non-Veg,447,55,90,412,Cash,Occasional,4.2,Cafe
O4227,C906,31,D134,R147,McDonalds,"Delhi B9",Delhi,2023-09-21,Veg,936,51,117,870,Cash,Occasional,4.7,"Casual Dining"
O4228,C526,25,D30,R176,"Biryani House","Mumbai B2",Mumbai,2023-09-04,Veg,383,41,102,322,Cash,Premium,4.6,"Casual Dining"
O4229,C1237,38,D645,R40,McDonalds,"Mumbai B7",Mumbai,2023-12-20,Veg,755,51,122,684,UPI,Premium,4.8,"Casual Dining"
O4230,C71,41,D64,R28,Dominos,"Pune B3",Pune,2023-06-23,Veg,996,43,13,1026,Card,Regular,3.7,"Casual Dining"
O4231,C1689,32,D883,R88,"Biryani House","Delhi B4",Delhi,2023-11-07,Non-Veg,441,38,49,430,UPI,Occasional,3.9,"Casual Dining"
O4232,C1123,34,D820,R66,Dominos,"Mumbai B5",Mumbai,2024-05-01,Veg,716,27,57,686,UPI,Regular,4.7,"Casual Dining"
O4233,C1624,31,D646,R355,KFC,"Bangalore B4",Bangalore,2023-09-30,Non-Veg,920,31,129,822,Cash,Regular,4.8,Cafe
O4234,C1621,42,D362,R313,KFC,"Hyderabad B6",Hyderabad,2024-04-12,Veg,885,28,149,764,Cash,Occasional,3.1,Cafe
O4235,C760,40,D511,R121,"Biryani House","Delhi B9",Delhi,2024-06-17,Non-Veg,533,38,63,508,Cash,Occasional,4.1,"Fast Food"
O4236,C1234,30,D232,R141,Dominos,"Delhi B6",Delhi,2023-05-18,Veg,711,49,18,742,UPI,Premium,3.8,"Fast Food"
O4237,C1017,39,D746,R263,KFC,"Hyderabad B3",Hyderabad,2024-03-15,Non-Veg,358,36,66,328,UPI,Regular,4.7,Cafe
O4238,C843,32,D812,R348,Dominos,"Bangalore B4",Bangalore,2023-05-31,Non-Veg,401,29,65,365,UPI,Occasional,4.1,Cafe
O4239,C1433,35,D63,R167,McDonalds,"Bangalore B5",Bangalore,2024-04-19,Non-Veg,310,41,104,247,Cash,Premium,4.4,"Fast Food"
O4240,C101,30,D678,R315,Dominos,"Bangalore B10",Bangalore,2023-08-03,Non-Veg,764,42,82,724,Cash,Premium,3.3,Cafe
O4241,C644,69,D904,R352,"Biryani House","Hyderabad B4",Hyderabad,2024-07-21,Non-Veg,529,44,115,458,Cash,Premium,3.3,Cafe
O4242,C1216,30,D509,R37,Dominos,"Hyderabad B4",Hyderabad,2024-03-10,Non-Veg,314,23,31,306,Cash,Premium,3.9,"Casual Dining"
O4243,C827,33,D969,R233,"Pizza Hut","Bangalore B5",Bangalore,2024-09-06,Non-Veg,253,54,2,305,UPI,Regular,3.3,"Casual Dining"
O4244,C575,22,D680,R11,"Biryani House","Pune B2",Pune,2023-09-23,Veg,998,57,39,1016,Cash,Regular,4.4,"Fast Food"
O4245,C377,33,D899,R264,"Pizza Hut","Mumbai B4",Mumbai,2024-04-27,Non-Veg,822,34,92,764,UPI,Occasional,4.5,Cafe
O4246,C1502,27,D823,R202,"Biryani House","Pune B6",Pune,2023-06-23,Veg,456,24,62,418,Cash,Occasional,3.7,"Casual Dining"
O4247,C821,29,D216,R128,McDonalds,"Hyderabad B9",Hyderabad,2023-11-26,Non-Veg,323,41,54,310,UPI,Premium,4.8,"Fast Food"
O4248,C1576,38,D672,R184,KFC,"Bangalore B3",Bangalore,2023-07-20,Veg,968,22,130,860,UPI,Occasional,3.8,"Casual Dining"
O4249,C1968,33,D801,R342,"Biryani House","Pune B5",Pune,2023-02-27,Veg,202,46,132,116,UPI,Occasional,3.1,"Fast Food"
O4250,C299,26,D281,R162,Dominos,"Pune B9",Pune,2024-01-31,Veg,559,40,12,587,Cash,Regular,4.5,"Fast Food"
O4251,C119,32,D967,R2,"Biryani House","Mumbai B4",Mumbai,2024-01-17,Veg,920,45,122,843,UPI,Occasional,4.2,Cafe
O4252,C498,31,D805,R35,McDonalds,"Bangalore B6",Bangalore,2024-02-10,Non-Veg,392,23,0,415,Cash,Premium,3,"Casual Dining"
O4253,C1496,22,D753,R267,"Biryani House","Bangalore B9",Bangalore,2023-02-24,Veg,817,34,130,721,Cash,Regular,3.8,"Casual Dining"
O4254,C320,53,D610,R240,Dominos,"Pune B5",Pune,2024-01-19,Veg,536,25,35,526,Card,Premium,5,"Casual Dining"
O4255,C1733,22,D484,R15,Dominos,"Hyderabad B9",Hyderabad,2023-08-28,Veg,989,50,144,895,Cash,Regular,3.2,"Fast Food"
O4256,C690,61,D756,R343,Dominos,"Bangalore B1",Bangalore,2024-03-16,Veg,632,47,125,554,Cash,Occasional,3.3,"Fast Food"
O4257,C998,40,D538,R281,"Pizza Hut","Mumbai B1",Mumbai,2023-03-29,Non-Veg,473,58,5,526,UPI,Premium,3.4,"Casual Dining"
O4258,C1819,22,D692,R356,"Biryani House","Pune B8",Pune,2023-07-11,Non-Veg,649,51,54,646,UPI,Occasional,4.8,"Casual Dining"
O4259,C829,34,D676,R167,McDonalds,"Bangalore B5",Bangalore,2024-05-28,Veg,474,54,78,450,UPI,Premium,3.2,"Fast Food"
O4260,C36,40,D343,R351,"Pizza Hut","Delhi B9",Delhi,2023-06-01,Veg,715,21,135,601,Cash,Premium,4.7,"Fast Food"
O4261,C1246,36,D148,R36,"Biryani House","Delhi B6",Delhi,2023-11-28,Veg,441,56,65,432,Card,Occasional,3.7,Cafe
O4262,C1550,39,D431,R18,McDonalds,"Pune B5",Pune,2023-11-24,Veg,539,49,45,543,UPI,Regular,4.6,"Fast Food"
O4263,C517,36,D998,R36,"Biryani House","Delhi B6",Delhi,2023-10-04,Non-Veg,451,27,104,374,UPI,Regular,4.8,Cafe
O4264,C455,28,D246,R381,KFC,"Hyderabad B10",Hyderabad,2023-09-23,Non-Veg,577,33,42,568,Card,Premium,3.6,"Fast Food"
O4265,C1335,27,D931,R26,KFC,"Delhi B4",Delhi,2023-09-30,Non-Veg,488,51,147,392,UPI,Premium,4.9,Cafe
O4266,C1343,31,D961,R125,"Pizza Hut","Delhi B2",Delhi,2024-01-17,Veg,384,39,37,386,Card,Premium,4.7,"Casual Dining"
O4267,C341,28,D790,R126,KFC,"Hyderabad B6",Hyderabad,2024-02-06,Veg,812,45,108,749,UPI,Premium,5,"Fast Food"
O4268,C346,23,D883,R369,"Biryani House","Delhi B4",Delhi,2023-08-31,Veg,887,53,1,939,UPI,Regular,3.9,Cafe
O4269,C226,34,D194,R66,Dominos,"Mumbai B5",Mumbai,2023-11-14,Veg,217,53,41,229,UPI,Regular,4.4,"Casual Dining"
O4270,C59,32,D452,R152,"Biryani House","Mumbai B8",Mumbai,2024-04-08,Non-Veg,843,42,10,875,UPI,Occasional,4.8,Cafe
O4271,C450,29,D442,R125,"Pizza Hut","Delhi B2",Delhi,2023-09-26,Non-Veg,741,60,111,690,UPI,Occasional,4.5,"Casual Dining"
O4272,C827,28,D92,R233,"Pizza Hut","Bangalore B5",Bangalore,2024-02-27,Non-Veg,320,48,83,285,Cash,Regular,3.2,"Casual Dining"
O4273,C1035,34,D91,R6,Dominos,"Mumbai B4",Mumbai,2023-10-20,Veg,707,44,9,742,UPI,Occasional,4.1,Cafe
O4274,C996,30,D617,R161,Dominos,"Delhi B2",Delhi,2024-02-08,Non-Veg,872,38,150,760,UPI,Regular,4.7,"Fast Food"
O4275,C1631,35,D519,R89,McDonalds,"Bangalore B6",Bangalore,2024-01-16,Veg,328,36,42,322,UPI,Regular,4.1,Cafe
O4276,C1044,39,D568,R385,"Biryani House","Hyderabad B4",Hyderabad,2023-09-24,Non-Veg,541,54,87,508,UPI,Premium,3.8,"Casual Dining"
O4277,C1314,32,D466,R83,Dominos,"Delhi B2",Delhi,2024-01-27,Non-Veg,939,56,87,908,UPI,Premium,5,"Fast Food"
O4278,C270,26,D309,R385,"Biryani House","Hyderabad B4",Hyderabad,2023-10-11,Veg,278,47,24,301,UPI,Regular,4.7,"Casual Dining"
O4279,C1849,28,D460,R216,"Pizza Hut","Bangalore B1",Bangalore,2023-05-16,Veg,397,46,132,311,UPI,Regular,3.8,"Casual Dining"
O4280,C182,27,D215,R314,McDonalds,"Pune B7",Pune,2024-03-25,Non-Veg,310,53,88,275,UPI,Premium,4.3,Cafe
O4281,C401,36,D75,R364,"Pizza Hut","Bangalore B5",Bangalore,2024-01-19,Non-Veg,214,52,93,173,Cash,Premium,3.4,Cafe
O4282,C914,22,D714,R302,"Biryani House","Hyderabad B5",Hyderabad,2023-10-07,Non-Veg,332,37,140,229,UPI,Regular,3.2,"Fast Food"
O4283,C797,39,D459,R185,Dominos,"Pune B4",Pune,2023-09-20,Non-Veg,458,40,72,426,UPI,Regular,3.5,"Casual Dining"
O4284,C1715,35,D749,R88,"Biryani House","Delhi B4",Delhi,2024-04-27,Veg,358,26,140,244,UPI,Premium,3.9,"Casual Dining"
O4285,C773,26,D954,R235,"Pizza Hut","Pune B9",Pune,2024-02-09,Non-Veg,918,56,129,845,UPI,Regular,4.9,"Fast Food"
O4286,C1634,36,D167,R279,"Pizza Hut","Delhi B4",Delhi,2024-03-24,Non-Veg,899,21,138,782,Cash,Regular,3.9,"Fast Food"
O4287,C196,53,D505,R237,Dominos,"Mumbai B2",Mumbai,2023-09-23,Non-Veg,617,28,15,630,UPI,Premium,4,"Fast Food"
O4288,C1436,37,D569,R10,"Biryani House","Bangalore B7",Bangalore,2024-06-28,Veg,270,36,93,213,UPI,Regular,3.2,Cafe
O4289,C693,53,D138,R377,"Biryani House","Delhi B1",Delhi,2024-03-25,Non-Veg,627,52,13,666,UPI,Premium,4.1,Cafe
O4290,C1435,37,D313,R193,"Pizza Hut","Mumbai B3",Mumbai,2024-02-16,Non-Veg,380,43,145,278,UPI,Premium,4.9,"Fast Food"
O4291,C1437,27,D840,R89,McDonalds,"Bangalore B6",Bangalore,2023-10-13,Non-Veg,556,47,147,456,UPI,Occasional,4.4,Cafe
O4292,C790,67,D499,R329,"Biryani House","Mumbai B1",Mumbai,2024-05-16,Veg,734,24,22,736,Cash,Occasional,3.8,Cafe
O4293,C128,32,D464,R385,"Biryani House","Hyderabad B4",Hyderabad,2023-12-17,Non-Veg,527,36,18,545,Cash,Occasional,3.2,"Casual Dining"
O4294,C1819,34,D881,R145,McDonalds,"Pune B4",Pune,2024-06-25,Veg,825,59,59,825,UPI,Occasional,3.8,"Fast Food"
O4295,C480,37,D293,R279,"Pizza Hut","Delhi B4",Delhi,2023-10-11,Non-Veg,273,26,88,211,UPI,Regular,3.8,"Fast Food"
O4296,C1216,28,D109,R70,"Biryani House","Hyderabad B10",Hyderabad,2023-11-29,Veg,867,22,112,777,UPI,Premium,3.2,"Casual Dining"
O4297,C1474,29,D640,R126,KFC,"Hyderabad B6",Hyderabad,2023-04-02,Veg,487,34,117,404,UPI,Premium,3.6,"Fast Food"
O4298,C798,39,D963,R7,"Biryani House","Delhi B7",Delhi,2024-01-01,Non-Veg,936,29,128,837,UPI,Occasional,5,Cafe
O4299,C1667,61,D827,R338,McDonalds,"Hyderabad B8",Hyderabad,2023-08-07,Non-Veg,836,27,105,758,UPI,Regular,3,"Casual Dining"
O4300,C271,18,D336,R356,"Biryani House","Pune B8",Pune,2023-10-09,Non-Veg,448,48,115,381,Cash,Regular,3.4,"Casual Dining"
O4301,C1061,65,D415,R365,"Pizza Hut","Bangalore B7",Bangalore,2023-05-27,Non-Veg,853,45,148,750,UPI,Premium,4.6,"Casual Dining"
O4302,C42,48,D653,R57,KFC,"Pune B2",Pune,2023-08-09,Non-Veg,989,22,65,946,Cash,Occasional,4.6,"Casual Dining"
O4303,C1622,30,D50,R125,"Pizza Hut","Delhi B2",Delhi,2023-10-15,Non-Veg,961,33,139,855,Cash,Regular,4.1,"Casual Dining"
O4304,C358,34,D15,R37,Dominos,"Hyderabad B4",Hyderabad,2023-02-16,Non-Veg,770,34,110,694,UPI,Regular,3.6,"Casual Dining"
O4305,C933,19,D749,R49,KFC,"Delhi B3",Delhi,2024-02-18,Non-Veg,280,39,109,210,Cash,Regular,3.9,"Fast Food"
O4306,C626,26,D561,R307,KFC,"Bangalore B6",Bangalore,2023-11-17,Veg,856,23,33,846,Cash,Occasional,3.8,Cafe
O4307,C752,31,D471,R108,"Pizza Hut","Mumbai B4",Mumbai,2024-08-26,Veg,952,41,65,928,UPI,Regular,4.3,"Casual Dining"
O4308,C1749,36,D887,R329,"Biryani House","Mumbai B1",Mumbai,2023-11-23,Non-Veg,825,50,6,869,UPI,Occasional,3.4,Cafe
O4309,C876,39,D690,R339,"Biryani House","Delhi B6",Delhi,2023-06-20,Non-Veg,608,43,121,530,UPI,Occasional,3.5,"Casual Dining"
O4310,C1862,65,D5,R141,Dominos,"Delhi B6",Delhi,2023-06-05,Non-Veg,635,33,104,564,Cash,Regular,3.2,"Fast Food"
O4311,C894,47,D845,R208,"Biryani House","Pune B2",Pune,2023-08-03,Veg,671,37,20,688,Card,Premium,4.2,"Fast Food"
O4312,C706,34,D255,R228,McDonalds,"Delhi B6",Delhi,2024-04-19,Veg,785,36,51,770,UPI,Regular,4.1,Cafe
O4313,C1788,27,D885,R2,"Biryani House","Mumbai B4",Mumbai,2023-10-29,Veg,699,39,50,688,UPI,Premium,3.1,Cafe
O4314,C1947,28,D838,R264,"Pizza Hut","Mumbai B4",Mumbai,2024-03-22,Veg,536,22,23,535,Cash,Occasional,4.2,Cafe
O4315,C1110,38,D794,R294,"Biryani House","Hyderabad B1",Hyderabad,2023-06-07,Veg,446,58,147,357,UPI,Occasional,4.8,"Casual Dining"
O4316,C1510,70,D152,R192,Dominos,"Bangalore B9",Bangalore,2023-10-31,Veg,466,31,18,479,UPI,Occasional,5,"Fast Food"
O4317,C1905,39,D598,R202,"Biryani House","Pune B6",Pune,2023-10-28,Non-Veg,356,32,14,374,UPI,Premium,3.1,"Casual Dining"
O4318,C747,39,D501,R168,"Biryani House","Hyderabad B9",Hyderabad,2023-02-13,Veg,985,60,136,909,Cash,Occasional,4.3,"Fast Food"
O4319,C199,52,D996,R100,"Pizza Hut","Pune B3",Pune,2023-08-11,Veg,365,52,74,343,UPI,Regular,4.4,"Fast Food"
O4320,C446,25,D189,R308,"Pizza Hut","Hyderabad B5",Hyderabad,2023-12-27,Non-Veg,773,54,74,753,Cash,Regular,4.4,Cafe
O4321,C1910,36,D398,R246,"Biryani House","Delhi B1",Delhi,2024-07-06,Veg,745,27,103,669,Cash,Premium,4.1,"Fast Food"
O4322,C1243,44,D874,R139,KFC,"Mumbai B6",Mumbai,2023-07-13,Non-Veg,248,22,110,160,Cash,Regular,3.6,"Casual Dining"
O4323,C1283,39,D415,R114,"Biryani House","Bangalore B2",Bangalore,2023-09-12,Veg,469,48,139,378,Cash,Regular,4.6,"Fast Food"
O4324,C1084,39,D667,R1,Dominos,"Delhi B7",Delhi,2024-05-09,Non-Veg,417,29,99,347,UPI,Occasional,3.8,"Casual Dining"
O4325,C355,59,D672,R323,"Pizza Hut","Bangalore B3",Bangalore,2023-05-12,Veg,347,59,34,372,Cash,Premium,3.8,"Casual Dining"
O4326,C1907,30,D712,R78,"Pizza Hut","Pune B1",Pune,2024-01-14,Veg,853,28,23,858,Cash,Occasional,4.6,"Fast Food"
O4327,C1008,35,D649,R302,"Biryani House","Hyderabad B5",Hyderabad,2024-09-02,Veg,589,41,33,597,UPI,Occasional,4.6,"Fast Food"
O4328,C532,35,D308,R73,Dominos,"Bangalore B1",Bangalore,2023-06-30,Non-Veg,435,47,131,351,UPI,Occasional,4.7,Cafe
O4329,C70,26,D98,R118,KFC,"Mumbai B4",Mumbai,2024-02-20,Veg,476,27,142,361,UPI,Premium,4.4,"Casual Dining"
O4330,C307,36,D916,R156,Dominos,"Delhi B5",Delhi,2023-02-21,Non-Veg,973,44,117,900,UPI,Occasional,3.6,Cafe
O4331,C819,19,D307,R119,"Biryani House","Hyderabad B7",Hyderabad,2024-07-29,Veg,573,48,103,518,UPI,Regular,4.4,"Fast Food"
O4332,C458,69,D429,R263,KFC,"Hyderabad B3",Hyderabad,2024-08-06,Veg,514,38,21,531,UPI,Regular,3.1,Cafe
O4333,C1990,34,D803,R212,"Biryani House","Bangalore B6",Bangalore,2024-06-02,Non-Veg,922,30,13,939,UPI,Regular,4,"Casual Dining"
O4334,C101,63,D374,R136,McDonalds,"Bangalore B3",Bangalore,2023-05-10,Non-Veg,877,25,149,753,Cash,Premium,4.8,"Casual Dining"
O4335,C700,33,D97,R206,McDonalds,"Mumbai B3",Mumbai,2023-09-08,Non-Veg,761,57,11,807,UPI,Occasional,4.6,Cafe
O4336,C372,39,D169,R152,"Biryani House","Mumbai B8",Mumbai,2023-03-26,Non-Veg,712,35,71,676,UPI,Occasional,3.5,Cafe
O4337,C321,65,D366,R251,Dominos,"Delhi B10",Delhi,2024-03-27,Non-Veg,717,32,82,667,Cash,Premium,5,"Casual Dining"
O4338,C1384,33,D962,R258,KFC,"Bangalore B3",Bangalore,2023-09-15,Non-Veg,291,25,45,271,UPI,Regular,4.5,"Fast Food"
O4339,C581,39,D194,R19,McDonalds,"Mumbai B2",Mumbai,2023-02-23,Non-Veg,288,45,89,244,Cash,Regular,4.4,"Fast Food"
O4340,C1204,30,D26,R210,"Pizza Hut","Pune B6",Pune,2023-03-25,Veg,233,34,115,152,Card,Regular,3.2,"Fast Food"
O4341,C455,68,D216,R42,KFC,"Hyderabad B2",Hyderabad,2023-06-15,Non-Veg,636,29,96,569,Cash,Premium,4.8,"Fast Food"
O4342,C136,62,D716,R103,"Pizza Hut","Hyderabad B1",Hyderabad,2023-04-27,Non-Veg,285,31,118,198,UPI,Premium,4.7,Cafe
O4343,C1624,28,D308,R396,"Pizza Hut","Bangalore B8",Bangalore,2023-04-29,Veg,950,23,120,853,Cash,Regular,4.7,Cafe
O4344,C423,25,D922,R109,Dominos,"Bangalore B3",Bangalore,2024-03-24,Non-Veg,542,41,116,467,Cash,Occasional,3.6,Cafe
O4345,C1977,37,D135,R27,McDonalds,"Pune B3",Pune,2023-10-21,Non-Veg,795,38,8,825,UPI,Regular,4.2,Cafe
O4346,C667,27,D937,R389,"Biryani House","Bangalore B7",Bangalore,2024-02-25,Veg,952,52,6,998,Cash,Premium,3.5,"Fast Food"
O4347,C454,56,D728,R395,McDonalds,"Hyderabad B6",Hyderabad,2023-09-10,Non-Veg,970,37,13,994,Cash,Regular,3.1,"Fast Food"
O4348,C1917,40,D1,R191,McDonalds,"Hyderabad B2",Hyderabad,2024-04-19,Non-Veg,998,22,89,931,UPI,Occasional,3.9,Cafe
O4349,C802,38,D535,R375,McDonalds,"Bangalore B3",Bangalore,2023-06-08,Veg,904,37,110,831,Cash,Premium,3.3,"Fast Food"
O4350,C1187,56,D829,R128,McDonalds,"Hyderabad B9",Hyderabad,2024-03-18,Veg,764,29,31,762,UPI,Occasional,4.5,"Fast Food"
O4351,C1611,36,D539,R233,"Pizza Hut","Bangalore B5",Bangalore,2024-02-15,Veg,718,27,83,662,UPI,Premium,4.2,"Casual Dining"
O4352,C1213,37,D404,R123,Dominos,"Delhi B2",Delhi,2024-08-15,Veg,932,57,5,984,UPI,Premium,4.3,"Fast Food"
O4353,C1332,29,D977,R83,Dominos,"Delhi B2",Delhi,2023-08-01,Non-Veg,701,49,55,695,UPI,Regular,4.8,"Fast Food"
O4354,C1941,31,D843,R41,McDonalds,"Mumbai B6",Mumbai,2023-08-19,Veg,553,55,122,486,UPI,Occasional,3.7,Cafe
O4355,C1202,28,D28,R115,Dominos,"Pune B10",Pune,2024-03-17,Non-Veg,554,29,53,530,UPI,Premium,4,"Casual Dining"
O4356,C393,25,D751,R246,"Biryani House","Delhi B1",Delhi,2024-06-01,Veg,815,59,29,845,UPI,Regular,3.9,"Fast Food"
O4357,C1912,41,D96,R73,Dominos,"Bangalore B1",Bangalore,2023-06-27,Veg,989,41,48,982,UPI,Premium,4.9,Cafe
O4358,C1753,54,D924,R377,"Biryani House","Delhi B1",Delhi,2023-08-28,Veg,691,32,11,712,Card,Regular,4.3,Cafe
O4359,C1997,36,D648,R84,"Biryani House","Bangalore B8",Bangalore,2023-03-26,Veg,991,34,111,914,UPI,Premium,3.5,Cafe
O4360,C973,31,D651,R295,"Biryani House","Pune B5",Pune,2024-07-14,Veg,705,37,5,737,UPI,Occasional,3.1,Cafe
O4361,C1900,26,D915,R151,"Biryani House","Hyderabad B10",Hyderabad,2023-04-10,Non-Veg,721,34,27,728,UPI,Premium,3.7,"Fast Food"
O4362,C34,36,D113,R360,McDonalds,"Delhi B4",Delhi,2024-01-08,Non-Veg,741,43,100,684,Cash,Occasional,4.3,"Fast Food"
O4363,C1856,40,D668,R296,KFC,"Hyderabad B2",Hyderabad,2023-10-31,Veg,946,25,116,855,Cash,Premium,4.6,Cafe
O4364,C1295,37,D35,R304,McDonalds,"Delhi B1",Delhi,2024-06-29,Veg,377,44,9,412,Cash,Occasional,4.1,Cafe
O4365,C1265,35,D238,R132,McDonalds,"Hyderabad B1",Hyderabad,2024-05-19,Non-Veg,457,32,135,354,UPI,Premium,3.7,Cafe
O4366,C590,40,D741,R294,"Biryani House","Hyderabad B1",Hyderabad,2023-03-31,Veg,449,47,23,473,Cash,Occasional,3.3,"Casual Dining"
O4367,C1866,52,D864,R24,"Pizza Hut","Hyderabad B3",Hyderabad,2023-10-31,Veg,956,60,147,869,UPI,Occasional,4.8,"Fast Food"
O4368,C1866,32,D37,R334,"Biryani House","Hyderabad B10",Hyderabad,2023-10-20,Non-Veg,526,23,132,417,UPI,Occasional,3.3,Cafe
O4369,C765,40,D652,R375,McDonalds,"Bangalore B3",Bangalore,2024-04-27,Non-Veg,513,50,133,430,Cash,Premium,4.7,"Fast Food"
O4370,C1188,38,D264,R158,"Biryani House","Delhi B8",Delhi,2023-11-16,Veg,403,56,103,356,Cash,Premium,3.7,"Fast Food"
O4371,C265,31,D166,R304,McDonalds,"Delhi B1",Delhi,2023-05-17,Veg,660,24,5,679,UPI,Regular,3.3,Cafe
O4372,C1069,37,D719,R161,Dominos,"Delhi B2",Delhi,2024-01-01,Veg,687,43,115,615,UPI,Occasional,3.6,"Fast Food"
O4373,C1137,33,D182,R374,KFC,"Pune B5",Pune,2024-04-19,Veg,494,56,105,445,UPI,Premium,4.2,"Casual Dining"
O4374,C1868,35,D517,R241,"Pizza Hut","Pune B5",Pune,2024-03-25,Non-Veg,404,26,62,368,Cash,Regular,4.8,Cafe
O4375,C1085,30,D861,R63,Dominos,"Delhi B3",Delhi,2023-08-07,Non-Veg,853,31,5,879,UPI,Occasional,4.8,Cafe
O4376,C1666,30,D913,R152,"Biryani House","Mumbai B8",Mumbai,2023-09-21,Non-Veg,875,22,79,818,UPI,Regular,4.8,Cafe
O4377,C622,40,D726,R366,McDonalds,"Bangalore B2",Bangalore,2023-12-30,Veg,434,40,41,433,UPI,Premium,3.6,Cafe
O4378,C1830,27,D199,R43,"Pizza Hut","Hyderabad B5",Hyderabad,2023-05-12,Non-Veg,540,21,138,423,UPI,Occasional,3.1,"Fast Food"
O4379,C69,39,D306,R387,KFC,"Pune B7",Pune,2024-01-05,Non-Veg,980,35,66,949,UPI,Premium,3.9,"Casual Dining"
O4380,C1760,21,D302,R242,McDonalds,"Pune B8",Pune,2024-03-28,Veg,391,31,45,377,Cash,Premium,4,"Fast Food"
O4381,C1766,36,D581,R362,Dominos,"Bangalore B2",Bangalore,2024-03-30,Non-Veg,413,40,60,393,UPI,Regular,4.6,Cafe
O4382,C1493,27,D627,R14,Dominos,"Pune B7",Pune,2023-11-20,Non-Veg,881,49,52,878,UPI,Regular,3.7,Cafe
O4383,C604,32,D46,R391,McDonalds,"Delhi B5",Delhi,2023-11-01,Veg,909,30,111,828,Cash,Regular,3.1,"Casual Dining"
O4384,C1757,61,D246,R207,"Biryani House","Hyderabad B1",Hyderabad,2024-04-06,Non-Veg,610,47,32,625,UPI,Regular,3.6,"Fast Food"
O4385,C1939,27,D186,R12,"Biryani House","Bangalore B7",Bangalore,2023-11-13,Veg,543,32,54,521,Cash,Premium,3,"Casual Dining"
O4386,C883,29,D991,R143,"Biryani House","Mumbai B10",Mumbai,2023-11-29,Veg,226,21,44,203,UPI,Occasional,3.8,"Fast Food"
O4387,C473,27,D776,R298,Dominos,"Pune B5",Pune,2023-10-28,Non-Veg,225,59,34,250,UPI,Occasional,4,"Casual Dining"
O4388,C690,38,D77,R371,"Biryani House","Bangalore B8",Bangalore,2023-12-29,Non-Veg,224,54,111,167,UPI,Occasional,4.1,"Fast Food"
O4389,C882,58,D605,R157,KFC,"Mumbai B3",Mumbai,2024-04-30,Veg,211,22,148,85,UPI,Premium,4.7,Cafe
O4390,C577,26,D309,R384,McDonalds,"Hyderabad B2",Hyderabad,2024-03-13,Veg,863,30,70,823,UPI,Occasional,4.7,Cafe
O4391,C1506,31,D906,R75,Dominos,"Pune B10",Pune,2024-05-11,Veg,646,45,65,626,UPI,Premium,3.5,Cafe
O4392,C1722,20,D93,R314,McDonalds,"Pune B7",Pune,2023-12-20,Veg,294,47,72,269,UPI,Occasional,3.6,Cafe
O4393,C1518,39,D500,R290,"Biryani House","Pune B10",Pune,2024-07-14,Non-Veg,286,27,131,182,UPI,Premium,3.8,Cafe
O4394,C864,26,D347,R81,"Pizza Hut","Pune B7",Pune,2023-03-26,Veg,707,50,90,667,Cash,Occasional,4.3,"Fast Food"
O4395,C176,20,D556,R313,KFC,"Hyderabad B6",Hyderabad,2024-06-04,Veg,899,30,43,886,UPI,Premium,3.7,Cafe
O4396,C407,40,D57,R267,"Biryani House","Bangalore B9",Bangalore,2024-02-18,Veg,520,35,11,544,UPI,Regular,4.4,"Casual Dining"
O4397,C944,37,D511,R45,KFC,"Delhi B2",Delhi,2023-11-10,Non-Veg,838,24,38,824,UPI,Occasional,4.1,Cafe
O4398,C1387,36,D420,R165,"Biryani House","Hyderabad B3",Hyderabad,2023-04-28,Non-Veg,765,23,77,711,Cash,Premium,4.4,"Casual Dining"
O4399,C790,32,D219,R93,McDonalds,"Mumbai B6",Mumbai,2023-08-08,Non-Veg,806,23,112,717,UPI,Occasional,4.3,"Casual Dining"
O4400,C155,31,D624,R374,KFC,"Pune B5",Pune,2023-09-27,Veg,275,53,78,250,Cash,Occasional,3.5,"Casual Dining"
O4401,C1767,28,D546,R196,"Biryani House","Hyderabad B5",Hyderabad,2024-05-28,Veg,291,53,117,227,UPI,Regular,3.5,Cafe
O4402,C902,29,D441,R122,"Pizza Hut","Bangalore B5",Bangalore,2024-04-02,Veg,295,57,96,256,Cash,Regular,4.3,"Fast Food"
O4403,C20,25,D574,R171,"Pizza Hut","Mumbai B10",Mumbai,2024-07-07,Veg,958,27,108,877,Cash,Occasional,3.6,Cafe
O4404,C1487,38,D503,R43,"Pizza Hut","Hyderabad B5",Hyderabad,2023-12-12,Veg,350,60,5,405,Cash,Occasional,4.6,"Fast Food"
O4405,C1495,25,D600,R25,"Biryani House","Pune B4",Pune,2024-05-04,Veg,942,33,94,881,Cash,Occasional,4.7,"Fast Food"
O4406,C1029,27,D575,R348,Dominos,"Bangalore B4",Bangalore,2023-10-07,Veg,769,49,91,727,Cash,Premium,4.1,Cafe
O4407,C475,20,D224,R10,"Biryani House","Bangalore B7",Bangalore,2023-04-30,Veg,836,33,27,842,UPI,Premium,3.1,Cafe
O4408,C1297,27,D495,R168,"Biryani House","Hyderabad B9",Hyderabad,2024-02-05,Non-Veg,208,24,30,202,UPI,Premium,4.1,"Fast Food"
O4409,C1477,34,D752,R310,"Biryani House","Mumbai B3",Mumbai,2023-12-21,Veg,495,23,14,504,Cash,Occasional,3.3,"Casual Dining"
O4410,C1685,32,D22,R341,KFC,"Pune B9",Pune,2024-01-12,Veg,717,24,72,669,Cash,Premium,4.6,Cafe
O4411,C1448,46,D76,R12,"Biryani House","Bangalore B7",Bangalore,2024-01-05,Non-Veg,290,44,42,292,UPI,Occasional,3.3,"Casual Dining"
O4412,C1585,37,D644,R258,KFC,"Bangalore B3",Bangalore,2023-12-27,Non-Veg,449,28,110,367,UPI,Occasional,3,"Fast Food"
O4413,C839,67,D680,R164,"Biryani House","Pune B5",Pune,2024-04-03,Non-Veg,974,55,141,888,UPI,Regular,4.4,Cafe
O4414,C243,65,D960,R35,McDonalds,"Bangalore B6",Bangalore,2024-07-04,Veg,274,45,91,228,UPI,Premium,4.7,"Casual Dining"
O4415,C860,34,D896,R276,"Pizza Hut","Hyderabad B9",Hyderabad,2023-07-10,Veg,631,43,0,674,UPI,Regular,4.3,Cafe
O4416,C1918,40,D880,R377,"Biryani House","Delhi B1",Delhi,2023-11-14,Veg,965,31,77,919,Cash,Regular,3.6,Cafe
O4417,C230,33,D447,R31,McDonalds,"Bangalore B6",Bangalore,2023-06-15,Veg,318,52,89,281,Cash,Premium,4.9,"Fast Food"
O4418,C1357,36,D26,R72,McDonalds,"Pune B10",Pune,2023-11-08,Veg,777,39,101,715,Cash,Regular,3.2,"Casual Dining"
O4419,C909,26,D872,R72,McDonalds,"Pune B10",Pune,2023-09-25,Veg,411,35,55,391,Cash,Regular,4.3,"Casual Dining"
O4420,C273,64,D795,R219,McDonalds,"Mumbai B1",Mumbai,2024-01-21,Veg,652,22,10,664,UPI,Occasional,3.1,Cafe
O4421,C1100,31,D311,R215,Dominos,"Hyderabad B10",Hyderabad,2023-06-16,Veg,829,28,13,844,UPI,Premium,3.4,"Fast Food"
O4422,C75,28,D996,R25,"Biryani House","Pune B4",Pune,2023-12-18,Non-Veg,262,28,137,153,UPI,Occasional,4.4,"Fast Food"
O4423,C1470,27,D916,R270,KFC,"Delhi B2",Delhi,2023-11-30,Non-Veg,580,43,119,504,UPI,Premium,3.6,Cafe
O4424,C1783,69,D299,R237,Dominos,"Mumbai B2",Mumbai,2024-03-31,Veg,737,39,31,745,UPI,Premium,3.2,"Fast Food"
O4425,C493,32,D151,R359,McDonalds,"Mumbai B9",Mumbai,2023-08-25,Non-Veg,262,37,114,185,Cash,Premium,3.4,"Fast Food"
O4426,C520,45,D798,R41,McDonalds,"Mumbai B6",Mumbai,2023-08-13,Veg,818,22,78,762,Cash,Regular,3.5,Cafe
O4427,C1325,46,D978,R243,KFC,"Bangalore B10",Bangalore,2023-08-03,Non-Veg,220,39,43,216,UPI,Premium,4.8,"Fast Food"
O4428,C334,53,D197,R134,"Biryani House","Delhi B8",Delhi,2024-05-18,Non-Veg,936,54,75,915,UPI,Premium,3.6,Cafe
O4429,C1653,40,D989,R51,"Pizza Hut","Hyderabad B9",Hyderabad,2023-10-13,Veg,780,40,142,678,Card,Regular,4.3,Cafe
O4430,C1792,60,D792,R289,KFC,"Delhi B8",Delhi,2024-03-13,Veg,617,23,9,631,UPI,Premium,4,"Fast Food"
O4431,C600,26,D3,R214,"Pizza Hut","Mumbai B3",Mumbai,2023-03-30,Veg,973,36,30,979,UPI,Regular,4.7,"Fast Food"
O4432,C192,26,D467,R232,Dominos,"Mumbai B9",Mumbai,2023-11-18,Veg,565,27,17,575,Cash,Occasional,4.2,Cafe
O4433,C1179,28,D446,R26,KFC,"Delhi B4",Delhi,2023-12-21,Veg,394,45,38,401,UPI,Occasional,4.2,Cafe
O4434,C268,33,D798,R171,"Pizza Hut","Mumbai B10",Mumbai,2023-11-03,Veg,234,36,110,160,Cash,Premium,3.5,Cafe
O4435,C431,26,D761,R383,"Pizza Hut","Bangalore B4",Bangalore,2024-03-04,Non-Veg,683,53,64,672,UPI,Occasional,3.7,"Fast Food"
O4436,C1863,26,D343,R1,Dominos,"Delhi B7",Delhi,2023-09-21,Veg,770,33,139,664,UPI,Premium,4.7,"Casual Dining"
O4437,C686,40,D313,R139,KFC,"Mumbai B6",Mumbai,2023-08-22,Non-Veg,787,45,94,738,UPI,Regular,4.9,"Casual Dining"
O4438,C1350,32,D910,R91,Dominos,"Bangalore B2",Bangalore,2024-05-20,Veg,767,28,78,717,UPI,Premium,3.3,Cafe
O4439,C333,27,D661,R281,"Pizza Hut","Mumbai B1",Mumbai,2024-04-18,Non-Veg,268,27,82,213,UPI,Regular,4.5,"Casual Dining"
O4440,C1269,39,D681,R12,"Biryani House","Bangalore B7",Bangalore,2023-01-14,Veg,209,56,141,124,Cash,Premium,3.9,"Casual Dining"
O4441,C519,27,D596,R213,Dominos,"Mumbai B2",Mumbai,2024-03-22,Veg,575,28,99,504,Cash,Regular,4.3,Cafe
O4442,C347,33,D279,R306,McDonalds,"Hyderabad B1",Hyderabad,2024-05-10,Veg,274,52,137,189,UPI,Premium,4.9,Cafe
O4443,C247,31,D635,R378,"Biryani House","Mumbai B8",Mumbai,2024-04-28,Non-Veg,744,55,71,728,UPI,Premium,4.5,Cafe
O4444,C815,21,D322,R378,"Biryani House","Mumbai B8",Mumbai,2023-06-18,Veg,267,21,22,266,UPI,Premium,5,Cafe
O4445,C1741,38,D484,R42,KFC,"Hyderabad B2",Hyderabad,2023-10-18,Non-Veg,226,41,144,123,Cash,Occasional,3.2,"Fast Food"
O4446,C1424,57,D311,R385,"Biryani House","Hyderabad B4",Hyderabad,2024-01-16,Veg,291,27,29,289,Cash,Occasional,3.4,"Casual Dining"
O4447,C1131,37,D550,R104,KFC,"Mumbai B4",Mumbai,2023-07-15,Veg,225,38,38,225,UPI,Premium,5,Cafe
O4448,C1184,56,D34,R338,McDonalds,"Hyderabad B8",Hyderabad,2023-03-31,Non-Veg,824,23,94,753,UPI,Premium,3.5,"Casual Dining"
O4449,C993,30,D208,R25,"Biryani House","Pune B4",Pune,2023-12-28,Non-Veg,529,34,141,422,Cash,Regular,3.1,"Fast Food"
O4450,C520,23,D91,R345,KFC,"Mumbai B2",Mumbai,2023-12-05,Non-Veg,960,22,128,854,Cash,Regular,4.1,Cafe
O4451,C824,54,D898,R371,"Biryani House","Bangalore B8",Bangalore,2024-01-11,Non-Veg,542,45,90,497,Cash,Premium,3.9,"Fast Food"
O4452,C1276,26,D333,R248,McDonalds,"Pune B1",Pune,2023-12-10,Non-Veg,856,25,93,788,UPI,Regular,4.7,"Casual Dining"
O4453,C1351,22,D283,R282,"Biryani House","Delhi B8",Delhi,2023-09-20,Non-Veg,975,25,104,896,UPI,Occasional,3.7,Cafe
O4454,C1275,27,D112,R275,Dominos,"Bangalore B9",Bangalore,2024-01-26,Veg,749,55,0,804,Card,Premium,3.7,Cafe
O4455,C49,39,D468,R338,McDonalds,"Hyderabad B8",Hyderabad,2023-10-12,Veg,635,28,107,556,UPI,Regular,3.5,"Casual Dining"
O4456,C1010,38,D72,R183,"Biryani House","Pune B3",Pune,2024-06-24,Non-Veg,275,28,5,298,UPI,Regular,4.6,"Fast Food"
O4457,C863,40,D850,R383,"Pizza Hut","Bangalore B4",Bangalore,2024-04-22,Veg,265,29,120,174,UPI,Premium,3.7,"Fast Food"
O4458,C1498,25,D568,R363,KFC,"Hyderabad B9",Hyderabad,2023-10-02,Non-Veg,678,32,139,571,UPI,Occasional,3.8,"Fast Food"
O4459,C655,36,D777,R112,"Biryani House","Pune B4",Pune,2023-11-09,Non-Veg,837,31,127,741,UPI,Regular,4.5,"Casual Dining"
O4460,C1295,65,D497,R279,"Pizza Hut","Delhi B4",Delhi,2024-01-27,Non-Veg,285,29,137,177,UPI,Occasional,4.6,"Fast Food"
O4461,C1540,26,D844,R364,"Pizza Hut","Bangalore B5",Bangalore,2023-09-05,Veg,524,33,51,506,Cash,Regular,4.3,Cafe
O4462,C1462,28,D92,R85,KFC,"Bangalore B1",Bangalore,2024-08-22,Non-Veg,944,23,51,916,Cash,Regular,3.2,"Fast Food"
O4463,C1935,37,D555,R322,KFC,"Pune B9",Pune,2023-09-15,Veg,778,46,33,791,Cash,Premium,4.5,"Casual Dining"
O4464,C486,44,D149,R259,"Pizza Hut","Delhi B6",Delhi,2023-11-08,Veg,972,38,90,920,Cash,Regular,4.6,"Casual Dining"
O4465,C1716,31,D822,R304,McDonalds,"Delhi B1",Delhi,2023-10-21,Veg,536,41,138,439,Cash,Regular,3.1,Cafe
O4466,C191,40,D141,R333,Dominos,"Pune B1",Pune,2023-04-10,Veg,411,37,143,305,Cash,Premium,3.2,"Fast Food"
O4467,C510,68,D131,R357,Dominos,"Pune B7",Pune,2024-03-27,Veg,453,32,82,403,UPI,Regular,3.3,"Casual Dining"
O4468,C1977,58,D100,R78,"Pizza Hut","Pune B1",Pune,2023-09-08,Non-Veg,860,41,69,832,UPI,Regular,3,"Fast Food"
O4469,C678,29,D643,R286,"Biryani House","Delhi B6",Delhi,2023-10-15,Veg,989,47,13,1023,Cash,Regular,3.3,Cafe
O4470,C227,22,D536,R354,McDonalds,"Bangalore B7",Bangalore,2024-01-22,Non-Veg,915,36,11,940,UPI,Premium,3.3,"Fast Food"
O4471,C1521,28,D827,R9,"Pizza Hut","Hyderabad B2",Hyderabad,2024-01-27,Non-Veg,847,37,138,746,Cash,Occasional,3,"Fast Food"
O4472,C626,39,D672,R366,McDonalds,"Bangalore B2",Bangalore,2023-12-23,Veg,665,54,35,684,Cash,Occasional,3.8,Cafe
O4473,C180,18,D466,R23,Dominos,"Delhi B6",Delhi,2024-04-29,Veg,555,43,57,541,UPI,Occasional,5,Cafe
O4474,C691,35,D998,R158,"Biryani House","Delhi B8",Delhi,2023-09-02,Non-Veg,968,30,47,951,UPI,Premium,4.8,"Fast Food"
O4475,C7,31,D938,R59,"Biryani House","Bangalore B6",Bangalore,2024-02-24,Veg,638,42,55,625,Cash,Occasional,5,"Fast Food"
O4476,C1128,55,D65,R255,Dominos,"Pune B2",Pune,2023-08-07,Veg,903,49,15,937,Cash,Occasional,3.5,Cafe
O4477,C1302,33,D298,R230,KFC,"Delhi B7",Delhi,2024-03-17,Non-Veg,849,33,68,814,UPI,Occasional,4.8,"Casual Dining"
O4478,C620,30,D263,R202,"Biryani House","Pune B6",Pune,2023-08-09,Veg,899,37,33,903,UPI,Regular,3.8,"Casual Dining"
O4479,C487,23,D116,R262,McDonalds,"Mumbai B10",Mumbai,2023-09-11,Veg,298,33,14,317,UPI,Regular,4.8,"Casual Dining"
O4480,C466,27,D797,R76,"Biryani House","Mumbai B9",Mumbai,2023-05-28,Non-Veg,364,58,72,350,UPI,Premium,3,Cafe
O4481,C1669,60,D228,R72,McDonalds,"Pune B10",Pune,2023-08-07,Veg,818,21,4,835,Cash,Premium,3.5,"Casual Dining"
O4482,C718,30,D736,R138,"Pizza Hut","Hyderabad B5",Hyderabad,2023-04-16,Non-Veg,852,28,141,739,Cash,Occasional,4.7,"Fast Food"
O4483,C1757,68,D433,R224,KFC,"Hyderabad B7",Hyderabad,2023-10-17,Veg,410,37,130,317,UPI,Regular,3.9,"Fast Food"
O4484,C833,22,D229,R316,McDonalds,"Bangalore B3",Bangalore,2023-06-15,Non-Veg,524,26,123,427,UPI,Premium,3.5,"Casual Dining"
O4485,C1862,27,D721,R194,Dominos,"Delhi B3",Delhi,2024-03-12,Non-Veg,298,46,45,299,UPI,Regular,4.2,"Fast Food"
O4486,C1978,31,D683,R305,Dominos,"Bangalore B1",Bangalore,2023-06-12,Veg,731,20,15,736,UPI,Regular,5,"Fast Food"
O4487,C364,42,D931,R55,"Pizza Hut","Delhi B3",Delhi,2023-07-21,Non-Veg,854,33,60,827,Cash,Regular,4.9,"Casual Dining"
O4488,C145,32,D739,R332,KFC,"Mumbai B10",Mumbai,2023-12-19,Non-Veg,336,21,64,293,UPI,Occasional,4.4,"Fast Food"
O4489,C1520,50,D613,R279,"Pizza Hut","Delhi B4",Delhi,2024-03-29,Veg,991,58,107,942,UPI,Occasional,3.7,"Fast Food"
O4490,C1951,29,D754,R232,Dominos,"Mumbai B9",Mumbai,2023-08-14,Veg,479,28,88,419,UPI,Occasional,4.8,Cafe
O4491,C376,29,D777,R80,KFC,"Pune B10",Pune,2024-01-02,Veg,627,39,125,541,Cash,Regular,4.5,"Fast Food"
O4492,C950,25,D441,R89,McDonalds,"Bangalore B6",Bangalore,2024-03-20,Non-Veg,382,47,93,336,Cash,Regular,4.3,Cafe
O4493,C749,62,D5,R391,McDonalds,"Delhi B5",Delhi,2023-08-13,Non-Veg,767,21,131,657,Cash,Premium,3.2,"Casual Dining"
O4494,C583,28,D276,R138,"Pizza Hut","Hyderabad B5",Hyderabad,2023-12-02,Non-Veg,209,31,119,121,UPI,Regular,3.8,"Fast Food"
O4495,C1447,24,D252,R231,"Biryani House","Mumbai B7",Mumbai,2023-04-23,Non-Veg,200,48,73,175,UPI,Premium,4.8,"Casual Dining"
O4496,C993,28,D327,R115,Dominos,"Pune B10",Pune,2023-05-03,Non-Veg,878,33,11,900,UPI,Regular,3.1,"Casual Dining"
O4497,C1100,26,D787,R280,McDonalds,"Hyderabad B10",Hyderabad,2023-10-20,Non-Veg,634,54,40,648,UPI,Premium,3.7,"Fast Food"
O4498,C23,33,D88,R139,KFC,"Mumbai B6",Mumbai,2023-10-25,Non-Veg,986,39,117,908,UPI,Regular,3.3,"Casual Dining"
O4499,C1208,22,D212,R295,"Biryani House","Pune B5",Pune,2023-10-22,Veg,917,20,83,854,UPI,Occasional,4.3,Cafe
O4500,C1853,39,D145,R31,McDonalds,"Bangalore B6",Bangalore,2024-01-10,Veg,588,53,115,526,UPI,Premium,4.9,"Fast Food"
O4501,C705,34,D683,R69,"Pizza Hut","Bangalore B6",Bangalore,2023-08-26,Non-Veg,457,42,124,375,Cash,Regular,5,Cafe
O4502,C1657,34,D592,R67,McDonalds,"Bangalore B4",Bangalore,2024-01-18,Non-Veg,436,50,14,472,UPI,Premium,3.5,"Fast Food"
O4503,C1052,38,D238,R37,Dominos,"Hyderabad B4",Hyderabad,2023-10-30,Veg,488,53,84,457,Cash,Occasional,3.7,"Casual Dining"
O4504,C1674,32,D147,R47,"Biryani House","Delhi B3",Delhi,2024-01-07,Non-Veg,791,54,60,785,Cash,Premium,4.6,"Casual Dining"
O4505,C118,31,D762,R240,Dominos,"Pune B5",Pune,2024-02-18,Non-Veg,818,30,48,800,Card,Occasional,4.9,"Casual Dining"
O4506,C1834,36,D977,R148,"Pizza Hut","Delhi B2",Delhi,2023-05-10,Non-Veg,202,51,46,207,Cash,Regular,4.8,"Casual Dining"
O4507,C1084,29,D998,R391,McDonalds,"Delhi B5",Delhi,2024-05-14,Veg,924,26,77,873,UPI,Occasional,4.8,"Casual Dining"
O4508,C1253,26,D151,R245,"Pizza Hut","Mumbai B8",Mumbai,2023-11-03,Veg,643,39,132,550,UPI,Regular,3.4,Cafe
O4509,C1899,30,D205,R247,"Biryani House","Mumbai B8",Mumbai,2023-11-29,Non-Veg,563,28,21,570,UPI,Occasional,4.6,Cafe
O4510,C329,40,D46,R377,"Biryani House","Delhi B1",Delhi,2024-06-08,Non-Veg,843,41,33,851,Cash,Regular,3.1,Cafe
O4511,C1174,27,D17,R127,KFC,"Pune B5",Pune,2023-05-15,Non-Veg,861,53,145,769,UPI,Occasional,4.6,"Fast Food"
O4512,C995,33,D61,R139,KFC,"Mumbai B6",Mumbai,2024-04-04,Veg,327,40,1,366,UPI,Occasional,3.1,"Casual Dining"
O4513,C1236,33,D255,R26,KFC,"Delhi B4",Delhi,2023-11-12,Non-Veg,337,54,29,362,Cash,Regular,4.1,Cafe
O4514,C108,28,D278,R49,KFC,"Delhi B3",Delhi,2024-05-22,Non-Veg,726,46,90,682,UPI,Occasional,4.2,"Fast Food"
O4515,C223,65,D935,R312,KFC,"Hyderabad B7",Hyderabad,2023-08-29,Non-Veg,988,51,94,945,Card,Occasional,4.4,"Casual Dining"
O4516,C1688,34,D470,R254,KFC,"Hyderabad B4",Hyderabad,2023-06-18,Veg,797,42,60,779,UPI,Premium,4.9,"Fast Food"
O4517,C1583,31,D87,R122,"Pizza Hut","Bangalore B5",Bangalore,2023-12-31,Veg,792,54,126,720,UPI,Regular,4.1,"Fast Food"
O4518,C1440,36,D604,R397,"Pizza Hut","Pune B6",Pune,2023-06-03,Veg,297,49,96,250,UPI,Regular,3.4,Cafe
O4519,C112,40,D558,R375,McDonalds,"Bangalore B3",Bangalore,2024-08-30,Veg,590,45,7,628,Cash,Occasional,4.5,"Fast Food"
O4520,C1429,34,D195,R95,KFC,"Pune B2",Pune,2024-07-14,Veg,804,35,92,747,Cash,Occasional,4.1,"Fast Food"
O4521,C502,32,D699,R223,McDonalds,"Bangalore B5",Bangalore,2023-06-09,Non-Veg,888,44,36,896,UPI,Regular,4.5,"Fast Food"
O4522,C1250,27,D736,R311,KFC,"Hyderabad B5",Hyderabad,2023-09-25,Veg,715,38,49,704,UPI,Regular,4.7,"Casual Dining"
O4523,C1036,33,D888,R240,Dominos,"Pune B5",Pune,2023-07-11,Non-Veg,811,44,150,705,Cash,Regular,4.2,"Casual Dining"
O4524,C1839,32,D96,R257,Dominos,"Bangalore B3",Bangalore,2023-05-17,Non-Veg,537,24,101,460,Cash,Premium,4.9,Cafe
O4525,C1191,40,D890,R299,"Pizza Hut","Pune B3",Pune,2023-06-07,Veg,347,33,42,338,UPI,Occasional,3.2,Cafe
O4526,C535,26,D464,R338,McDonalds,"Hyderabad B8",Hyderabad,2024-10-01,Veg,996,21,37,980,UPI,Premium,3.2,"Casual Dining"
O4527,C1295,36,D602,R130,Dominos,"Delhi B3",Delhi,2024-03-29,Non-Veg,686,29,30,685,UPI,Occasional,3.8,"Casual Dining"
O4528,C1682,32,D499,R193,"Pizza Hut","Mumbai B3",Mumbai,2023-11-28,Non-Veg,336,57,106,287,Cash,Occasional,3.8,"Fast Food"
O4529,C1791,39,D662,R28,Dominos,"Pune B3",Pune,2023-11-22,Non-Veg,363,28,139,252,UPI,Premium,3.3,"Casual Dining"
O4530,C1574,40,D245,R318,"Pizza Hut","Hyderabad B3",Hyderabad,2023-02-26,Non-Veg,618,21,54,585,Cash,Premium,4.7,Cafe
O4531,C433,33,D498,R126,KFC,"Hyderabad B6",Hyderabad,2023-12-09,Veg,802,42,78,766,UPI,Regular,4.1,"Fast Food"
O4532,C1709,29,D727,R250,McDonalds,"Delhi B8",Delhi,2023-08-23,Non-Veg,898,28,47,879,UPI,Regular,4.2,"Fast Food"
O4533,C313,67,D490,R318,"Pizza Hut","Hyderabad B3",Hyderabad,2024-08-24,Veg,398,57,4,451,UPI,Premium,4.5,Cafe
O4534,C744,36,D344,R78,"Pizza Hut","Pune B1",Pune,2024-08-26,Veg,759,58,132,685,UPI,Regular,3.3,"Fast Food"
O4535,C268,39,D820,R256,Dominos,"Mumbai B5",Mumbai,2023-10-05,Veg,916,41,115,842,UPI,Premium,4.7,"Fast Food"
O4536,C1149,37,D222,R94,"Pizza Hut","Mumbai B10",Mumbai,2024-02-01,Veg,566,30,88,508,UPI,Occasional,4.1,"Fast Food"
O4537,C161,26,D419,R275,Dominos,"Bangalore B9",Bangalore,2023-07-20,Non-Veg,454,45,4,495,UPI,Premium,4.9,Cafe
O4538,C1521,51,D238,R150,"Pizza Hut","Hyderabad B2",Hyderabad,2023-09-21,Veg,892,50,14,928,Cash,Occasional,3.7,"Casual Dining"
O4539,C1603,47,D297,R56,"Pizza Hut","Bangalore B7",Bangalore,2024-02-26,Non-Veg,399,43,108,334,Cash,Regular,4.8,"Casual Dining"
O4540,C1282,28,D225,R199,"Biryani House","Delhi B9",Delhi,2023-06-24,Veg,835,37,72,800,UPI,Premium,4.2,"Casual Dining"
O4541,C987,63,D103,R324,McDonalds,"Pune B8",Pune,2023-09-30,Non-Veg,658,26,26,658,UPI,Premium,3,"Casual Dining"
O4542,C1044,40,D472,R44,"Biryani House","Hyderabad B9",Hyderabad,2024-05-30,Veg,596,53,116,533,Cash,Premium,3.5,"Fast Food"
O4543,C996,45,D731,R182,McDonalds,"Delhi B9",Delhi,2024-03-06,Non-Veg,650,28,82,596,Cash,Regular,3.4,"Casual Dining"
O4544,C885,40,D391,R343,Dominos,"Bangalore B1",Bangalore,2023-08-15,Non-Veg,435,42,99,378,Cash,Regular,5,"Fast Food"
O4545,C282,55,D310,R124,"Pizza Hut","Hyderabad B1",Hyderabad,2023-04-07,Veg,728,26,140,614,UPI,Occasional,3.8,"Fast Food"
O4546,C1500,62,D888,R72,McDonalds,"Pune B10",Pune,2023-12-26,Non-Veg,815,23,113,725,UPI,Regular,4.2,"Casual Dining"
O4547,C366,38,D771,R44,"Biryani House","Hyderabad B9",Hyderabad,2024-08-20,Veg,287,53,77,263,UPI,Regular,4.6,"Fast Food"
O4548,C379,52,D271,R393,"Pizza Hut","Pune B6",Pune,2024-01-02,Non-Veg,411,35,133,313,Cash,Occasional,3.6,"Casual Dining"
O4549,C288,35,D23,R87,KFC,"Delhi B7",Delhi,2023-09-09,Non-Veg,946,26,48,924,Cash,Occasional,4.4,"Fast Food"
O4550,C1665,38,D156,R171,"Pizza Hut","Mumbai B10",Mumbai,2023-06-25,Non-Veg,662,45,82,625,UPI,Premium,3.3,Cafe
O4551,C737,38,D492,R295,"Biryani House","Pune B5",Pune,2024-02-19,Veg,317,47,26,338,UPI,Regular,4.2,Cafe
O4552,C987,70,D615,R356,"Biryani House","Pune B8",Pune,2023-07-05,Veg,550,23,2,571,UPI,Premium,4,"Casual Dining"
O4553,C1488,20,D836,R188,KFC,"Bangalore B1",Bangalore,2023-09-26,Veg,573,20,15,578,UPI,Premium,3.8,Cafe
O4554,C889,39,D278,R244,"Pizza Hut","Delhi B10",Delhi,2024-05-02,Veg,391,36,144,283,UPI,Premium,4.2,Cafe
O4555,C1951,38,D682,R143,"Biryani House","Mumbai B10",Mumbai,2024-08-09,Non-Veg,294,39,44,289,UPI,Occasional,3.2,"Fast Food"
O4556,C41,32,D442,R1,Dominos,"Delhi B7",Delhi,2023-10-04,Non-Veg,458,41,144,355,Cash,Regular,4.5,"Casual Dining"
O4557,C315,18,D939,R262,McDonalds,"Mumbai B10",Mumbai,2024-06-25,Veg,924,48,31,941,Cash,Occasional,3.1,"Casual Dining"
O4558,C706,47,D667,R234,"Biryani House","Delhi B2",Delhi,2024-03-29,Non-Veg,695,37,66,666,UPI,Regular,3.8,"Fast Food"
O4559,C1697,29,D64,R353,"Biryani House","Pune B2",Pune,2023-02-16,Non-Veg,589,46,14,621,Cash,Regular,3.7,"Casual Dining"
O4560,C1161,26,D742,R169,KFC,"Mumbai B10",Mumbai,2023-10-11,Veg,269,40,9,300,UPI,Premium,4.5,"Fast Food"
O4561,C499,25,D990,R186,"Pizza Hut","Delhi B5",Delhi,2024-03-25,Non-Veg,688,21,104,605,UPI,Occasional,3.5,Cafe
O4562,C746,64,D46,R141,Dominos,"Delhi B6",Delhi,2024-05-19,Non-Veg,462,27,59,430,UPI,Premium,3.1,"Fast Food"
O4563,C608,37,D857,R274,KFC,"Pune B2",Pune,2024-07-19,Non-Veg,807,20,118,709,UPI,Regular,3.8,Cafe
O4564,C595,33,D4,R208,"Biryani House","Pune B2",Pune,2024-06-04,Non-Veg,737,51,145,643,UPI,Premium,3.4,"Fast Food"
O4565,C1611,33,D386,R376,"Biryani House","Bangalore B4",Bangalore,2024-01-17,Non-Veg,543,48,108,483,UPI,Premium,4.4,"Casual Dining"
O4566,C357,34,D894,R332,KFC,"Mumbai B10",Mumbai,2023-08-23,Veg,678,52,110,620,UPI,Premium,3.4,"Fast Food"
O4567,C1619,38,D735,R131,KFC,"Pune B7",Pune,2023-12-26,Non-Veg,681,22,92,611,UPI,Regular,4.3,Cafe
O4568,C526,25,D574,R260,KFC,"Mumbai B1",Mumbai,2024-05-18,Non-Veg,624,52,89,587,Cash,Premium,3.6,Cafe
O4569,C1036,21,D531,R322,KFC,"Pune B9",Pune,2023-09-20,Veg,780,53,132,701,Cash,Regular,3.1,"Casual Dining"
O4570,C1044,31,D746,R221,KFC,"Hyderabad B2",Hyderabad,2024-01-23,Non-Veg,776,24,60,740,Cash,Premium,4.7,"Casual Dining"
O4571,C1224,29,D448,R76,"Biryani House","Mumbai B9",Mumbai,2024-01-13,Non-Veg,505,23,3,525,UPI,Premium,4.1,Cafe
O4572,C1290,65,D174,R274,KFC,"Pune B2",Pune,2023-07-31,Veg,891,38,105,824,Cash,Occasional,4.2,Cafe
O4573,C59,31,D797,R93,McDonalds,"Mumbai B6",Mumbai,2023-07-09,Veg,441,41,134,348,Cash,Occasional,3,"Casual Dining"
O4574,C320,28,D215,R400,McDonalds,"Pune B4",Pune,2024-01-13,Non-Veg,509,22,132,399,UPI,Premium,4.3,"Fast Food"
O4575,C1146,26,D231,R218,McDonalds,"Pune B2",Pune,2023-09-09,Veg,276,38,134,180,UPI,Occasional,4.4,"Fast Food"
O4576,C1609,36,D176,R380,"Pizza Hut","Hyderabad B4",Hyderabad,2024-01-23,Veg,516,48,104,460,Card,Occasional,4.4,"Casual Dining"
O4577,C1182,56,D398,R156,Dominos,"Delhi B5",Delhi,2024-04-09,Veg,444,37,80,401,UPI,Premium,4.1,Cafe
O4578,C1725,31,D826,R111,Dominos,"Delhi B7",Delhi,2023-12-15,Non-Veg,663,27,21,669,UPI,Occasional,3.5,"Casual Dining"
O4579,C489,35,D351,R271,McDonalds,"Bangalore B2",Bangalore,2023-09-20,Veg,770,39,128,681,UPI,Premium,4.1,"Fast Food"
O4580,C1721,30,D715,R320,"Pizza Hut","Mumbai B2",Mumbai,2024-04-13,Veg,985,24,96,913,Cash,Occasional,3.3,Cafe
O4581,C11,32,D613,R250,McDonalds,"Delhi B8",Delhi,2024-02-20,Non-Veg,372,43,50,365,UPI,Occasional,3.7,"Fast Food"
O4582,C769,49,D860,R335,"Pizza Hut","Pune B6",Pune,2023-07-02,Non-Veg,421,35,22,434,Cash,Premium,3.4,Cafe
O4583,C1268,26,D129,R305,Dominos,"Bangalore B1",Bangalore,2024-05-05,Veg,423,26,99,350,UPI,Premium,4.8,"Fast Food"
O4584,C1090,52,D560,R52,McDonalds,"Bangalore B6",Bangalore,2023-09-27,Veg,317,22,65,274,Cash,Premium,4.1,"Fast Food"
O4585,C185,40,D604,R367,Dominos,"Pune B7",Pune,2023-08-19,Non-Veg,720,43,58,705,UPI,Occasional,3.4,"Fast Food"
O4586,C816,31,D382,R310,"Biryani House","Mumbai B3",Mumbai,2024-01-05,Non-Veg,557,38,137,458,UPI,Regular,4.7,"Casual Dining"
O4587,C4,40,D478,R178,"Pizza Hut","Delhi B4",Delhi,2024-04-16,Non-Veg,283,44,118,209,Cash,Regular,3.1,"Casual Dining"
O4588,C483,39,D46,R79,McDonalds,"Delhi B4",Delhi,2023-11-25,Non-Veg,733,22,69,686,UPI,Premium,3.1,Cafe
O4589,C1576,28,D557,R277,Dominos,"Bangalore B6",Bangalore,2023-05-31,Non-Veg,874,32,3,903,UPI,Occasional,4.7,"Casual Dining"
O4590,C437,27,D550,R301,Dominos,"Mumbai B5",Mumbai,2023-10-15,Non-Veg,463,36,118,381,UPI,Occasional,5,Cafe
O4591,C1152,39,D581,R266,"Pizza Hut","Bangalore B9",Bangalore,2023-11-24,Veg,369,34,53,350,UPI,Regular,4.6,"Casual Dining"
O4592,C663,31,D82,R162,Dominos,"Pune B9",Pune,2024-03-27,Veg,221,37,4,254,Cash,Regular,4.8,"Fast Food"
O4593,C954,45,D120,R75,Dominos,"Pune B10",Pune,2023-06-07,Veg,821,49,23,847,Cash,Occasional,3.4,Cafe
O4594,C108,51,D523,R23,Dominos,"Delhi B6",Delhi,2024-06-12,Non-Veg,527,29,65,491,UPI,Occasional,3.4,Cafe
O4595,C1423,25,D335,R214,"Pizza Hut","Mumbai B3",Mumbai,2023-03-13,Non-Veg,643,45,143,545,UPI,Occasional,3.9,"Fast Food"
O4596,C1192,65,D866,R379,Dominos,"Pune B6",Pune,2023-07-31,Non-Veg,382,58,15,425,UPI,Premium,3.8,"Fast Food"
O4597,C857,32,D747,R138,"Pizza Hut","Hyderabad B5",Hyderabad,2023-11-07,Veg,862,24,62,824,UPI,Occasional,3.3,"Fast Food"
O4598,C339,25,D673,R158,"Biryani House","Delhi B8",Delhi,2023-06-11,Non-Veg,823,57,70,810,UPI,Occasional,3.4,"Fast Food"
O4599,C1346,25,D224,R133,KFC,"Bangalore B9",Bangalore,2023-04-11,Veg,577,29,15,591,UPI,Occasional,3.1,"Fast Food"
O4600,C1298,28,D748,R254,KFC,"Hyderabad B4",Hyderabad,2023-12-20,Veg,523,55,4,574,UPI,Premium,4.5,"Fast Food"
O4601,C984,36,D477,R387,KFC,"Pune B7",Pune,2024-04-04,Veg,321,41,27,335,Cash,Premium,3.2,"Casual Dining"
O4602,C1727,35,D711,R139,KFC,"Mumbai B6",Mumbai,2023-11-19,Non-Veg,396,52,19,429,UPI,Regular,4.5,"Casual Dining"
O4603,C1870,19,D52,R49,KFC,"Delhi B3",Delhi,2023-05-23,Veg,866,44,89,821,UPI,Occasional,4.2,"Fast Food"
O4604,C782,49,D479,R151,"Biryani House","Hyderabad B10",Hyderabad,2023-10-17,Veg,509,30,131,408,UPI,Occasional,4,"Fast Food"
O4605,C1621,65,D164,R236,Dominos,"Hyderabad B9",Hyderabad,2023-05-08,Veg,784,22,136,670,UPI,Occasional,3.8,"Fast Food"
O4606,C313,32,D495,R318,"Pizza Hut","Hyderabad B3",Hyderabad,2023-09-13,Non-Veg,288,35,22,301,UPI,Premium,4.1,Cafe
O4607,C675,36,D623,R383,"Pizza Hut","Bangalore B4",Bangalore,2023-12-17,Non-Veg,826,28,11,843,Card,Regular,3.7,"Fast Food"
O4608,C253,25,D86,R349,"Pizza Hut","Bangalore B10",Bangalore,2024-05-13,Non-Veg,209,51,150,110,Cash,Occasional,4.5,Cafe
O4609,C1298,40,D37,R177,"Biryani House","Hyderabad B8",Hyderabad,2023-10-05,Non-Veg,433,48,117,364,Card,Premium,3.3,"Casual Dining"
O4610,C1449,28,D909,R205,"Biryani House","Hyderabad B2",Hyderabad,2023-07-18,Non-Veg,317,23,74,266,UPI,Premium,4.9,"Fast Food"
O4611,C1073,32,D816,R216,"Pizza Hut","Bangalore B1",Bangalore,2023-06-04,Veg,868,57,81,844,UPI,Occasional,4.2,"Casual Dining"
O4612,C77,29,D327,R367,Dominos,"Pune B7",Pune,2023-05-28,Veg,965,52,128,889,UPI,Regular,3.1,"Fast Food"
O4613,C1269,55,D59,R355,KFC,"Bangalore B4",Bangalore,2024-04-03,Veg,963,27,68,922,UPI,Premium,3.4,Cafe
O4614,C1141,33,D602,R339,"Biryani House","Delhi B6",Delhi,2023-12-25,Veg,256,43,63,236,UPI,Premium,3.8,"Casual Dining"
O4615,C625,50,D971,R103,"Pizza Hut","Hyderabad B1",Hyderabad,2023-05-18,Non-Veg,202,45,111,136,UPI,Regular,3.5,Cafe
O4616,C1945,25,D947,R245,"Pizza Hut","Mumbai B8",Mumbai,2023-10-24,Veg,546,32,125,453,Cash,Premium,3.3,Cafe
O4617,C532,33,D951,R253,McDonalds,"Bangalore B10",Bangalore,2024-01-30,Veg,431,59,25,465,UPI,Occasional,3.9,"Fast Food"
O4618,C1539,69,D887,R310,"Biryani House","Mumbai B3",Mumbai,2023-09-15,Veg,509,20,100,429,Cash,Occasional,3.4,"Casual Dining"
O4619,C885,33,D632,R73,Dominos,"Bangalore B1",Bangalore,2023-08-30,Non-Veg,640,49,23,666,Cash,Regular,3.6,Cafe
O4620,C8,37,D923,R110,Dominos,"Delhi B1",Delhi,2023-06-02,Veg,544,36,114,466,UPI,Premium,3,"Fast Food"
O4621,C744,33,D615,R340,McDonalds,"Pune B3",Pune,2023-10-24,Veg,542,28,66,504,Cash,Regular,4,"Casual Dining"
O4622,C213,33,D597,R358,"Pizza Hut","Delhi B10",Delhi,2023-05-19,Non-Veg,608,43,116,535,UPI,Regular,4.9,"Fast Food"
O4623,C102,60,D348,R134,"Biryani House","Delhi B8",Delhi,2023-12-06,Non-Veg,589,25,150,464,Cash,Premium,4,Cafe
O4624,C1404,26,D249,R30,"Pizza Hut","Mumbai B5",Mumbai,2023-11-15,Non-Veg,947,59,12,994,Cash,Regular,4.8,"Casual Dining"
O4625,C53,40,D71,R167,McDonalds,"Bangalore B5",Bangalore,2024-03-09,Veg,917,53,27,943,Cash,Regular,3.9,"Fast Food"
O4626,C1445,40,D206,R68,McDonalds,"Bangalore B4",Bangalore,2023-10-15,Veg,339,30,148,221,Cash,Occasional,3.1,Cafe
O4627,C1115,38,D841,R86,Dominos,"Bangalore B8",Bangalore,2024-02-28,Veg,357,44,54,347,UPI,Premium,5,Cafe
O4628,C1922,36,D558,R258,KFC,"Bangalore B3",Bangalore,2024-02-11,Non-Veg,894,47,135,806,UPI,Occasional,4.5,"Fast Food"
O4629,C993,19,D862,R290,"Biryani House","Pune B10",Pune,2024-01-19,Veg,380,37,64,353,Cash,Regular,4.7,Cafe
O4630,C705,60,D730,R364,"Pizza Hut","Bangalore B5",Bangalore,2024-04-21,Non-Veg,519,53,117,455,Cash,Regular,4.5,Cafe
O4631,C1223,26,D375,R191,McDonalds,"Hyderabad B2",Hyderabad,2024-07-07,Veg,766,32,141,657,UPI,Premium,3.7,Cafe
O4632,C450,28,D953,R45,KFC,"Delhi B2",Delhi,2024-02-17,Non-Veg,242,52,149,145,Cash,Occasional,3.3,Cafe
O4633,C1451,39,D593,R234,"Biryani House","Delhi B2",Delhi,2024-04-16,Non-Veg,317,58,98,277,UPI,Regular,3.1,"Fast Food"
O4634,C630,42,D219,R198,"Pizza Hut","Mumbai B6",Mumbai,2024-01-11,Veg,720,23,30,713,UPI,Regular,4.3,"Fast Food"
O4635,C1487,38,D125,R296,KFC,"Hyderabad B2",Hyderabad,2023-12-28,Non-Veg,547,46,24,569,Cash,Occasional,4.5,Cafe
O4636,C193,26,D116,R206,McDonalds,"Mumbai B3",Mumbai,2023-10-24,Veg,242,27,150,119,Card,Regular,4.8,Cafe
O4637,C1071,35,D896,R196,"Biryani House","Hyderabad B5",Hyderabad,2023-09-04,Non-Veg,540,47,134,453,UPI,Regular,4.3,Cafe
O4638,C132,27,D608,R49,KFC,"Delhi B3",Delhi,2024-01-07,Veg,298,23,19,302,UPI,Premium,4.7,"Fast Food"
O4639,C1940,37,D956,R133,KFC,"Bangalore B9",Bangalore,2023-12-20,Non-Veg,809,38,2,845,Cash,Regular,4.2,"Fast Food"
O4640,C1384,63,D898,R149,"Biryani House","Bangalore B5",Bangalore,2024-05-26,Veg,215,51,6,260,Cash,Regular,3.9,"Casual Dining"
O4641,C712,23,D133,R13,Dominos,"Delhi B8",Delhi,2023-05-18,Veg,594,48,130,512,UPI,Regular,4.3,Cafe
O4642,C930,22,D595,R148,"Pizza Hut","Delhi B2",Delhi,2023-11-10,Non-Veg,739,36,16,759,UPI,Regular,3.4,"Casual Dining"
O4643,C411,25,D136,R111,Dominos,"Delhi B7",Delhi,2023-07-26,Non-Veg,909,33,88,854,Cash,Occasional,3.8,"Casual Dining"
O4644,C1415,29,D358,R299,"Pizza Hut","Pune B3",Pune,2023-11-25,Non-Veg,799,25,98,726,UPI,Occasional,3.7,Cafe
O4645,C1806,40,D630,R328,Dominos,"Bangalore B9",Bangalore,2023-09-15,Non-Veg,939,60,9,990,Cash,Occasional,4,"Casual Dining"
O4646,C1181,32,D291,R82,McDonalds,"Delhi B8",Delhi,2023-09-13,Non-Veg,613,22,107,528,Cash,Regular,3.2,"Casual Dining"
O4647,C1932,37,D741,R269,KFC,"Hyderabad B4",Hyderabad,2023-07-28,Non-Veg,203,33,24,212,Cash,Regular,3.3,"Casual Dining"
O4648,C1680,36,D511,R250,McDonalds,"Delhi B8",Delhi,2024-05-17,Veg,261,23,95,189,Cash,Regular,4.1,"Fast Food"
O4649,C275,32,D727,R161,Dominos,"Delhi B2",Delhi,2023-09-12,Non-Veg,866,24,39,851,UPI,Occasional,4.2,"Fast Food"
O4650,C1630,27,D723,R219,McDonalds,"Mumbai B1",Mumbai,2023-04-11,Non-Veg,1000,22,32,990,UPI,Regular,3.2,Cafe
O4651,C1687,32,D948,R360,McDonalds,"Delhi B4",Delhi,2024-01-13,Non-Veg,751,53,45,759,UPI,Regular,3.7,"Fast Food"
O4652,C1459,38,D469,R369,"Biryani House","Delhi B4",Delhi,2023-08-16,Non-Veg,515,32,37,510,Cash,Premium,4.5,Cafe
O4653,C1215,28,D847,R317,KFC,"Mumbai B6",Mumbai,2024-02-27,Veg,701,21,60,662,UPI,Occasional,4.4,"Casual Dining"
O4654,C1171,25,D517,R350,"Pizza Hut","Pune B2",Pune,2024-06-17,Veg,573,47,55,565,UPI,Regular,4.8,"Casual Dining"
O4655,C95,26,D955,R262,McDonalds,"Mumbai B10",Mumbai,2024-04-09,Veg,221,48,140,129,Cash,Occasional,3.8,"Casual Dining"
O4656,C1729,29,D69,R262,McDonalds,"Mumbai B10",Mumbai,2024-03-25,Veg,317,34,65,286,UPI,Premium,4.7,"Casual Dining"
O4657,C1845,32,D953,R55,"Pizza Hut","Delhi B3",Delhi,2023-10-11,Non-Veg,494,50,2,542,UPI,Occasional,3.3,"Casual Dining"
O4658,C272,32,D345,R395,McDonalds,"Hyderabad B6",Hyderabad,2023-09-28,Veg,331,59,127,263,Card,Premium,3.2,"Fast Food"
O4659,C1113,55,D584,R371,"Biryani House","Bangalore B8",Bangalore,2024-06-20,Non-Veg,642,33,116,559,Cash,Premium,3.3,"Fast Food"
O4660,C361,31,D454,R219,McDonalds,"Mumbai B1",Mumbai,2024-07-28,Non-Veg,437,34,9,462,Cash,Premium,3.8,Cafe
O4661,C1736,25,D338,R132,McDonalds,"Hyderabad B1",Hyderabad,2023-08-19,Non-Veg,826,40,129,737,UPI,Premium,3.4,Cafe
O4662,C942,35,D158,R274,KFC,"Pune B2",Pune,2024-04-01,Veg,865,40,40,865,Cash,Regular,4.4,Cafe
O4663,C1662,58,D904,R142,"Pizza Hut","Hyderabad B6",Hyderabad,2024-08-09,Veg,468,30,63,435,UPI,Regular,3.3,"Fast Food"
O4664,C217,37,D876,R369,"Biryani House","Delhi B4",Delhi,2023-12-08,Veg,587,39,59,567,Card,Regular,3.3,Cafe
O4665,C1595,25,D326,R86,Dominos,"Bangalore B8",Bangalore,2023-12-18,Non-Veg,416,51,102,365,Cash,Occasional,4.3,Cafe
O4666,C1453,32,D240,R177,"Biryani House","Hyderabad B8",Hyderabad,2023-12-08,Non-Veg,275,24,121,178,Cash,Regular,4.6,"Casual Dining"
O4667,C1191,46,D349,R174,Dominos,"Pune B8",Pune,2024-02-27,Non-Veg,262,31,110,183,UPI,Occasional,3.2,Cafe
O4668,C352,25,D64,R241,"Pizza Hut","Pune B5",Pune,2023-07-08,Veg,996,49,67,978,Card,Premium,3.7,Cafe
O4669,C793,31,D540,R362,Dominos,"Bangalore B2",Bangalore,2024-03-10,Veg,269,58,146,181,Cash,Occasional,5,Cafe
O4670,C364,38,D792,R358,"Pizza Hut","Delhi B10",Delhi,2024-03-29,Veg,555,44,61,538,Cash,Regular,4,"Fast Food"
O4671,C1452,39,D917,R75,Dominos,"Pune B10",Pune,2024-10-03,Veg,472,44,142,374,UPI,Regular,3.6,Cafe
O4672,C39,28,D593,R134,"Biryani House","Delhi B8",Delhi,2024-01-04,Non-Veg,460,24,7,477,UPI,Regular,3.1,Cafe
O4673,C1953,28,D583,R118,KFC,"Mumbai B4",Mumbai,2023-12-20,Non-Veg,485,53,105,433,UPI,Regular,4.6,"Casual Dining"
O4674,C937,37,D713,R391,McDonalds,"Delhi B5",Delhi,2023-10-13,Veg,734,54,145,643,UPI,Regular,3.5,"Casual Dining"
O4675,C1222,34,D219,R96,"Biryani House","Mumbai B4",Mumbai,2024-02-29,Non-Veg,211,48,97,162,UPI,Premium,4.3,"Casual Dining"
O4676,C1300,36,D525,R339,"Biryani House","Delhi B6",Delhi,2023-06-10,Non-Veg,257,34,32,259,UPI,Premium,4.7,"Casual Dining"
O4677,C320,31,D807,R78,"Pizza Hut","Pune B1",Pune,2024-02-14,Veg,845,34,13,866,Cash,Premium,3.5,"Fast Food"
O4678,C1923,35,D436,R236,Dominos,"Hyderabad B9",Hyderabad,2023-08-10,Non-Veg,529,53,114,468,Cash,Occasional,3.7,"Fast Food"
O4679,C864,40,D296,R25,"Biryani House","Pune B4",Pune,2024-02-02,Non-Veg,521,42,39,524,Cash,Occasional,3.9,"Fast Food"
O4680,C516,33,D782,R138,"Pizza Hut","Hyderabad B5",Hyderabad,2023-08-28,Non-Veg,246,24,2,268,Card,Premium,4.3,"Fast Food"
O4681,C1502,35,D28,R333,Dominos,"Pune B1",Pune,2023-09-10,Non-Veg,254,55,136,173,Cash,Occasional,4,"Fast Food"
O4682,C1819,34,D905,R239,McDonalds,"Pune B3",Pune,2024-07-03,Non-Veg,272,35,41,266,Card,Occasional,3.6,Cafe
O4683,C77,65,D655,R162,Dominos,"Pune B9",Pune,2024-01-05,Non-Veg,593,31,40,584,Cash,Regular,3.6,"Fast Food"
O4684,C1560,18,D702,R134,"Biryani House","Delhi B8",Delhi,2024-04-06,Veg,578,32,130,480,Cash,Premium,3.6,Cafe
O4685,C441,39,D494,R153,KFC,"Bangalore B1",Bangalore,2023-10-02,Veg,684,44,72,656,UPI,Premium,4.9,"Casual Dining"
O4686,C1618,31,D875,R399,"Pizza Hut","Mumbai B7",Mumbai,2024-01-29,Veg,393,55,139,309,UPI,Occasional,4.2,"Fast Food"
O4687,C737,36,D927,R95,KFC,"Pune B2",Pune,2023-08-20,Non-Veg,880,47,19,908,UPI,Regular,4.4,"Fast Food"
O4688,C1913,34,D946,R90,McDonalds,"Pune B9",Pune,2023-09-22,Non-Veg,298,34,13,319,UPI,Occasional,3.6,Cafe
O4689,C578,55,D236,R263,KFC,"Hyderabad B3",Hyderabad,2024-02-06,Non-Veg,762,31,54,739,UPI,Regular,4.3,Cafe
O4690,C1066,34,D966,R38,McDonalds,"Bangalore B5",Bangalore,2023-02-24,Non-Veg,705,38,74,669,Cash,Occasional,4.7,"Casual Dining"
O4691,C1500,67,D500,R164,"Biryani House","Pune B5",Pune,2024-01-21,Non-Veg,285,45,59,271,UPI,Regular,3.8,Cafe
O4692,C6,36,D592,R284,"Pizza Hut","Bangalore B10",Bangalore,2023-05-17,Non-Veg,972,52,89,935,Cash,Regular,3.5,Cafe
O4693,C20,26,D252,R390,"Pizza Hut","Mumbai B6",Mumbai,2024-01-25,Veg,296,25,53,268,UPI,Occasional,4.8,"Casual Dining"
O4694,C67,21,D125,R159,Dominos,"Hyderabad B9",Hyderabad,2024-08-16,Veg,204,57,134,127,UPI,Regular,4.5,"Casual Dining"
O4695,C1917,28,D279,R309,McDonalds,"Hyderabad B6",Hyderabad,2024-02-28,Veg,963,29,22,970,Card,Occasional,4.9,Cafe
O4696,C216,54,D638,R232,Dominos,"Mumbai B9",Mumbai,2023-09-11,Non-Veg,697,33,119,611,UPI,Premium,3.1,Cafe
O4697,C1898,28,D126,R114,"Biryani House","Bangalore B2",Bangalore,2023-09-10,Veg,257,21,63,215,UPI,Occasional,3.9,"Fast Food"
O4698,C914,37,D239,R308,"Pizza Hut","Hyderabad B5",Hyderabad,2023-12-11,Veg,261,47,74,234,Cash,Regular,3.2,Cafe
O4699,C1774,27,D328,R238,"Biryani House","Bangalore B4",Bangalore,2024-01-03,Veg,364,40,82,322,Cash,Regular,4,"Fast Food"
O4700,C1569,49,D276,R53,KFC,"Hyderabad B5",Hyderabad,2024-02-09,Veg,726,60,13,773,Cash,Regular,3.8,"Fast Food"
O4701,C142,36,D542,R361,KFC,"Pune B3",Pune,2023-09-04,Veg,713,44,111,646,UPI,Occasional,4.5,Cafe
O4702,C1600,26,D356,R259,"Pizza Hut","Delhi B6",Delhi,2023-06-15,Non-Veg,943,46,40,949,UPI,Premium,4,"Casual Dining"
O4703,C1894,40,D660,R124,"Pizza Hut","Hyderabad B1",Hyderabad,2023-08-05,Veg,426,55,124,357,UPI,Regular,4.7,"Fast Food"
O4704,C1221,34,D171,R174,Dominos,"Pune B8",Pune,2024-02-16,Veg,214,20,85,149,Cash,Regular,3.8,Cafe
O4705,C778,25,D399,R295,"Biryani House","Pune B5",Pune,2023-07-15,Non-Veg,567,40,47,560,Cash,Occasional,3.1,Cafe
O4706,C1250,31,D577,R302,"Biryani House","Hyderabad B5",Hyderabad,2023-11-16,Veg,708,27,121,614,UPI,Regular,3.3,"Fast Food"
O4707,C113,37,D838,R193,"Pizza Hut","Mumbai B3",Mumbai,2024-03-01,Veg,989,53,68,974,UPI,Regular,4.2,"Fast Food"
O4708,C1930,34,D915,R224,KFC,"Hyderabad B7",Hyderabad,2023-06-04,Veg,545,50,103,492,UPI,Occasional,3.7,"Fast Food"
O4709,C534,28,D912,R293,KFC,"Mumbai B3",Mumbai,2023-09-07,Veg,815,45,96,764,Cash,Premium,4.3,Cafe
O4710,C1402,38,D532,R20,"Pizza Hut","Delhi B4",Delhi,2024-08-22,Veg,484,27,25,486,Cash,Premium,3.4,"Casual Dining"
O4711,C1300,40,D283,R148,"Pizza Hut","Delhi B2",Delhi,2023-10-04,Veg,776,35,71,740,UPI,Premium,3.7,"Casual Dining"
O4712,C744,33,D743,R14,Dominos,"Pune B7",Pune,2024-09-16,Non-Veg,805,46,67,784,Cash,Regular,4.7,Cafe
O4713,C1604,37,D852,R217,"Pizza Hut","Mumbai B4",Mumbai,2023-10-06,Non-Veg,274,46,146,174,Cash,Regular,5,"Fast Food"
O4714,C1047,47,D647,R138,"Pizza Hut","Hyderabad B5",Hyderabad,2023-12-14,Non-Veg,212,58,120,150,UPI,Premium,3.6,"Fast Food"
O4715,C747,19,D825,R58,Dominos,"Hyderabad B2",Hyderabad,2024-03-26,Veg,648,33,126,555,UPI,Occasional,3,"Fast Food"
O4716,C830,36,D347,R394,McDonalds,"Pune B2",Pune,2023-08-09,Veg,397,34,12,419,UPI,Regular,4.3,"Fast Food"
O4717,C343,30,D448,R345,KFC,"Mumbai B2",Mumbai,2024-08-18,Veg,944,57,47,954,UPI,Premium,4.1,Cafe
O4718,C928,33,D315,R387,KFC,"Pune B7",Pune,2024-01-06,Non-Veg,433,41,79,395,UPI,Regular,3,"Casual Dining"
O4719,C1425,28,D74,R91,Dominos,"Bangalore B2",Bangalore,2023-12-25,Non-Veg,730,58,12,776,UPI,Occasional,3.8,Cafe
O4720,C1895,25,D976,R199,"Biryani House","Delhi B9",Delhi,2023-12-16,Non-Veg,415,39,9,445,UPI,Regular,4.3,"Casual Dining"
O4721,C674,32,D270,R21,Dominos,"Mumbai B1",Mumbai,2023-10-05,Non-Veg,806,39,69,776,UPI,Regular,3.7,"Fast Food"
O4722,C1746,54,D569,R89,McDonalds,"Bangalore B6",Bangalore,2024-02-27,Non-Veg,976,27,27,976,UPI,Premium,3.2,Cafe
O4723,C1407,25,D750,R373,Dominos,"Mumbai B4",Mumbai,2024-05-26,Veg,501,54,68,487,Cash,Occasional,3.4,Cafe
O4724,C166,19,D644,R153,KFC,"Bangalore B1",Bangalore,2024-06-02,Veg,598,59,104,553,Cash,Occasional,3,"Casual Dining"
O4725,C1266,37,D830,R84,"Biryani House","Bangalore B8",Bangalore,2023-12-18,Veg,684,44,14,714,UPI,Regular,4.3,Cafe
O4726,C1719,70,D883,R291,"Biryani House","Delhi B3",Delhi,2023-12-29,Veg,258,44,36,266,UPI,Premium,3.9,Cafe
O4727,C69,34,D399,R367,Dominos,"Pune B7",Pune,2023-05-23,Veg,658,31,77,612,UPI,Premium,3.1,"Fast Food"
O4728,C141,54,D333,R183,"Biryani House","Pune B3",Pune,2023-10-03,Veg,272,30,63,239,Cash,Premium,4.7,"Fast Food"
O4729,C1248,61,D745,R397,"Pizza Hut","Pune B6",Pune,2024-01-10,Veg,642,49,125,566,UPI,Premium,4.9,Cafe
O4730,C858,32,D769,R94,"Pizza Hut","Mumbai B10",Mumbai,2024-09-24,Veg,599,47,83,563,UPI,Occasional,3.6,"Fast Food"
O4731,C844,30,D21,R123,Dominos,"Delhi B2",Delhi,2023-11-19,Veg,870,48,12,906,UPI,Premium,4.3,"Fast Food"
O4732,C1972,33,D613,R7,"Biryani House","Delhi B7",Delhi,2024-06-16,Non-Veg,967,53,11,1009,Cash,Premium,3.7,Cafe
O4733,C1484,37,D609,R348,Dominos,"Bangalore B4",Bangalore,2024-07-31,Non-Veg,430,47,22,455,UPI,Regular,3,Cafe
O4734,C889,37,D388,R87,KFC,"Delhi B7",Delhi,2024-04-24,Veg,631,56,26,661,Cash,Premium,4.5,"Fast Food"
O4735,C1577,27,D523,R158,"Biryani House","Delhi B8",Delhi,2024-01-16,Non-Veg,735,55,109,681,UPI,Occasional,3.4,"Fast Food"
O4736,C1151,53,D763,R92,"Biryani House","Delhi B9",Delhi,2023-08-28,Veg,405,24,142,287,UPI,Occasional,4.9,"Casual Dining"
O4737,C1856,39,D392,R32,"Pizza Hut","Hyderabad B4",Hyderabad,2023-09-23,Non-Veg,460,38,30,468,Cash,Premium,4.1,"Casual Dining"
O4738,C1309,49,D236,R24,"Pizza Hut","Hyderabad B3",Hyderabad,2023-12-04,Veg,925,60,39,946,UPI,Regular,4.3,"Fast Food"
O4739,C1312,30,D924,R303,"Pizza Hut","Delhi B3",Delhi,2023-05-01,Veg,533,31,64,500,UPI,Premium,4.3,"Casual Dining"
O4740,C321,43,D153,R234,"Biryani House","Delhi B2",Delhi,2023-08-07,Non-Veg,931,28,117,842,UPI,Premium,3.9,"Fast Food"
O4741,C552,32,D136,R391,McDonalds,"Delhi B5",Delhi,2023-11-08,Veg,570,45,145,470,Cash,Premium,3.8,"Casual Dining"
O4742,C1527,26,D749,R289,KFC,"Delhi B8",Delhi,2023-10-01,Veg,454,57,27,484,UPI,Occasional,3.9,"Fast Food"
O4743,C1722,30,D954,R248,McDonalds,"Pune B1",Pune,2024-03-06,Veg,369,32,137,264,Cash,Occasional,4.9,"Casual Dining"
O4744,C17,30,D260,R225,KFC,"Bangalore B7",Bangalore,2023-06-04,Veg,397,41,113,325,Cash,Premium,4.5,Cafe
O4745,C1334,37,D674,R151,"Biryani House","Hyderabad B10",Hyderabad,2023-07-26,Veg,931,44,24,951,UPI,Occasional,3.2,"Fast Food"
O4746,C1035,34,D686,R48,"Pizza Hut","Mumbai B10",Mumbai,2023-10-08,Non-Veg,621,43,31,633,UPI,Occasional,3.3,"Casual Dining"
O4747,C572,36,D918,R387,KFC,"Pune B7",Pune,2023-07-29,Veg,242,52,52,242,UPI,Regular,4.5,"Casual Dining"
O4748,C97,28,D925,R374,KFC,"Pune B5",Pune,2023-10-03,Non-Veg,451,32,49,434,UPI,Premium,3.3,"Casual Dining"
O4749,C70,39,D800,R61,"Pizza Hut","Mumbai B6",Mumbai,2023-04-28,Non-Veg,326,58,47,337,UPI,Premium,4,"Fast Food"
O4750,C1559,39,D962,R315,Dominos,"Bangalore B10",Bangalore,2023-12-25,Veg,604,49,27,626,UPI,Premium,4.5,Cafe
O4751,C718,25,D427,R381,KFC,"Hyderabad B10",Hyderabad,2024-01-30,Non-Veg,356,53,86,323,UPI,Occasional,3.2,"Fast Food"
O4752,C201,67,D978,R192,Dominos,"Bangalore B9",Bangalore,2023-12-18,Non-Veg,723,47,125,645,Cash,Occasional,4.8,"Fast Food"
O4753,C907,33,D90,R56,"Pizza Hut","Bangalore B7",Bangalore,2023-10-26,Non-Veg,805,29,7,827,Cash,Regular,3.7,"Casual Dining"
O4754,C600,64,D244,R198,"Pizza Hut","Mumbai B6",Mumbai,2023-10-26,Veg,944,59,144,859,UPI,Regular,3.2,"Fast Food"
O4755,C1645,33,D581,R328,Dominos,"Bangalore B9",Bangalore,2023-12-19,Veg,607,57,114,550,Cash,Premium,4.6,"Casual Dining"
O4756,C3,36,D306,R367,Dominos,"Pune B7",Pune,2023-12-02,Non-Veg,581,43,78,546,UPI,Occasional,3.9,"Fast Food"
O4757,C1844,29,D736,R268,"Biryani House","Hyderabad B4",Hyderabad,2023-10-26,Non-Veg,668,60,28,700,UPI,Occasional,4.7,"Fast Food"
O4758,C1711,45,D303,R62,McDonalds,"Pune B3",Pune,2023-11-25,Veg,467,34,83,418,Cash,Occasional,3.7,Cafe
O4759,C1597,19,D403,R374,KFC,"Pune B5",Pune,2023-08-11,Veg,475,55,134,396,UPI,Occasional,3.6,"Casual Dining"
O4760,C1002,21,D947,R102,McDonalds,"Mumbai B6",Mumbai,2023-11-13,Veg,834,47,71,810,UPI,Occasional,3.3,Cafe
O4761,C1090,37,D422,R59,"Biryani House","Bangalore B6",Bangalore,2024-07-19,Non-Veg,391,31,41,381,Cash,Premium,3.7,"Fast Food"
O4762,C1275,41,D788,R167,McDonalds,"Bangalore B5",Bangalore,2024-04-13,Non-Veg,990,23,96,917,Cash,Premium,4.3,"Fast Food"
O4763,C1234,37,D455,R199,"Biryani House","Delhi B9",Delhi,2023-05-06,Non-Veg,661,35,9,687,UPI,Premium,4.3,"Casual Dining"
O4764,C1442,28,D350,R365,"Pizza Hut","Bangalore B7",Bangalore,2023-07-27,Veg,216,27,36,207,UPI,Occasional,4.1,"Casual Dining"
O4765,C619,31,D758,R396,"Pizza Hut","Bangalore B8",Bangalore,2024-08-09,Veg,836,55,68,823,UPI,Regular,3.9,Cafe
O4766,C650,26,D430,R54,"Pizza Hut","Delhi B4",Delhi,2024-08-24,Non-Veg,743,42,69,716,UPI,Regular,4,"Casual Dining"
O4767,C1439,26,D228,R241,"Pizza Hut","Pune B5",Pune,2023-07-15,Non-Veg,507,44,58,493,Card,Premium,3.5,Cafe
O4768,C41,32,D713,R20,"Pizza Hut","Delhi B4",Delhi,2023-12-19,Veg,350,54,131,273,UPI,Regular,3.5,"Casual Dining"
O4769,C1044,68,D217,R32,"Pizza Hut","Hyderabad B4",Hyderabad,2024-09-08,Non-Veg,395,48,18,425,Cash,Premium,3,"Casual Dining"
O4770,C1484,20,D292,R277,Dominos,"Bangalore B6",Bangalore,2023-10-09,Veg,629,39,35,633,UPI,Regular,4.7,"Casual Dining"
O4771,C1521,25,D863,R190,KFC,"Hyderabad B5",Hyderabad,2023-07-21,Veg,614,45,123,536,Cash,Occasional,3.4,Cafe
O4772,C571,65,D473,R173,KFC,"Mumbai B10",Mumbai,2023-12-27,Veg,287,57,127,217,UPI,Occasional,3.8,"Fast Food"
O4773,C1889,34,D175,R251,Dominos,"Delhi B10",Delhi,2024-01-14,Veg,222,22,3,241,UPI,Occasional,4.4,"Casual Dining"
O4774,C359,44,D361,R43,"Pizza Hut","Hyderabad B5",Hyderabad,2024-02-16,Veg,754,46,23,777,Cash,Regular,3.5,"Fast Food"
O4775,C785,32,D830,R153,KFC,"Bangalore B1",Bangalore,2023-09-17,Veg,282,46,77,251,Cash,Premium,4.3,"Casual Dining"
O4776,C88,40,D149,R13,Dominos,"Delhi B8",Delhi,2023-12-23,Non-Veg,410,60,58,412,Cash,Occasional,4.6,Cafe
O4777,C702,31,D726,R101,Dominos,"Bangalore B7",Bangalore,2023-11-15,Veg,644,53,133,564,UPI,Premium,3.6,"Fast Food"
O4778,C1617,44,D312,R225,KFC,"Bangalore B7",Bangalore,2023-12-18,Veg,282,57,101,238,Cash,Regular,3.5,Cafe
O4779,C491,41,D895,R64,KFC,"Delhi B7",Delhi,2023-09-02,Non-Veg,469,41,96,414,UPI,Regular,3.8,"Fast Food"
O4780,C459,27,D837,R281,"Pizza Hut","Mumbai B1",Mumbai,2023-12-31,Non-Veg,690,28,10,708,UPI,Premium,3.4,"Casual Dining"
O4781,C1882,36,D258,R96,"Biryani House","Mumbai B4",Mumbai,2023-10-09,Non-Veg,234,43,97,180,UPI,Occasional,4,"Casual Dining"
O4782,C274,49,D206,R89,McDonalds,"Bangalore B6",Bangalore,2023-10-18,Veg,427,48,102,373,Cash,Premium,3.1,Cafe
O4783,C236,26,D338,R268,"Biryani House","Hyderabad B4",Hyderabad,2023-08-18,Non-Veg,682,53,44,691,Cash,Regular,3.4,"Fast Food"
O4784,C602,39,D973,R258,KFC,"Bangalore B3",Bangalore,2024-02-22,Non-Veg,411,41,70,382,UPI,Regular,3.7,"Fast Food"
O4785,C1889,28,D948,R158,"Biryani House","Delhi B8",Delhi,2024-05-01,Veg,270,30,139,161,UPI,Occasional,3.7,"Fast Food"
O4786,C1140,33,D612,R22,"Biryani House","Mumbai B4",Mumbai,2024-07-07,Veg,745,31,0,776,UPI,Premium,4.4,Cafe
O4787,C1476,37,D31,R360,McDonalds,"Delhi B4",Delhi,2023-12-18,Veg,898,48,100,846,Cash,Regular,3.1,"Fast Food"
O4788,C242,40,D482,R165,"Biryani House","Hyderabad B3",Hyderabad,2023-11-27,Veg,229,57,79,207,UPI,Premium,4.4,"Casual Dining"
O4789,C1212,39,D465,R387,KFC,"Pune B7",Pune,2023-09-25,Veg,900,22,96,826,UPI,Premium,4.3,"Casual Dining"
O4790,C228,36,D262,R394,McDonalds,"Pune B2",Pune,2023-11-11,Non-Veg,715,53,86,682,Cash,Occasional,3.7,"Fast Food"
O4791,C1974,30,D187,R305,Dominos,"Bangalore B1",Bangalore,2023-09-04,Veg,413,33,107,339,Cash,Premium,4.3,"Fast Food"
O4792,C1930,34,D15,R43,"Pizza Hut","Hyderabad B5",Hyderabad,2023-08-01,Non-Veg,447,35,126,356,UPI,Occasional,3.6,"Fast Food"
O4793,C1636,33,D765,R2,"Biryani House","Mumbai B4",Mumbai,2023-12-17,Non-Veg,390,30,133,287,UPI,Regular,5,Cafe
O4794,C147,43,D333,R172,"Biryani House","Pune B1",Pune,2023-12-26,Veg,478,45,117,406,Cash,Regular,4.7,"Fast Food"
O4795,C610,33,D101,R24,"Pizza Hut","Hyderabad B3",Hyderabad,2023-10-16,Veg,572,56,6,622,Cash,Premium,4.7,"Fast Food"
O4796,C950,28,D670,R277,Dominos,"Bangalore B6",Bangalore,2024-06-26,Non-Veg,551,21,55,517,Cash,Regular,5,"Casual Dining"
O4797,C1658,27,D673,R244,"Pizza Hut","Delhi B10",Delhi,2023-12-09,Non-Veg,272,35,17,290,UPI,Premium,3.4,Cafe
O4798,C1784,40,D831,R259,"Pizza Hut","Delhi B6",Delhi,2023-12-08,Non-Veg,396,50,147,299,Cash,Premium,4.7,"Casual Dining"
O4799,C152,66,D597,R55,"Pizza Hut","Delhi B3",Delhi,2023-08-07,Non-Veg,296,56,4,348,Cash,Occasional,4.9,"Casual Dining"
O4800,C734,39,D630,R65,"Pizza Hut","Bangalore B6",Bangalore,2023-06-03,Non-Veg,838,43,89,792,UPI,Occasional,4,"Fast Food"
O4801,C1569,33,D772,R269,KFC,"Hyderabad B4",Hyderabad,2023-10-07,Veg,783,39,85,737,UPI,Regular,4.3,"Casual Dining"
O4802,C1853,37,D575,R175,KFC,"Bangalore B7",Bangalore,2023-12-26,Veg,692,31,60,663,UPI,Premium,4.1,Cafe
O4803,C713,63,D735,R18,McDonalds,"Pune B5",Pune,2024-07-07,Non-Veg,376,32,14,394,Cash,Occasional,4.3,"Fast Food"
O4804,C478,45,D80,R110,Dominos,"Delhi B1",Delhi,2023-09-12,Veg,862,37,149,750,Cash,Regular,4.3,"Fast Food"
O4805,C306,28,D279,R191,McDonalds,"Hyderabad B2",Hyderabad,2024-02-23,Veg,986,44,55,975,UPI,Occasional,4.9,Cafe
O4806,C682,33,D134,R45,KFC,"Delhi B2",Delhi,2023-09-19,Non-Veg,626,34,69,591,UPI,Regular,4.7,Cafe
O4807,C252,40,D862,R393,"Pizza Hut","Pune B6",Pune,2024-06-27,Non-Veg,914,50,130,834,UPI,Regular,4.7,"Casual Dining"
O4808,C1900,30,D353,R151,"Biryani House","Hyderabad B10",Hyderabad,2023-06-27,Non-Veg,227,43,122,148,Card,Premium,4.7,"Fast Food"
O4809,C375,30,D570,R159,Dominos,"Hyderabad B9",Hyderabad,2023-11-21,Non-Veg,991,58,3,1046,Cash,Premium,4.7,"Casual Dining"
O4810,C1902,39,D69,R247,"Biryani House","Mumbai B8",Mumbai,2024-04-02,Veg,618,53,34,637,UPI,Regular,4.7,Cafe
O4811,C1202,32,D347,R379,Dominos,"Pune B6",Pune,2023-05-16,Non-Veg,211,51,41,221,UPI,Premium,4.3,"Fast Food"
O4812,C286,38,D180,R231,"Biryani House","Mumbai B7",Mumbai,2023-10-10,Veg,395,52,8,439,Cash,Occasional,3.4,"Casual Dining"
O4813,C752,29,D3,R40,McDonalds,"Mumbai B7",Mumbai,2023-08-28,Non-Veg,301,37,145,193,UPI,Regular,4.7,"Casual Dining"
O4814,C632,36,D805,R243,KFC,"Bangalore B10",Bangalore,2024-04-08,Veg,817,53,121,749,Cash,Regular,3,"Fast Food"
O4815,C533,68,D990,R20,"Pizza Hut","Delhi B4",Delhi,2023-12-12,Veg,549,25,55,519,Cash,Regular,3.5,"Casual Dining"
O4816,C341,56,D656,R227,McDonalds,"Hyderabad B4",Hyderabad,2023-04-03,Veg,355,50,142,263,UPI,Premium,4.8,"Casual Dining"
O4817,C1416,38,D507,R237,Dominos,"Mumbai B2",Mumbai,2024-07-13,Veg,334,24,55,303,Card,Occasional,3.3,"Fast Food"
O4818,C691,38,D792,R83,Dominos,"Delhi B2",Delhi,2024-06-29,Veg,321,28,82,267,Cash,Premium,4,"Fast Food"
O4819,C227,37,D458,R192,Dominos,"Bangalore B9",Bangalore,2023-11-11,Non-Veg,749,35,111,673,UPI,Premium,3.8,"Fast Food"
O4820,C542,38,D316,R235,"Pizza Hut","Pune B9",Pune,2024-05-02,Veg,929,58,44,943,UPI,Regular,4.3,"Fast Food"
O4821,C1511,30,D994,R248,McDonalds,"Pune B1",Pune,2023-07-21,Non-Veg,459,25,115,369,UPI,Premium,3.3,"Casual Dining"
O4822,C1147,33,D474,R230,KFC,"Delhi B7",Delhi,2024-03-10,Non-Veg,831,39,34,836,UPI,Occasional,3.7,"Casual Dining"
O4823,C1825,47,D583,R260,KFC,"Mumbai B1",Mumbai,2023-06-09,Non-Veg,568,34,69,533,Cash,Occasional,4.6,Cafe
O4824,C1203,34,D784,R72,McDonalds,"Pune B10",Pune,2023-12-31,Veg,544,26,9,561,Card,Premium,4.9,"Casual Dining"
O4825,C1385,28,D284,R8,"Biryani House","Delhi B3",Delhi,2023-05-18,Veg,917,29,131,815,Cash,Occasional,3.9,"Casual Dining"
O4826,C1354,68,D432,R6,Dominos,"Mumbai B4",Mumbai,2024-03-11,Non-Veg,715,56,43,728,UPI,Premium,3.7,Cafe
O4827,C1789,37,D999,R309,McDonalds,"Hyderabad B6",Hyderabad,2023-10-10,Non-Veg,952,35,101,886,UPI,Occasional,3.3,Cafe
O4828,C709,26,D793,R1,Dominos,"Delhi B7",Delhi,2023-04-11,Non-Veg,917,20,8,929,UPI,Premium,3.3,"Casual Dining"
O4829,C49,60,D811,R395,McDonalds,"Hyderabad B6",Hyderabad,2024-03-23,Non-Veg,795,44,31,808,Card,Regular,4,"Fast Food"
O4830,C590,34,D433,R254,KFC,"Hyderabad B4",Hyderabad,2024-03-14,Veg,299,57,129,227,Cash,Occasional,3.9,"Fast Food"
O4831,C623,29,D521,R240,Dominos,"Pune B5",Pune,2023-12-13,Non-Veg,826,59,27,858,Cash,Regular,4.4,"Casual Dining"
O4832,C255,70,D679,R278,Dominos,"Bangalore B1",Bangalore,2024-01-25,Veg,679,40,129,590,UPI,Regular,3.6,Cafe
O4833,C464,35,D707,R148,"Pizza Hut","Delhi B2",Delhi,2024-01-27,Veg,364,53,77,340,Cash,Regular,4.9,"Casual Dining"
O4834,C1059,25,D759,R88,"Biryani House","Delhi B4",Delhi,2023-11-16,Veg,731,51,84,698,UPI,Premium,3.4,"Casual Dining"
O4835,C668,30,D950,R90,McDonalds,"Pune B9",Pune,2023-10-30,Non-Veg,975,59,50,984,UPI,Occasional,4.4,Cafe
O4836,C1056,40,D622,R2,"Biryani House","Mumbai B4",Mumbai,2024-01-29,Veg,469,47,91,425,UPI,Premium,4.8,Cafe
O4837,C1305,30,D912,R97,KFC,"Mumbai B10",Mumbai,2024-03-08,Veg,256,30,54,232,UPI,Premium,4.3,Cafe
O4838,C1890,25,D399,R239,McDonalds,"Pune B3",Pune,2023-06-16,Non-Veg,893,31,94,830,UPI,Regular,3.1,Cafe
O4839,C283,40,D82,R298,Dominos,"Pune B5",Pune,2024-01-01,Non-Veg,742,37,64,715,UPI,Regular,4.8,"Casual Dining"
O4840,C1888,28,D998,R125,"Pizza Hut","Delhi B2",Delhi,2024-03-05,Veg,614,20,62,572,Cash,Premium,4.8,"Casual Dining"
O4841,C549,32,D472,R53,KFC,"Hyderabad B5",Hyderabad,2024-02-14,Veg,889,30,26,893,Cash,Premium,3.5,"Fast Food"
O4842,C175,25,D751,R186,"Pizza Hut","Delhi B5",Delhi,2024-08-11,Non-Veg,905,31,47,889,UPI,Premium,3.9,Cafe
O4843,C138,36,D840,R154,"Pizza Hut","Bangalore B7",Bangalore,2023-04-28,Veg,654,52,19,687,UPI,Regular,4.4,"Fast Food"
O4844,C851,25,D740,R32,"Pizza Hut","Hyderabad B4",Hyderabad,2023-08-26,Non-Veg,721,49,11,759,Cash,Occasional,4.2,"Casual Dining"
O4845,C1698,27,D282,R56,"Pizza Hut","Bangalore B7",Bangalore,2024-04-10,Veg,783,20,136,667,UPI,Regular,3.6,"Casual Dining"
O4846,C1773,29,D52,R121,"Biryani House","Delhi B9",Delhi,2023-10-01,Non-Veg,629,33,141,521,Cash,Regular,4.2,"Fast Food"
O4847,C1391,33,D770,R359,McDonalds,"Mumbai B9",Mumbai,2024-04-17,Veg,335,21,103,253,Cash,Regular,3.8,"Fast Food"
O4848,C1200,39,D718,R59,"Biryani House","Bangalore B6",Bangalore,2023-08-02,Veg,345,48,95,298,UPI,Premium,4.9,"Fast Food"
O4849,C486,35,D136,R148,"Pizza Hut","Delhi B2",Delhi,2024-04-04,Non-Veg,463,28,129,362,UPI,Regular,3.8,"Casual Dining"
O4850,C899,32,D651,R115,Dominos,"Pune B10",Pune,2024-02-08,Non-Veg,513,26,15,524,UPI,Regular,3.1,"Casual Dining"
O4851,C1649,32,D404,R246,"Biryani House","Delhi B1",Delhi,2024-10-22,Veg,888,31,10,909,Cash,Regular,4.3,"Fast Food"
O4852,C1536,38,D84,R97,KFC,"Mumbai B10",Mumbai,2023-10-14,Veg,392,35,68,359,UPI,Regular,3.9,Cafe
O4853,C628,36,D244,R22,"Biryani House","Mumbai B4",Mumbai,2023-09-10,Veg,476,43,149,370,UPI,Premium,3.2,Cafe
O4854,C1715,26,D426,R87,KFC,"Delhi B7",Delhi,2023-09-15,Non-Veg,676,45,52,669,UPI,Premium,3.4,"Fast Food"
O4855,C1565,31,D864,R124,"Pizza Hut","Hyderabad B1",Hyderabad,2023-03-21,Veg,322,38,122,238,UPI,Regular,4.8,"Fast Food"
O4856,C1822,48,D406,R260,KFC,"Mumbai B1",Mumbai,2023-08-03,Veg,344,41,107,278,UPI,Premium,3.2,Cafe
O4857,C520,32,D249,R193,"Pizza Hut","Mumbai B3",Mumbai,2024-02-10,Veg,365,27,103,289,Cash,Regular,4.8,"Fast Food"
O4858,C127,40,D386,R372,"Pizza Hut","Bangalore B6",Bangalore,2024-09-28,Non-Veg,932,33,2,963,Cash,Regular,4.4,"Casual Dining"
O4859,C483,36,D721,R7,"Biryani House","Delhi B7",Delhi,2024-07-30,Non-Veg,724,42,110,656,UPI,Premium,4.2,Cafe
O4860,C1859,40,D94,R20,"Pizza Hut","Delhi B4",Delhi,2024-09-11,Non-Veg,614,42,133,523,UPI,Premium,3.7,"Casual Dining"
O4861,C612,29,D65,R145,McDonalds,"Pune B4",Pune,2023-07-13,Non-Veg,445,29,147,327,UPI,Occasional,3.5,"Fast Food"
O4862,C1396,29,D992,R377,"Biryani House","Delhi B1",Delhi,2023-11-27,Veg,785,25,148,662,UPI,Premium,3.1,Cafe
O4863,C910,27,D132,R76,"Biryani House","Mumbai B9",Mumbai,2023-07-28,Non-Veg,441,41,28,454,Cash,Premium,4.4,Cafe
O4864,C618,39,D423,R398,"Biryani House","Delhi B7",Delhi,2023-11-24,Non-Veg,907,52,147,812,Cash,Regular,3.9,"Casual Dining"
O4865,C1855,37,D381,R79,McDonalds,"Delhi B4",Delhi,2024-01-09,Veg,959,27,40,946,UPI,Premium,3.1,Cafe
O4866,C10,35,D999,R201,KFC,"Hyderabad B8",Hyderabad,2024-05-23,Non-Veg,836,36,12,860,UPI,Premium,3.3,Cafe
O4867,C1479,32,D762,R397,"Pizza Hut","Pune B6",Pune,2024-02-11,Veg,474,48,71,451,Card,Premium,4.9,Cafe
O4868,C849,50,D351,R396,"Pizza Hut","Bangalore B8",Bangalore,2024-01-08,Non-Veg,610,33,84,559,Cash,Premium,4.1,Cafe
O4869,C761,33,D141,R81,"Pizza Hut","Pune B7",Pune,2023-09-06,Non-Veg,560,57,15,602,UPI,Premium,3.2,"Fast Food"
O4870,C274,28,D187,R86,Dominos,"Bangalore B8",Bangalore,2023-08-09,Non-Veg,434,23,107,350,UPI,Premium,4.3,Cafe
O4871,C145,25,D981,R171,"Pizza Hut","Mumbai B10",Mumbai,2023-04-19,Non-Veg,635,50,43,642,UPI,Occasional,3.3,Cafe
O4872,C730,35,D934,R299,"Pizza Hut","Pune B3",Pune,2023-12-21,Non-Veg,729,55,141,643,Card,Regular,4.1,Cafe
O4873,C1666,28,D434,R66,Dominos,"Mumbai B5",Mumbai,2024-03-06,Veg,484,50,23,511,Cash,Regular,4.9,"Casual Dining"
O4874,C1071,36,D436,R263,KFC,"Hyderabad B3",Hyderabad,2023-05-01,Non-Veg,487,26,83,430,Cash,Regular,3.7,Cafe
O4875,C221,49,D659,R255,Dominos,"Pune B2",Pune,2023-03-02,Non-Veg,917,51,118,850,Cash,Occasional,3.7,Cafe
O4876,C908,27,D618,R327,Dominos,"Pune B8",Pune,2023-10-30,Non-Veg,721,47,145,623,UPI,Regular,4.4,Cafe
O4877,C960,37,D881,R379,Dominos,"Pune B6",Pune,2024-06-11,Non-Veg,373,57,25,405,UPI,Premium,3.8,"Fast Food"
O4878,C1204,32,D521,R202,"Biryani House","Pune B6",Pune,2023-11-20,Non-Veg,624,49,6,667,UPI,Regular,4.4,"Casual Dining"
O4879,C1463,29,D46,R360,McDonalds,"Delhi B4",Delhi,2024-01-28,Veg,232,60,97,195,Cash,Occasional,3.1,"Fast Food"
O4880,C1244,38,D374,R109,Dominos,"Bangalore B3",Bangalore,2023-03-26,Non-Veg,544,21,7,558,Cash,Occasional,4.8,Cafe
O4881,C1015,28,D860,R242,McDonalds,"Pune B8",Pune,2023-11-28,Veg,873,20,137,756,UPI,Regular,3.4,"Fast Food"
O4882,C92,27,D981,R19,McDonalds,"Mumbai B2",Mumbai,2023-07-03,Veg,980,53,102,931,Cash,Occasional,3.3,"Fast Food"
O4883,C2000,26,D564,R24,"Pizza Hut","Hyderabad B3",Hyderabad,2023-10-10,Veg,263,44,45,262,Cash,Premium,3.6,"Fast Food"
O4884,C131,27,D952,R127,KFC,"Pune B5",Pune,2023-05-14,Non-Veg,272,60,0,332,UPI,Regular,4.1,"Fast Food"
O4885,C898,61,D565,R382,McDonalds,"Mumbai B8",Mumbai,2023-12-12,Non-Veg,473,47,110,410,Cash,Premium,4.7,Cafe
O4886,C606,35,D321,R104,KFC,"Mumbai B4",Mumbai,2023-03-18,Non-Veg,908,34,67,875,Cash,Occasional,3.6,Cafe
O4887,C663,36,D95,R72,McDonalds,"Pune B10",Pune,2024-07-25,Veg,391,41,95,337,UPI,Regular,4.8,"Casual Dining"
O4888,C1694,70,D861,R117,Dominos,"Delhi B1",Delhi,2023-04-02,Veg,890,23,105,808,UPI,Occasional,4.8,Cafe
O4889,C1599,32,D880,R87,KFC,"Delhi B7",Delhi,2023-04-24,Non-Veg,451,21,99,373,UPI,Regular,3.6,"Fast Food"
O4890,C497,27,D148,R259,"Pizza Hut","Delhi B6",Delhi,2023-08-18,Veg,798,28,113,713,UPI,Regular,3.7,"Casual Dining"
O4891,C1942,39,D232,R116,Dominos,"Delhi B9",Delhi,2023-04-08,Veg,466,44,31,479,UPI,Regular,3.8,"Fast Food"
O4892,C1718,38,D845,R242,McDonalds,"Pune B8",Pune,2023-11-05,Veg,328,34,60,302,UPI,Premium,4.2,"Fast Food"
O4893,C1889,35,D438,R79,McDonalds,"Delhi B4",Delhi,2024-02-13,Veg,475,23,10,488,UPI,Occasional,4.2,Cafe
O4894,C1773,27,D990,R111,Dominos,"Delhi B7",Delhi,2024-06-10,Non-Veg,760,23,122,661,UPI,Regular,3.5,"Casual Dining"
O4895,C609,33,D91,R106,Dominos,"Mumbai B10",Mumbai,2023-06-23,Non-Veg,578,26,98,506,UPI,Premium,4.1,"Fast Food"
O4896,C919,28,D423,R13,Dominos,"Delhi B8",Delhi,2023-08-31,Non-Veg,747,51,21,777,UPI,Premium,3.9,Cafe
O4897,C148,34,D776,R248,McDonalds,"Pune B1",Pune,2023-06-20,Non-Veg,372,27,121,278,UPI,Premium,4,"Casual Dining"
O4898,C711,33,D897,R203,"Pizza Hut","Hyderabad B9",Hyderabad,2024-04-19,Non-Veg,659,60,130,589,UPI,Regular,4.7,"Fast Food"
O4899,C1147,39,D211,R129,KFC,"Delhi B5",Delhi,2024-03-23,Veg,621,33,81,573,Cash,Occasional,3.8,"Fast Food"
O4900,C44,40,D421,R52,McDonalds,"Bangalore B6",Bangalore,2024-03-17,Non-Veg,844,21,71,794,Cash,Premium,4.4,"Fast Food"
O4901,C544,40,D955,R301,Dominos,"Mumbai B5",Mumbai,2023-10-28,Non-Veg,435,37,103,369,UPI,Regular,3.8,Cafe
O4902,C1340,34,D803,R149,"Biryani House","Bangalore B5",Bangalore,2024-07-08,Veg,981,56,2,1035,Cash,Premium,4,"Casual Dining"
O4903,C1981,39,D582,R146,McDonalds,"Mumbai B4",Mumbai,2023-10-02,Non-Veg,411,33,87,357,UPI,Regular,4.6,"Fast Food"
O4904,C59,23,D941,R21,Dominos,"Mumbai B1",Mumbai,2023-12-01,Veg,382,30,61,351,UPI,Occasional,3.2,"Fast Food"
O4905,C127,70,D29,R211,"Pizza Hut","Bangalore B4",Bangalore,2023-10-19,Veg,907,37,76,868,Cash,Regular,4.7,Cafe
O4906,C1837,34,D244,R169,KFC,"Mumbai B10",Mumbai,2024-02-26,Veg,420,42,63,399,Cash,Occasional,3.2,"Fast Food"
O4907,C1462,44,D681,R383,"Pizza Hut","Bangalore B4",Bangalore,2023-08-24,Veg,413,55,72,396,UPI,Regular,3.9,"Fast Food"
O4908,C1082,20,D670,R370,McDonalds,"Bangalore B9",Bangalore,2024-07-01,Non-Veg,632,27,56,603,UPI,Occasional,5,"Casual Dining"
O4909,C6,26,D830,R331,"Biryani House","Bangalore B7",Bangalore,2024-03-07,Non-Veg,758,50,34,774,Cash,Regular,4.3,"Casual Dining"
O4910,C140,45,D983,R274,KFC,"Pune B2",Pune,2024-03-04,Veg,206,22,29,199,UPI,Premium,3.6,Cafe
O4911,C1416,59,D682,R74,McDonalds,"Mumbai B3",Mumbai,2023-12-25,Non-Veg,856,48,96,808,Cash,Occasional,3.2,"Casual Dining"
O4912,C726,37,D833,R184,KFC,"Bangalore B3",Bangalore,2023-04-19,Non-Veg,607,44,103,548,Cash,Regular,3.9,"Casual Dining"
O4913,C1084,31,D923,R47,"Biryani House","Delhi B3",Delhi,2023-10-02,Non-Veg,569,54,59,564,Cash,Occasional,3,"Casual Dining"
O4914,C713,21,D653,R321,Dominos,"Pune B1",Pune,2023-06-21,Non-Veg,483,36,78,441,UPI,Occasional,4.6,"Casual Dining"
O4915,C747,28,D796,R166,"Pizza Hut","Hyderabad B2",Hyderabad,2023-06-11,Veg,459,41,84,416,Cash,Occasional,3.3,"Casual Dining"
O4916,C1941,27,D856,R204,"Pizza Hut","Mumbai B1",Mumbai,2024-05-18,Non-Veg,882,49,55,876,UPI,Occasional,3.1,"Fast Food"
O4917,C1159,31,D508,R233,"Pizza Hut","Bangalore B5",Bangalore,2023-07-07,Non-Veg,731,34,146,619,Cash,Occasional,4,"Casual Dining"
O4918,C1414,48,D662,R295,"Biryani House","Pune B5",Pune,2023-12-14,Non-Veg,860,34,85,809,UPI,Occasional,3.3,Cafe
O4919,C583,31,D579,R308,"Pizza Hut","Hyderabad B5",Hyderabad,2023-10-29,Non-Veg,352,58,54,356,Cash,Regular,3.5,Cafe
O4920,C1084,55,D438,R230,KFC,"Delhi B7",Delhi,2023-11-22,Veg,795,32,15,812,UPI,Occasional,4.2,"Casual Dining"
O4921,C1887,51,D466,R45,KFC,"Delhi B2",Delhi,2024-03-06,Veg,693,48,143,598,UPI,Occasional,5,Cafe
O4922,C1996,31,D923,R178,"Pizza Hut","Delhi B4",Delhi,2023-12-07,Veg,342,34,44,332,UPI,Regular,3,"Casual Dining"
O4923,C243,39,D956,R297,KFC,"Bangalore B3",Bangalore,2023-05-31,Non-Veg,855,54,26,883,Cash,Premium,4.2,Cafe
O4924,C1716,31,D515,R129,KFC,"Delhi B5",Delhi,2023-08-18,Veg,790,60,50,800,Cash,Regular,4.3,"Fast Food"
O4925,C1200,57,D893,R89,McDonalds,"Bangalore B6",Bangalore,2024-03-28,Veg,831,26,63,794,UPI,Premium,3.6,Cafe
O4926,C542,66,D601,R160,Dominos,"Pune B1",Pune,2024-01-31,Veg,264,29,45,248,UPI,Regular,4.7,"Casual Dining"
O4927,C821,39,D368,R128,McDonalds,"Hyderabad B9",Hyderabad,2023-11-15,Non-Veg,690,31,137,584,UPI,Premium,4.6,"Fast Food"
O4928,C1073,37,D160,R68,McDonalds,"Bangalore B4",Bangalore,2023-11-24,Veg,461,23,82,402,UPI,Occasional,4.4,Cafe
O4929,C677,27,D30,R113,"Pizza Hut","Mumbai B5",Mumbai,2023-10-26,Veg,676,40,51,665,Cash,Regular,4.6,Cafe
O4930,C1249,27,D526,R347,Dominos,"Bangalore B3",Bangalore,2024-05-12,Veg,514,55,20,549,UPI,Occasional,4.9,"Fast Food"
O4931,C1601,56,D893,R86,Dominos,"Bangalore B8",Bangalore,2023-11-21,Veg,557,57,41,573,UPI,Occasional,3.6,Cafe
O4932,C1189,39,D457,R173,KFC,"Mumbai B10",Mumbai,2024-03-07,Non-Veg,572,38,47,563,Card,Premium,4.1,"Fast Food"
O4933,C879,33,D609,R233,"Pizza Hut","Bangalore B5",Bangalore,2024-07-27,Veg,620,37,117,540,UPI,Occasional,3,"Casual Dining"
O4934,C354,63,D566,R319,Dominos,"Pune B10",Pune,2024-01-28,Veg,447,43,35,455,UPI,Occasional,3.6,"Fast Food"
O4935,C237,44,D196,R254,KFC,"Hyderabad B4",Hyderabad,2024-01-02,Non-Veg,727,54,14,767,Card,Premium,4.6,"Fast Food"
O4936,C578,36,D484,R177,"Biryani House","Hyderabad B8",Hyderabad,2024-02-17,Non-Veg,387,56,61,382,UPI,Regular,3.2,"Casual Dining"
O4937,C1906,37,D905,R145,McDonalds,"Pune B4",Pune,2024-03-12,Veg,445,47,69,423,Card,Premium,3.6,"Fast Food"
O4938,C152,39,D136,R7,"Biryani House","Delhi B7",Delhi,2023-09-02,Veg,390,36,18,408,Cash,Occasional,3.8,Cafe
O4939,C680,32,D635,R310,"Biryani House","Mumbai B3",Mumbai,2024-07-18,Non-Veg,234,26,73,187,Cash,Occasional,4.5,"Casual Dining"
O4940,C732,39,D320,R233,"Pizza Hut","Bangalore B5",Bangalore,2024-02-06,Non-Veg,290,48,138,200,UPI,Regular,4.9,"Casual Dining"
O4941,C1581,48,D655,R72,McDonalds,"Pune B10",Pune,2023-09-10,Veg,294,36,126,204,Cash,Regular,3.6,"Casual Dining"
O4942,C1817,28,D933,R300,"Pizza Hut","Pune B8",Pune,2023-12-01,Non-Veg,243,57,102,198,UPI,Regular,4,"Fast Food"
O4943,C1692,34,D883,R182,McDonalds,"Delhi B9",Delhi,2023-09-21,Non-Veg,623,36,31,628,UPI,Occasional,3.9,"Casual Dining"
O4944,C233,25,D431,R340,McDonalds,"Pune B3",Pune,2023-10-16,Non-Veg,561,25,131,455,Cash,Occasional,4.6,"Casual Dining"
O4945,C582,31,D710,R58,Dominos,"Hyderabad B2",Hyderabad,2024-01-08,Veg,945,48,135,858,UPI,Premium,3.1,"Fast Food"
O4946,C835,37,D994,R210,"Pizza Hut","Pune B6",Pune,2023-08-01,Veg,550,23,106,467,Cash,Regular,3.3,"Fast Food"
O4947,C715,32,D574,R283,McDonalds,"Mumbai B7",Mumbai,2024-07-29,Veg,299,30,119,210,UPI,Regular,3.6,"Fast Food"
O4948,C1797,30,D498,R142,"Pizza Hut","Hyderabad B6",Hyderabad,2024-07-16,Non-Veg,332,48,64,316,UPI,Occasional,4.1,"Fast Food"
O4949,C1924,40,D216,R196,"Biryani House","Hyderabad B5",Hyderabad,2024-02-08,Veg,299,40,49,290,UPI,Premium,4.8,Cafe
O4950,C425,31,D539,R315,Dominos,"Bangalore B10",Bangalore,2024-01-19,Veg,367,30,25,372,UPI,Regular,4.2,Cafe
O4951,C120,52,D52,R55,"Pizza Hut","Delhi B3",Delhi,2023-07-30,Veg,915,27,4,938,UPI,Occasional,4.2,"Casual Dining"
O4952,C1244,34,D297,R243,KFC,"Bangalore B10",Bangalore,2024-08-12,Non-Veg,413,43,131,325,Cash,Occasional,4.8,"Fast Food"
O4953,C1578,40,D25,R384,McDonalds,"Hyderabad B2",Hyderabad,2024-01-16,Veg,465,59,148,376,UPI,Occasional,3.1,Cafe
O4954,C1062,39,D770,R264,"Pizza Hut","Mumbai B4",Mumbai,2023-12-23,Veg,881,59,112,828,Cash,Regular,3.8,Cafe
O4955,C1648,25,D589,R37,Dominos,"Hyderabad B4",Hyderabad,2023-08-13,Non-Veg,365,50,145,270,UPI,Premium,4.1,"Casual Dining"
O4956,C475,48,D359,R287,McDonalds,"Bangalore B10",Bangalore,2023-12-25,Veg,886,21,51,856,UPI,Premium,3.9,Cafe
O4957,C566,66,D703,R386,"Pizza Hut","Mumbai B3",Mumbai,2024-02-12,Veg,967,34,114,887,UPI,Occasional,4,"Casual Dining"
O4958,C692,70,D107,R329,"Biryani House","Mumbai B1",Mumbai,2023-11-24,Veg,824,28,115,737,UPI,Premium,4.4,Cafe
O4959,C987,40,D408,R90,McDonalds,"Pune B9",Pune,2023-09-08,Non-Veg,521,39,93,467,Cash,Premium,4,Cafe
O4960,C1075,40,D876,R234,"Biryani House","Delhi B2",Delhi,2024-02-25,Non-Veg,707,25,35,697,Cash,Occasional,3.3,"Fast Food"
O4961,C471,32,D324,R196,"Biryani House","Hyderabad B5",Hyderabad,2023-06-06,Veg,674,36,142,568,UPI,Regular,3.9,Cafe
O4962,C1817,62,D542,R239,McDonalds,"Pune B3",Pune,2024-06-05,Non-Veg,719,57,83,693,UPI,Regular,4.5,Cafe
O4963,C1682,40,D979,R22,"Biryani House","Mumbai B4",Mumbai,2023-12-30,Non-Veg,317,53,25,345,UPI,Occasional,3.1,Cafe
O4964,C1647,35,D439,R43,"Pizza Hut","Hyderabad B5",Hyderabad,2023-10-04,Non-Veg,646,23,22,647,Card,Occasional,4.2,"Fast Food"
O4965,C1747,43,D742,R113,"Pizza Hut","Mumbai B5",Mumbai,2023-11-23,Non-Veg,527,57,15,569,UPI,Regular,4.5,Cafe
O4966,C1495,27,D689,R321,Dominos,"Pune B1",Pune,2024-03-26,Veg,653,47,135,565,UPI,Occasional,4.4,"Casual Dining"
O4967,C1218,51,D801,R3,"Pizza Hut","Pune B8",Pune,2023-05-25,Veg,240,35,141,134,UPI,Regular,3.1,"Casual Dining"
O4968,C1417,36,D327,R255,Dominos,"Pune B2",Pune,2024-01-08,Non-Veg,350,24,65,309,UPI,Regular,3.1,Cafe
O4969,C236,36,D157,R142,"Pizza Hut","Hyderabad B6",Hyderabad,2024-05-03,Non-Veg,811,55,120,746,Card,Regular,3.3,"Fast Food"
O4970,C1982,31,D996,R62,McDonalds,"Pune B3",Pune,2023-11-27,Non-Veg,750,22,31,741,UPI,Premium,4.4,Cafe
O4971,C282,37,D656,R294,"Biryani House","Hyderabad B1",Hyderabad,2023-03-28,Non-Veg,216,25,100,141,UPI,Occasional,4.8,"Casual Dining"
O4972,C115,32,D66,R362,Dominos,"Bangalore B2",Bangalore,2024-02-14,Veg,853,57,150,760,UPI,Occasional,3.8,Cafe
O4973,C844,27,D667,R292,"Pizza Hut","Delhi B4",Delhi,2023-11-27,Veg,751,39,38,752,UPI,Premium,3.8,"Casual Dining"
O4974,C867,36,D48,R207,"Biryani House","Hyderabad B1",Hyderabad,2023-12-29,Non-Veg,899,26,134,791,UPI,Premium,4.1,"Fast Food"
O4975,C289,38,D512,R216,"Pizza Hut","Bangalore B1",Bangalore,2023-10-21,Non-Veg,846,60,51,855,UPI,Regular,4.3,"Casual Dining"
O4976,C457,35,D174,R100,"Pizza Hut","Pune B3",Pune,2023-09-12,Non-Veg,910,40,13,937,Cash,Regular,4.2,"Fast Food"
O4977,C1234,59,D694,R8,"Biryani House","Delhi B3",Delhi,2023-08-09,Veg,716,41,143,614,UPI,Premium,3.4,"Casual Dining"
O4978,C530,44,D363,R60,"Pizza Hut","Mumbai B3",Mumbai,2023-06-14,Non-Veg,369,45,110,304,Cash,Premium,3.5,Cafe
O4979,C1393,27,D507,R378,"Biryani House","Mumbai B8",Mumbai,2023-11-18,Veg,671,30,149,552,UPI,Occasional,3.3,Cafe
O4980,C812,64,D138,R147,McDonalds,"Delhi B9",Delhi,2023-12-08,Non-Veg,509,48,111,446,UPI,Occasional,4.1,"Casual Dining"
O4981,C1151,37,D370,R377,"Biryani House","Delhi B1",Delhi,2024-02-21,Veg,496,33,22,507,UPI,Occasional,4.6,Cafe
O4982,C1930,36,D32,R224,KFC,"Hyderabad B7",Hyderabad,2024-06-16,Veg,689,41,26,704,Cash,Occasional,4.3,"Fast Food"
O4983,C618,39,D278,R23,Dominos,"Delhi B6",Delhi,2024-02-28,Veg,451,35,52,434,Cash,Regular,4.2,Cafe
O4984,C82,37,D328,R305,Dominos,"Bangalore B1",Bangalore,2024-01-14,Veg,657,32,7,682,Cash,Premium,4,"Fast Food"
O4985,C1687,34,D626,R186,"Pizza Hut","Delhi B5",Delhi,2024-01-16,Non-Veg,439,26,57,408,UPI,Regular,4.2,Cafe
O4986,C137,25,D678,R354,McDonalds,"Bangalore B7",Bangalore,2024-03-27,Veg,640,58,140,558,Cash,Premium,3.3,"Fast Food"
O4987,C1862,30,D923,R45,KFC,"Delhi B2",Delhi,2023-07-11,Veg,644,53,35,662,UPI,Regular,3,Cafe
O4988,C1726,32,D452,R21,Dominos,"Mumbai B1",Mumbai,2024-04-05,Non-Veg,689,35,31,693,Cash,Premium,4.8,"Fast Food"
O4989,C10,39,D578,R46,"Biryani House","Hyderabad B4",Hyderabad,2023-04-26,Veg,671,26,54,643,Cash,Premium,3,"Fast Food"
O4990,C918,43,D888,R326,McDonalds,"Pune B7",Pune,2023-08-07,Veg,431,47,80,398,UPI,Regular,4.2,"Casual Dining"
O4991,C1293,27,D843,R113,"Pizza Hut","Mumbai B5",Mumbai,2023-08-11,Veg,975,56,109,922,Cash,Premium,3.7,Cafe
O4992,C43,39,D347,R80,KFC,"Pune B10",Pune,2023-01-14,Veg,413,37,146,304,Cash,Premium,4.3,"Fast Food"
O4993,C1086,34,D885,R97,KFC,"Mumbai B10",Mumbai,2024-01-13,Non-Veg,502,47,99,450,Cash,Premium,3.1,Cafe
O4994,C1938,25,D547,R306,McDonalds,"Hyderabad B1",Hyderabad,2023-03-09,Non-Veg,521,51,128,444,Cash,Regular,3.6,Cafe
O4995,C755,35,D21,R117,Dominos,"Delhi B1",Delhi,2024-03-08,Non-Veg,408,43,88,363,UPI,Occasional,4.3,Cafe
O4996,C173,37,D85,R306,McDonalds,"Hyderabad B1",Hyderabad,2023-03-03,Non-Veg,961,33,109,885,UPI,Regular,4.3,Cafe
O4997,C1183,26,D98,R219,McDonalds,"Mumbai B1",Mumbai,2024-04-05,Non-Veg,294,35,69,260,UPI,Regular,4.4,Cafe
O4998,C1046,29,D739,R283,McDonalds,"Mumbai B7",Mumbai,2023-10-10,Veg,625,38,43,620,Cash,Regular,4.4,"Fast Food"
O4999,C1755,37,D822,R117,Dominos,"Delhi B1",Delhi,2023-08-12,Non-Veg,836,39,142,733,UPI,Premium,3.1,Cafe
O5000,C1386,40,D70,R86,Dominos,"Bangalore B8",Bangalore,2023-02-22,Non-Veg,974,48,143,879,UPI,Premium,4.4,Cafe
O5001,C706,26,D489,R8,"Biryani House","Delhi B3",Delhi,2023-11-11,Non-Veg,897,48,58,887,UPI,Regular,3.5,"Casual Dining"
O5002,C1746,31,D183,R163,"Biryani House","Bangalore B1",Bangalore,2023-10-04,Non-Veg,539,41,122,458,Card,Premium,3.5,"Fast Food"
O5003,C1287,70,D550,R217,"Pizza Hut","Mumbai B4",Mumbai,2023-05-24,Non-Veg,661,56,144,573,UPI,Regular,5,"Fast Food"
O5004,C307,33,D348,R71,McDonalds,"Delhi B5",Delhi,2023-03-09,Non-Veg,263,34,101,196,UPI,Occasional,4,"Fast Food"
O5005,C335,33,D993,R92,"Biryani House","Delhi B9",Delhi,2023-05-11,Non-Veg,370,23,106,287,UPI,Occasional,4.4,"Casual Dining"
O5006,C1426,29,D316,R145,McDonalds,"Pune B4",Pune,2024-04-22,Non-Veg,944,31,149,826,UPI,Occasional,4.3,"Fast Food"
O5007,C257,36,D809,R56,"Pizza Hut","Bangalore B7",Bangalore,2024-02-07,Veg,395,51,101,345,Cash,Occasional,4.4,"Casual Dining"
O5008,C905,26,D552,R57,KFC,"Pune B2",Pune,2023-07-21,Non-Veg,521,26,59,488,UPI,Premium,3.7,"Casual Dining"
O5009,C1442,40,D634,R370,McDonalds,"Bangalore B9",Bangalore,2024-05-16,Non-Veg,481,59,27,513,UPI,Occasional,4.2,"Casual Dining"
O5010,C257,26,D886,R343,Dominos,"Bangalore B1",Bangalore,2023-11-25,Veg,773,58,125,706,UPI,Occasional,4.6,"Fast Food"
O5011,C1786,44,D952,R162,Dominos,"Pune B9",Pune,2023-08-30,Veg,930,48,87,891,UPI,Occasional,4.1,"Fast Food"
O5012,C1729,35,D847,R330,KFC,"Mumbai B1",Mumbai,2023-06-28,Veg,457,49,132,374,UPI,Premium,4.4,Cafe
O5013,C1105,36,D469,R398,"Biryani House","Delhi B7",Delhi,2023-05-17,Veg,504,47,17,534,UPI,Premium,4.5,"Casual Dining"
O5014,C1578,34,D236,R168,"Biryani House","Hyderabad B9",Hyderabad,2023-06-05,Veg,741,33,35,739,UPI,Occasional,4.3,"Fast Food"
O5015,C1117,35,D260,R122,"Pizza Hut","Bangalore B5",Bangalore,2023-09-18,Non-Veg,289,21,40,270,Cash,Regular,4.5,"Fast Food"
O5016,C1730,35,D914,R195,"Pizza Hut","Hyderabad B9",Hyderabad,2024-02-18,Veg,823,48,76,795,UPI,Occasional,3.5,Cafe
O5017,C1370,29,D469,R141,Dominos,"Delhi B6",Delhi,2023-05-26,Non-Veg,698,44,66,676,Cash,Regular,4.5,"Fast Food"
O5018,C1022,40,D511,R289,KFC,"Delhi B8",Delhi,2023-12-24,Veg,212,42,40,214,UPI,Regular,4.1,"Fast Food"
O5019,C601,33,D569,R305,Dominos,"Bangalore B1",Bangalore,2023-11-27,Non-Veg,624,38,136,526,Cash,Occasional,3.2,"Fast Food"
O5020,C1384,26,D152,R73,Dominos,"Bangalore B1",Bangalore,2023-08-07,Veg,926,47,143,830,UPI,Regular,5,Cafe
O5021,C142,24,D306,R249,"Biryani House","Pune B9",Pune,2024-01-21,Veg,980,29,24,985,UPI,Occasional,3.9,"Casual Dining"
O5022,C429,33,D553,R17,"Biryani House","Delhi B10",Delhi,2023-11-19,Non-Veg,845,54,45,854,UPI,Regular,3.2,Cafe
O5023,C435,27,D658,R281,"Pizza Hut","Mumbai B1",Mumbai,2023-11-10,Non-Veg,507,56,25,538,Cash,Premium,4.5,"Casual Dining"
O5024,C1216,34,D914,R395,McDonalds,"Hyderabad B6",Hyderabad,2024-04-06,Veg,525,51,62,514,UPI,Premium,3.5,"Fast Food"
O5025,C801,33,D990,R161,Dominos,"Delhi B2",Delhi,2024-01-07,Veg,903,50,114,839,Cash,Occasional,3.5,"Fast Food"
O5026,C486,23,D892,R7,"Biryani House","Delhi B7",Delhi,2024-02-19,Non-Veg,757,58,119,696,UPI,Regular,4.1,Cafe
O5027,C875,37,D773,R288,"Biryani House","Pune B1",Pune,2024-06-28,Non-Veg,290,20,99,211,Card,Occasional,3.7,Cafe
O5028,C1814,25,D83,R372,"Pizza Hut","Bangalore B6",Bangalore,2023-11-07,Veg,732,22,102,652,Cash,Occasional,5,"Casual Dining"
O5029,C232,39,D358,R115,Dominos,"Pune B10",Pune,2023-12-10,Veg,899,54,85,868,UPI,Occasional,3.7,"Casual Dining"
O5030,C93,40,D540,R275,Dominos,"Bangalore B9",Bangalore,2024-02-11,Non-Veg,982,40,0,1022,UPI,Premium,5,Cafe
O5031,C1884,53,D877,R238,"Biryani House","Bangalore B4",Bangalore,2023-09-07,Veg,967,52,108,911,UPI,Regular,3.4,"Fast Food"
O5032,C494,33,D240,R9,"Pizza Hut","Hyderabad B2",Hyderabad,2024-02-05,Veg,856,43,108,791,UPI,Regular,4.6,"Fast Food"
O5033,C801,56,D617,R282,"Biryani House","Delhi B8",Delhi,2024-07-02,Veg,613,24,10,627,UPI,Occasional,4.7,Cafe
O5034,C406,31,D790,R363,KFC,"Hyderabad B9",Hyderabad,2023-11-30,Veg,846,48,132,762,UPI,Premium,5,"Fast Food"
O5035,C1035,53,D686,R399,"Pizza Hut","Mumbai B7",Mumbai,2023-10-13,Veg,855,55,135,775,UPI,Occasional,3.3,"Fast Food"
O5036,C1550,35,D215,R248,McDonalds,"Pune B1",Pune,2024-07-05,Non-Veg,238,50,6,282,UPI,Regular,4.3,"Casual Dining"
O5037,C1406,22,D767,R104,KFC,"Mumbai B4",Mumbai,2023-11-26,Veg,349,25,109,265,UPI,Premium,4.7,Cafe
O5038,C1230,33,D882,R275,Dominos,"Bangalore B9",Bangalore,2024-05-23,Veg,329,21,35,315,UPI,Occasional,4.8,Cafe
O5039,C1400,30,D387,R21,Dominos,"Mumbai B1",Mumbai,2024-03-03,Veg,710,47,41,716,UPI,Regular,3.2,"Fast Food"
O5040,C833,39,D966,R225,KFC,"Bangalore B7",Bangalore,2023-07-21,Non-Veg,294,20,106,208,UPI,Premium,4.7,Cafe
O5041,C668,42,D17,R62,McDonalds,"Pune B3",Pune,2023-07-14,Non-Veg,238,28,65,201,UPI,Occasional,4.6,Cafe
O5042,C169,39,D473,R281,"Pizza Hut","Mumbai B1",Mumbai,2024-02-05,Veg,266,26,107,185,UPI,Premium,3.8,"Casual Dining"
O5043,C1358,18,D293,R77,KFC,"Delhi B6",Delhi,2023-09-15,Veg,769,58,17,810,UPI,Premium,3.8,"Casual Dining"
O5044,C221,34,D127,R340,McDonalds,"Pune B3",Pune,2023-09-25,Non-Veg,754,34,17,771,Cash,Occasional,3.5,"Casual Dining"
O5045,C1687,30,D343,R282,"Biryani House","Delhi B8",Delhi,2023-02-12,Non-Veg,261,26,11,276,UPI,Regular,4.7,Cafe
O5046,C221,42,D601,R172,"Biryani House","Pune B1",Pune,2024-02-11,Non-Veg,448,23,148,323,UPI,Occasional,4.7,"Fast Food"
O5047,C1903,35,D846,R89,McDonalds,"Bangalore B6",Bangalore,2024-01-16,Non-Veg,927,34,43,918,UPI,Premium,3.4,Cafe
O5048,C1674,37,D80,R121,"Biryani House","Delhi B9",Delhi,2023-12-13,Non-Veg,724,42,133,633,UPI,Premium,4.3,"Fast Food"
O5049,C271,30,D143,R322,KFC,"Pune B9",Pune,2024-01-21,Veg,815,51,143,723,UPI,Regular,4.3,"Casual Dining"
O5050,C1998,40,D645,R2,"Biryani House","Mumbai B4",Mumbai,2024-04-09,Non-Veg,491,43,113,421,Cash,Occasional,4.8,Cafe
O5051,C671,18,D209,R382,McDonalds,"Mumbai B8",Mumbai,2024-01-24,Non-Veg,354,49,29,374,UPI,Premium,3.5,Cafe
O5052,C981,31,D810,R263,KFC,"Hyderabad B3",Hyderabad,2024-04-26,Non-Veg,909,52,41,920,UPI,Premium,4.2,Cafe
O5053,C1860,19,D669,R267,"Biryani House","Bangalore B9",Bangalore,2023-12-13,Veg,706,22,104,624,Card,Regular,4.2,"Casual Dining"
O5054,C99,30,D774,R311,KFC,"Hyderabad B5",Hyderabad,2024-06-02,Veg,514,30,106,438,UPI,Regular,4.7,"Casual Dining"
O5055,C1839,38,D146,R349,"Pizza Hut","Bangalore B10",Bangalore,2024-04-19,Veg,997,20,105,912,UPI,Premium,4.6,Cafe
O5056,C1565,60,D285,R203,"Pizza Hut","Hyderabad B9",Hyderabad,2023-08-30,Veg,441,60,92,409,Cash,Regular,4.7,"Fast Food"
O5057,C516,26,D674,R338,McDonalds,"Hyderabad B8",Hyderabad,2024-02-08,Non-Veg,897,21,137,781,UPI,Premium,3.2,"Casual Dining"
O5058,C424,28,D678,R278,Dominos,"Bangalore B1",Bangalore,2023-10-16,Veg,645,50,131,564,Cash,Regular,3.3,Cafe
O5059,C159,27,D748,R42,KFC,"Hyderabad B2",Hyderabad,2024-01-01,Non-Veg,281,56,83,254,UPI,Occasional,4.5,"Fast Food"
O5060,C892,49,D708,R224,KFC,"Hyderabad B7",Hyderabad,2023-09-14,Non-Veg,920,38,117,841,UPI,Regular,4.7,"Fast Food"
O5061,C1945,32,D456,R97,KFC,"Mumbai B10",Mumbai,2024-10-10,Non-Veg,988,48,46,990,UPI,Premium,3.6,Cafe
O5062,C210,43,D673,R187,KFC,"Delhi B8",Delhi,2023-12-02,Veg,516,52,77,491,Cash,Occasional,3.4,"Casual Dining"
O5063,C1928,29,D642,R10,"Biryani House","Bangalore B7",Bangalore,2023-03-21,Non-Veg,314,56,12,358,Cash,Premium,4.8,Cafe
O5064,C1268,25,D768,R189,KFC,"Bangalore B5",Bangalore,2023-10-24,Non-Veg,373,23,143,253,Cash,Premium,4.3,Cafe
O5065,C718,70,D701,R196,"Biryani House","Hyderabad B5",Hyderabad,2023-08-26,Veg,440,60,150,350,UPI,Occasional,3.5,Cafe
O5066,C906,27,D153,R87,KFC,"Delhi B7",Delhi,2023-04-22,Non-Veg,655,41,30,666,UPI,Occasional,3.9,"Fast Food"
O5067,C1600,31,D80,R156,Dominos,"Delhi B5",Delhi,2024-05-15,Non-Veg,517,40,77,480,Cash,Premium,4.3,Cafe
O5068,C1863,27,D993,R26,KFC,"Delhi B4",Delhi,2023-09-08,Non-Veg,898,28,100,826,UPI,Premium,4.4,Cafe
O5069,C934,27,D485,R13,Dominos,"Delhi B8",Delhi,2023-09-28,Non-Veg,358,42,31,369,UPI,Premium,3.2,Cafe
O5070,C1879,25,D777,R324,McDonalds,"Pune B8",Pune,2023-11-02,Non-Veg,978,27,102,903,UPI,Regular,4.5,"Casual Dining"
O5071,C940,33,D794,R168,"Biryani House","Hyderabad B9",Hyderabad,2023-07-17,Veg,749,38,96,691,Cash,Premium,4.8,"Fast Food"
O5072,C1388,33,D424,R57,KFC,"Pune B2",Pune,2024-05-15,Veg,358,54,102,310,UPI,Premium,3.6,"Casual Dining"
O5073,C391,26,D888,R374,KFC,"Pune B5",Pune,2024-04-23,Non-Veg,604,56,46,614,Card,Premium,4.2,"Casual Dining"
O5074,C642,36,D610,R172,"Biryani House","Pune B1",Pune,2024-01-06,Veg,817,59,141,735,UPI,Regular,5,"Fast Food"
O5075,C1797,38,D216,R51,"Pizza Hut","Hyderabad B9",Hyderabad,2023-10-19,Veg,218,30,22,226,Card,Occasional,4.8,Cafe
O5076,C1103,35,D279,R318,"Pizza Hut","Hyderabad B3",Hyderabad,2024-05-18,Veg,234,26,136,124,Cash,Occasional,4.9,Cafe
O5077,C560,37,D491,R157,KFC,"Mumbai B3",Mumbai,2023-10-03,Veg,634,54,11,677,Cash,Regular,4.9,Cafe
O5078,C240,50,D773,R160,Dominos,"Pune B1",Pune,2024-03-25,Non-Veg,829,42,148,723,UPI,Regular,3.7,"Casual Dining"
O5079,C1208,27,D135,R18,McDonalds,"Pune B5",Pune,2024-06-16,Non-Veg,745,47,72,720,Cash,Occasional,4.2,"Fast Food"
O5080,C1695,33,D715,R329,"Biryani House","Mumbai B1",Mumbai,2024-02-27,Non-Veg,886,44,63,867,UPI,Regular,3.3,Cafe
O5081,C1908,25,D832,R283,McDonalds,"Mumbai B7",Mumbai,2024-07-12,Veg,622,37,50,609,UPI,Premium,4.9,"Fast Food"
O5082,C1055,28,D543,R196,"Biryani House","Hyderabad B5",Hyderabad,2023-07-06,Veg,954,40,98,896,UPI,Occasional,4.7,Cafe
O5083,C488,42,D496,R147,McDonalds,"Delhi B9",Delhi,2023-11-30,Veg,353,28,132,249,UPI,Occasional,3.4,"Casual Dining"
O5084,C1500,25,D367,R274,KFC,"Pune B2",Pune,2023-12-21,Non-Veg,412,40,98,354,UPI,Regular,4.6,Cafe
O5085,C157,32,D709,R269,KFC,"Hyderabad B4",Hyderabad,2024-04-19,Non-Veg,462,45,82,425,Cash,Occasional,3.7,"Casual Dining"
O5086,C1390,59,D334,R8,"Biryani House","Delhi B3",Delhi,2023-12-06,Non-Veg,516,53,70,499,Card,Regular,4,"Casual Dining"
O5087,C1461,34,D432,R262,McDonalds,"Mumbai B10",Mumbai,2024-05-10,Non-Veg,512,45,122,435,UPI,Premium,3.7,"Casual Dining"
O5088,C1258,33,D425,R335,"Pizza Hut","Pune B6",Pune,2023-08-07,Veg,852,46,0,898,Cash,Premium,3.7,Cafe
O5089,C1783,33,D457,R320,"Pizza Hut","Mumbai B2",Mumbai,2024-05-13,Non-Veg,695,28,28,695,UPI,Premium,4.1,Cafe
O5090,C981,26,D710,R168,"Biryani House","Hyderabad B9",Hyderabad,2023-11-12,Veg,477,39,77,439,UPI,Premium,3.1,"Fast Food"
O5091,C1519,56,D607,R69,"Pizza Hut","Bangalore B6",Bangalore,2024-04-13,Veg,946,59,101,904,Cash,Regular,4.1,Cafe
O5092,C1616,31,D131,R326,McDonalds,"Pune B7",Pune,2023-11-02,Veg,217,43,137,123,Cash,Occasional,3.3,"Casual Dining"
O5093,C1642,36,D602,R187,KFC,"Delhi B8",Delhi,2024-04-02,Non-Veg,474,48,8,514,Cash,Occasional,3.8,"Casual Dining"
O5094,C1490,27,D680,R27,McDonalds,"Pune B3",Pune,2023-08-13,Veg,834,33,92,775,Cash,Premium,4.4,Cafe
O5095,C247,46,D797,R283,McDonalds,"Mumbai B7",Mumbai,2023-07-22,Veg,309,20,116,213,Cash,Premium,3,"Fast Food"
O5096,C1000,40,D410,R127,KFC,"Pune B5",Pune,2023-09-27,Veg,745,54,114,685,Cash,Regular,4.2,"Fast Food"
O5097,C695,37,D409,R205,"Biryani House","Hyderabad B2",Hyderabad,2024-04-09,Veg,448,33,37,444,UPI,Premium,4.1,"Fast Food"
O5098,C758,26,D67,R207,"Biryani House","Hyderabad B1",Hyderabad,2023-12-09,Non-Veg,782,59,145,696,Cash,Regular,4.1,"Fast Food"
O5099,C285,43,D24,R221,KFC,"Hyderabad B2",Hyderabad,2024-02-07,Veg,959,39,65,933,Cash,Regular,5,"Casual Dining"
O5100,C1383,33,D772,R207,"Biryani House","Hyderabad B1",Hyderabad,2024-03-08,Veg,604,42,6,640,UPI,Occasional,4.3,"Fast Food"
O5101,C890,39,D517,R327,Dominos,"Pune B8",Pune,2024-04-01,Veg,431,56,108,379,UPI,Occasional,4.8,Cafe
O5102,C1508,68,D572,R115,Dominos,"Pune B10",Pune,2024-03-14,Veg,812,58,48,822,Cash,Occasional,3.1,"Casual Dining"
O5103,C11,35,D213,R130,Dominos,"Delhi B3",Delhi,2023-02-27,Veg,454,45,43,456,Cash,Occasional,3.2,"Casual Dining"
O5104,C1512,29,D94,R339,"Biryani House","Delhi B6",Delhi,2024-01-24,Non-Veg,574,28,16,586,UPI,Premium,3.7,"Casual Dining"
O5105,C1953,26,D507,R204,"Pizza Hut","Mumbai B1",Mumbai,2024-01-22,Veg,637,25,126,536,UPI,Regular,3.3,"Fast Food"
O5106,C251,33,D1000,R213,Dominos,"Mumbai B2",Mumbai,2023-05-01,Non-Veg,574,57,20,611,Cash,Regular,4.8,Cafe
O5107,C1643,66,D971,R381,KFC,"Hyderabad B10",Hyderabad,2023-03-28,Veg,270,29,117,182,UPI,Occasional,3.5,"Fast Food"
O5108,C555,35,D869,R344,KFC,"Delhi B8",Delhi,2024-02-19,Non-Veg,576,46,16,606,Cash,Occasional,4.8,"Fast Food"
O5109,C707,29,D526,R89,McDonalds,"Bangalore B6",Bangalore,2024-03-19,Non-Veg,748,25,147,626,Card,Premium,4.9,Cafe
O5110,C1090,37,D86,R12,"Biryani House","Bangalore B7",Bangalore,2024-05-01,Non-Veg,306,41,50,297,UPI,Premium,4.5,"Casual Dining"
O5111,C1904,40,D912,R262,McDonalds,"Mumbai B10",Mumbai,2024-01-22,Veg,262,42,121,183,UPI,Premium,4.3,"Casual Dining"
O5112,C1794,22,D219,R317,KFC,"Mumbai B6",Mumbai,2023-06-10,Non-Veg,489,34,108,415,UPI,Premium,4.3,"Casual Dining"
O5113,C284,32,D356,R360,McDonalds,"Delhi B4",Delhi,2023-07-01,Veg,937,42,116,863,UPI,Premium,4,"Fast Food"
O5114,C105,37,D588,R392,"Biryani House","Mumbai B2",Mumbai,2023-10-23,Non-Veg,965,52,41,976,Cash,Premium,4.3,"Casual Dining"
O5115,C397,34,D974,R209,"Biryani House","Hyderabad B1",Hyderabad,2024-08-05,Non-Veg,789,28,142,675,UPI,Regular,3.1,"Casual Dining"
O5116,C1394,34,D860,R160,Dominos,"Pune B1",Pune,2023-09-21,Veg,504,49,21,532,UPI,Occasional,3.4,"Casual Dining"
O5117,C1440,31,D801,R353,"Biryani House","Pune B2",Pune,2023-04-28,Non-Veg,593,45,109,529,UPI,Regular,3.1,"Casual Dining"
O5118,C346,39,D515,R358,"Pizza Hut","Delhi B10",Delhi,2023-11-25,Veg,672,38,34,676,Cash,Regular,4.3,"Fast Food"
O5119,C1774,28,D536,R89,McDonalds,"Bangalore B6",Bangalore,2023-07-01,Non-Veg,216,43,40,219,Cash,Regular,3.3,Cafe
O5120,C1209,37,D487,R265,McDonalds,"Hyderabad B10",Hyderabad,2024-04-15,Non-Veg,923,26,64,885,Cash,Premium,3.6,"Casual Dining"
O5121,C1386,35,D788,R184,KFC,"Bangalore B3",Bangalore,2024-06-03,Veg,516,24,80,460,UPI,Premium,4.3,"Casual Dining"
O5122,C705,30,D441,R31,McDonalds,"Bangalore B6",Bangalore,2023-09-24,Non-Veg,624,30,148,506,Cash,Regular,4.3,"Fast Food"
O5123,C60,30,D714,R254,KFC,"Hyderabad B4",Hyderabad,2023-08-23,Veg,458,31,38,451,Cash,Regular,3.2,"Fast Food"
O5124,C550,33,D52,R116,Dominos,"Delhi B9",Delhi,2023-06-12,Veg,437,21,4,454,UPI,Regular,4.2,"Fast Food"
O5125,C1551,32,D87,R35,McDonalds,"Bangalore B6",Bangalore,2024-09-08,Veg,936,23,94,865,UPI,Occasional,4.1,"Casual Dining"
O5126,C960,33,D2,R357,Dominos,"Pune B7",Pune,2023-03-26,Veg,944,56,56,944,UPI,Premium,3.5,"Casual Dining"
O5127,C941,43,D206,R225,KFC,"Bangalore B7",Bangalore,2024-01-05,Veg,896,42,108,830,Cash,Regular,3.1,Cafe
O5128,C1360,36,D736,R132,McDonalds,"Hyderabad B1",Hyderabad,2023-07-21,Non-Veg,719,34,129,624,Cash,Premium,4.7,Cafe
O5129,C444,37,D432,R232,Dominos,"Mumbai B9",Mumbai,2024-08-15,Non-Veg,872,26,14,884,UPI,Regular,3.7,Cafe
O5130,C428,27,D16,R346,KFC,"Hyderabad B1",Hyderabad,2023-11-26,Non-Veg,375,58,60,373,Cash,Occasional,4.1,Cafe
O5131,C586,36,D680,R353,"Biryani House","Pune B2",Pune,2024-04-18,Non-Veg,885,52,104,833,Cash,Occasional,4.4,"Casual Dining"
O5132,C1879,69,D684,R164,"Biryani House","Pune B5",Pune,2023-11-19,Veg,679,30,26,683,UPI,Regular,4.6,Cafe
O5133,C1444,29,D616,R88,"Biryani House","Delhi B4",Delhi,2023-04-03,Veg,446,44,49,441,Cash,Occasional,4.6,"Casual Dining"
O5134,C1058,49,D428,R60,"Pizza Hut","Mumbai B3",Mumbai,2023-10-26,Non-Veg,723,47,30,740,UPI,Premium,3.4,Cafe
O5135,C264,30,D455,R129,KFC,"Delhi B5",Delhi,2024-01-22,Non-Veg,939,59,147,851,UPI,Premium,4.3,"Fast Food"
O5136,C1564,26,D799,R313,KFC,"Hyderabad B6",Hyderabad,2024-02-26,Veg,763,55,30,788,UPI,Occasional,3.4,Cafe
O5137,C1195,37,D725,R199,"Biryani House","Delhi B9",Delhi,2023-09-21,Veg,305,54,69,290,Cash,Premium,4.5,"Casual Dining"
O5138,C1737,35,D482,R224,KFC,"Hyderabad B7",Hyderabad,2023-11-15,Veg,240,58,10,288,UPI,Regular,4.4,"Fast Food"
O5139,C837,35,D621,R21,Dominos,"Mumbai B1",Mumbai,2023-10-16,Non-Veg,593,23,113,503,UPI,Occasional,3.6,"Fast Food"
O5140,C1609,27,D649,R294,"Biryani House","Hyderabad B1",Hyderabad,2024-05-19,Non-Veg,662,33,30,665,UPI,Occasional,4.6,"Casual Dining"
O5141,C346,37,D213,R117,Dominos,"Delhi B1",Delhi,2023-02-20,Veg,319,40,27,332,Cash,Regular,3.2,Cafe
O5142,C841,36,D564,R312,KFC,"Hyderabad B7",Hyderabad,2023-05-27,Veg,244,26,122,148,UPI,Occasional,3.6,"Casual Dining"
O5143,C1868,31,D514,R72,McDonalds,"Pune B10",Pune,2024-01-04,Veg,209,50,97,162,UPI,Regular,3.9,"Casual Dining"
O5144,C1749,34,D885,R94,"Pizza Hut","Mumbai B10",Mumbai,2024-05-03,Non-Veg,238,58,80,216,UPI,Occasional,3.1,"Fast Food"
O5145,C952,38,D654,R220,"Biryani House","Bangalore B9",Bangalore,2023-11-17,Veg,687,40,140,587,Cash,Regular,4.2,"Casual Dining"
O5146,C1301,51,D409,R269,KFC,"Hyderabad B4",Hyderabad,2023-09-16,Non-Veg,226,43,105,164,UPI,Premium,4.1,"Casual Dining"
O5147,C365,46,D830,R370,McDonalds,"Bangalore B9",Bangalore,2023-09-11,Veg,916,23,52,887,Cash,Occasional,4.3,"Casual Dining"
O5148,C246,27,D567,R277,Dominos,"Bangalore B6",Bangalore,2023-02-21,Veg,395,31,21,405,UPI,Occasional,3.5,"Casual Dining"
O5149,C1190,31,D403,R393,"Pizza Hut","Pune B6",Pune,2024-03-05,Non-Veg,642,38,82,598,Cash,Regular,3.6,"Casual Dining"
O5150,C1205,29,D543,R272,"Biryani House","Hyderabad B5",Hyderabad,2024-03-26,Non-Veg,435,29,91,373,UPI,Regular,4.7,Cafe
O5151,C662,33,D846,R73,Dominos,"Bangalore B1",Bangalore,2024-01-10,Veg,594,55,68,581,UPI,Occasional,3.4,Cafe
O5152,C351,43,D591,R391,McDonalds,"Delhi B5",Delhi,2024-01-05,Non-Veg,523,31,89,465,UPI,Occasional,4.9,"Casual Dining"
O5153,C1401,28,D77,R368,Dominos,"Bangalore B4",Bangalore,2023-06-29,Veg,204,60,83,181,Cash,Regular,4.1,Cafe
O5154,C1069,26,D241,R92,"Biryani House","Delhi B9",Delhi,2024-01-28,Non-Veg,241,43,124,160,UPI,Occasional,4.8,"Casual Dining"
O5155,C1066,46,D815,R366,McDonalds,"Bangalore B2",Bangalore,2024-02-23,Non-Veg,604,58,49,613,UPI,Occasional,4.4,Cafe
O5156,C28,27,D830,R372,"Pizza Hut","Bangalore B6",Bangalore,2023-12-16,Non-Veg,633,30,116,547,UPI,Occasional,4.3,"Casual Dining"
O5157,C46,43,D847,R104,KFC,"Mumbai B4",Mumbai,2023-06-05,Veg,267,29,17,279,Cash,Regular,4.4,Cafe
O5158,C1184,34,D547,R385,"Biryani House","Hyderabad B4",Hyderabad,2023-11-19,Non-Veg,972,44,20,996,Cash,Premium,3.6,"Casual Dining"
O5159,C446,29,D568,R272,"Biryani House","Hyderabad B5",Hyderabad,2023-07-03,Veg,748,57,74,731,UPI,Regular,3.8,Cafe
O5160,C1477,33,D715,R261,KFC,"Mumbai B3",Mumbai,2023-09-16,Non-Veg,417,54,96,375,UPI,Occasional,3.3,"Fast Food"
O5161,C1323,37,D93,R322,KFC,"Pune B9",Pune,2023-06-07,Non-Veg,970,48,114,904,UPI,Occasional,3.6,"Casual Dining"
O5162,C901,29,D675,R95,KFC,"Pune B2",Pune,2023-09-18,Non-Veg,774,28,48,754,UPI,Regular,3.1,"Fast Food"
O5163,C876,38,D133,R88,"Biryani House","Delhi B4",Delhi,2023-11-12,Non-Veg,379,38,29,388,UPI,Occasional,4.3,"Casual Dining"
O5164,C1822,39,D242,R118,KFC,"Mumbai B4",Mumbai,2024-03-28,Non-Veg,343,53,30,366,Cash,Premium,5,"Casual Dining"
O5165,C977,36,D164,R43,"Pizza Hut","Hyderabad B5",Hyderabad,2023-10-04,Non-Veg,205,36,107,134,Cash,Premium,3.8,"Fast Food"
O5166,C219,66,D438,R23,Dominos,"Delhi B6",Delhi,2023-09-24,Non-Veg,314,25,103,236,Cash,Occasional,4.2,Cafe
O5167,C113,60,D365,R2,"Biryani House","Mumbai B4",Mumbai,2023-07-08,Veg,278,40,5,313,UPI,Regular,4.9,Cafe
O5168,C994,19,D726,R370,McDonalds,"Bangalore B9",Bangalore,2023-08-31,Non-Veg,908,45,116,837,UPI,Premium,3.6,"Casual Dining"
O5169,C1041,32,D548,R86,Dominos,"Bangalore B8",Bangalore,2024-01-18,Veg,759,43,133,669,UPI,Premium,3.5,Cafe
O5170,C273,37,D177,R390,"Pizza Hut","Mumbai B6",Mumbai,2023-08-11,Non-Veg,386,40,108,318,UPI,Occasional,3.9,"Casual Dining"
O5171,C1859,38,D474,R244,"Pizza Hut","Delhi B10",Delhi,2023-12-22,Veg,982,20,119,883,Cash,Premium,3.7,Cafe
O5172,C1053,28,D693,R228,McDonalds,"Delhi B6",Delhi,2023-12-12,Non-Veg,487,50,2,535,Cash,Premium,3.7,Cafe
O5173,C1450,39,D381,R270,KFC,"Delhi B2",Delhi,2023-10-25,Veg,673,53,121,605,UPI,Occasional,3.1,Cafe
O5174,C1076,27,D877,R122,"Pizza Hut","Bangalore B5",Bangalore,2023-04-06,Veg,619,41,130,530,UPI,Regular,3.4,"Fast Food"
O5175,C1139,27,D673,R116,Dominos,"Delhi B9",Delhi,2023-05-29,Veg,654,31,150,535,UPI,Premium,3.4,"Fast Food"
O5176,C1576,32,D969,R69,"Pizza Hut","Bangalore B6",Bangalore,2024-08-10,Non-Veg,958,31,59,930,Card,Occasional,3.3,Cafe
O5177,C717,28,D629,R38,McDonalds,"Bangalore B5",Bangalore,2023-05-28,Veg,236,60,99,197,Cash,Occasional,3.5,"Casual Dining"
O5178,C570,37,D738,R347,Dominos,"Bangalore B3",Bangalore,2024-05-30,Veg,350,55,44,361,UPI,Regular,4.3,"Fast Food"
O5179,C1661,29,D279,R201,KFC,"Hyderabad B8",Hyderabad,2023-12-09,Veg,701,56,92,665,UPI,Occasional,4.9,Cafe
O5180,C1677,39,D684,R298,Dominos,"Pune B5",Pune,2023-11-24,Non-Veg,421,56,114,363,UPI,Premium,4.6,"Casual Dining"
O5181,C1761,40,D545,R137,McDonalds,"Mumbai B9",Mumbai,2023-08-30,Non-Veg,992,51,45,998,Cash,Premium,4.5,"Casual Dining"
O5182,C644,48,D811,R24,"Pizza Hut","Hyderabad B3",Hyderabad,2024-08-24,Veg,702,26,63,665,Card,Premium,4,"Fast Food"
O5183,C1362,26,D135,R324,McDonalds,"Pune B8",Pune,2024-04-12,Veg,951,34,33,952,UPI,Occasional,4.2,"Casual Dining"
O5184,C398,29,D541,R285,"Pizza Hut","Hyderabad B9",Hyderabad,2024-06-15,Veg,405,59,16,448,Cash,Premium,4.4,"Fast Food"
O5185,C1295,21,D793,R54,"Pizza Hut","Delhi B4",Delhi,2023-10-05,Non-Veg,923,38,55,906,Cash,Occasional,3.3,"Casual Dining"
O5186,C908,33,D706,R140,"Pizza Hut","Pune B5",Pune,2024-04-04,Veg,734,51,31,754,UPI,Regular,4.5,Cafe
O5187,C1198,35,D22,R274,KFC,"Pune B2",Pune,2024-03-11,Non-Veg,553,33,78,508,Cash,Occasional,4.6,Cafe
O5188,C618,24,D657,R13,Dominos,"Delhi B8",Delhi,2024-05-29,Non-Veg,399,30,135,294,UPI,Regular,4.3,Cafe
O5189,C132,39,D976,R292,"Pizza Hut","Delhi B4",Delhi,2023-12-10,Veg,583,26,105,504,Cash,Premium,4.3,"Casual Dining"
O5190,C1481,37,D433,R306,McDonalds,"Hyderabad B1",Hyderabad,2024-02-07,Veg,321,57,86,292,UPI,Regular,3.9,Cafe
O5191,C1354,23,D209,R359,McDonalds,"Mumbai B9",Mumbai,2023-07-02,Non-Veg,776,54,79,751,Card,Premium,3.5,"Fast Food"
O5192,C1118,63,D560,R109,Dominos,"Bangalore B3",Bangalore,2024-02-23,Veg,759,37,32,764,Cash,Premium,4.1,Cafe
O5193,C1956,29,D440,R146,McDonalds,"Mumbai B4",Mumbai,2023-12-01,Non-Veg,688,38,6,720,UPI,Occasional,4.3,"Fast Food"
O5194,C659,29,D32,R32,"Pizza Hut","Hyderabad B4",Hyderabad,2024-01-17,Veg,260,21,60,221,Cash,Occasional,4.3,"Casual Dining"
O5195,C653,25,D47,R375,McDonalds,"Bangalore B3",Bangalore,2023-10-18,Veg,800,32,43,789,Cash,Occasional,4.5,"Fast Food"
O5196,C1219,49,D256,R314,McDonalds,"Pune B7",Pune,2023-04-28,Veg,726,26,28,724,UPI,Regular,3.9,Cafe
O5197,C1998,36,D658,R94,"Pizza Hut","Mumbai B10",Mumbai,2023-07-29,Veg,370,47,60,357,Cash,Occasional,4.5,"Fast Food"
O5198,C518,40,D799,R338,McDonalds,"Hyderabad B8",Hyderabad,2023-11-10,Veg,617,31,30,618,UPI,Regular,3.4,"Casual Dining"
O5199,C569,33,D572,R235,"Pizza Hut","Pune B9",Pune,2024-06-18,Non-Veg,692,38,67,663,UPI,Regular,3.1,"Fast Food"
O5200,C42,30,D572,R80,KFC,"Pune B10",Pune,2024-06-04,Veg,287,23,75,235,Cash,Occasional,3.1,"Fast Food"
O5201,C1395,29,D221,R158,"Biryani House","Delhi B8",Delhi,2023-05-28,Non-Veg,821,31,17,835,UPI,Regular,4.3,"Fast Food"
O5202,C1179,32,D496,R292,"Pizza Hut","Delhi B4",Delhi,2024-02-21,Veg,954,29,87,896,UPI,Occasional,3.4,"Casual Dining"
O5203,C1120,36,D77,R354,McDonalds,"Bangalore B7",Bangalore,2023-11-27,Veg,770,29,83,716,UPI,Premium,4.1,"Fast Food"
O5204,C624,29,D382,R213,Dominos,"Mumbai B2",Mumbai,2024-04-10,Veg,267,59,32,294,UPI,Premium,4.7,Cafe
O5205,C518,39,D433,R338,McDonalds,"Hyderabad B8",Hyderabad,2024-04-04,Veg,301,50,98,253,Card,Regular,3.9,"Casual Dining"
O5206,C976,58,D800,R41,McDonalds,"Mumbai B6",Mumbai,2024-01-01,Non-Veg,805,44,101,748,Cash,Premium,4,Cafe
O5207,C1727,33,D299,R382,McDonalds,"Mumbai B8",Mumbai,2024-05-14,Non-Veg,748,50,148,650,Cash,Regular,3.2,Cafe
O5208,C1349,28,D667,R369,"Biryani House","Delhi B4",Delhi,2023-11-18,Non-Veg,504,51,114,441,UPI,Occasional,3.8,Cafe
O5209,C1446,26,D735,R333,Dominos,"Pune B1",Pune,2024-01-31,Veg,395,33,2,426,Cash,Premium,4.3,"Fast Food"
O5210,C1598,32,D18,R237,Dominos,"Mumbai B2",Mumbai,2024-01-29,Non-Veg,969,46,146,869,UPI,Occasional,4.4,"Fast Food"
O5211,C295,70,D371,R1,Dominos,"Delhi B7",Delhi,2024-02-19,Non-Veg,633,52,129,556,UPI,Occasional,4.6,"Casual Dining"
O5212,C1177,28,D434,R386,"Pizza Hut","Mumbai B3",Mumbai,2024-06-03,Non-Veg,794,44,94,744,UPI,Premium,4.9,"Casual Dining"
O5213,C1332,36,D364,R398,"Biryani House","Delhi B7",Delhi,2023-08-14,Non-Veg,568,51,87,532,Card,Regular,3.3,"Casual Dining"
O5214,C96,32,D273,R13,Dominos,"Delhi B8",Delhi,2024-02-14,Non-Veg,521,30,107,444,Cash,Premium,4.2,Cafe
O5215,C1592,33,D356,R250,McDonalds,"Delhi B8",Delhi,2023-04-27,Non-Veg,853,50,127,776,Cash,Regular,4,"Fast Food"
O5216,C1758,69,D612,R345,KFC,"Mumbai B2",Mumbai,2024-01-21,Non-Veg,833,54,74,813,Cash,Regular,4.4,Cafe
O5217,C921,36,D533,R395,McDonalds,"Hyderabad B6",Hyderabad,2023-09-02,Veg,833,47,148,732,Cash,Occasional,3.1,"Fast Food"
O5218,C1243,30,D783,R41,McDonalds,"Mumbai B6",Mumbai,2023-05-07,Veg,345,26,106,265,Cash,Regular,4.9,Cafe
O5219,C627,39,D931,R156,Dominos,"Delhi B5",Delhi,2023-07-06,Veg,537,50,115,472,UPI,Occasional,4.9,Cafe
O5220,C1869,58,D829,R70,"Biryani House","Hyderabad B10",Hyderabad,2024-03-06,Veg,360,50,92,318,UPI,Premium,4.5,"Casual Dining"
O5221,C600,28,D18,R22,"Biryani House","Mumbai B4",Mumbai,2024-09-22,Non-Veg,994,22,12,1004,Cash,Regular,4.4,Cafe
O5222,C676,35,D325,R25,"Biryani House","Pune B4",Pune,2024-02-01,Non-Veg,519,48,98,469,Cash,Occasional,4.9,"Fast Food"
O5223,C1283,27,D383,R354,McDonalds,"Bangalore B7",Bangalore,2024-04-05,Non-Veg,543,51,99,495,UPI,Regular,3.1,"Fast Food"
O5224,C1484,39,D670,R149,"Biryani House","Bangalore B5",Bangalore,2024-04-15,Veg,275,54,31,298,UPI,Regular,5,"Casual Dining"
O5225,C1740,45,D33,R88,"Biryani House","Delhi B4",Delhi,2024-06-24,Veg,874,58,103,829,UPI,Occasional,3.3,"Casual Dining"
O5226,C316,26,D504,R278,Dominos,"Bangalore B1",Bangalore,2023-08-28,Non-Veg,586,42,143,485,Cash,Regular,3,Cafe
O5227,C1877,26,D804,R142,"Pizza Hut","Hyderabad B6",Hyderabad,2023-09-21,Non-Veg,382,38,57,363,Cash,Regular,4.8,"Fast Food"
O5228,C1300,45,D525,R156,Dominos,"Delhi B5",Delhi,2023-06-30,Veg,930,24,130,824,UPI,Premium,4.7,Cafe
O5229,C29,42,D739,R143,"Biryani House","Mumbai B10",Mumbai,2024-01-06,Non-Veg,610,23,81,552,UPI,Occasional,4.4,"Fast Food"
O5230,C1327,69,D212,R342,"Biryani House","Pune B5",Pune,2024-04-01,Non-Veg,601,51,96,556,UPI,Premium,4.3,"Fast Food"
O5231,C1429,33,D610,R107,KFC,"Pune B4",Pune,2024-01-26,Non-Veg,301,33,95,239,UPI,Occasional,5,"Casual Dining"
O5232,C1654,25,D867,R57,KFC,"Pune B2",Pune,2023-12-16,Veg,958,57,54,961,UPI,Premium,4.2,"Casual Dining"
O5233,C608,26,D542,R290,"Biryani House","Pune B10",Pune,2024-06-03,Veg,886,24,127,783,Cash,Regular,4.5,Cafe
O5234,C1352,51,D832,R245,"Pizza Hut","Mumbai B8",Mumbai,2023-12-21,Non-Veg,388,58,31,415,Cash,Occasional,4.9,Cafe
O5235,C1037,38,D799,R50,"Biryani House","Hyderabad B5",Hyderabad,2024-02-02,Non-Veg,580,38,147,471,UPI,Occasional,3.4,Cafe
O5236,C1541,59,D654,R343,Dominos,"Bangalore B1",Bangalore,2024-02-18,Non-Veg,518,41,41,518,UPI,Regular,4.2,"Fast Food"
O5237,C447,33,D524,R180,KFC,"Mumbai B2",Mumbai,2024-02-28,Non-Veg,474,47,120,401,UPI,Regular,4.4,"Casual Dining"
O5238,C1861,31,D54,R139,KFC,"Mumbai B6",Mumbai,2023-08-04,Non-Veg,930,44,141,833,Cash,Regular,4.6,"Casual Dining"
O5239,C1656,69,D927,R319,Dominos,"Pune B10",Pune,2023-08-11,Non-Veg,233,27,42,218,UPI,Premium,4.4,"Fast Food"
O5240,C654,48,D911,R256,Dominos,"Mumbai B5",Mumbai,2024-06-07,Veg,283,22,66,239,Cash,Occasional,3.6,"Fast Food"
O5241,C391,31,D659,R340,McDonalds,"Pune B3",Pune,2023-05-15,Non-Veg,573,54,32,595,UPI,Premium,3.7,"Casual Dining"
O5242,C545,38,D626,R13,Dominos,"Delhi B8",Delhi,2024-01-02,Veg,547,45,14,578,UPI,Regular,4.2,Cafe
O5243,C701,35,D37,R306,McDonalds,"Hyderabad B1",Hyderabad,2023-07-05,Veg,688,37,22,703,UPI,Occasional,3.3,Cafe
O5244,C459,27,D778,R143,"Biryani House","Mumbai B10",Mumbai,2023-08-11,Non-Veg,258,59,83,234,UPI,Premium,4.4,"Fast Food"
O5245,C34,30,D5,R358,"Pizza Hut","Delhi B10",Delhi,2024-01-01,Veg,711,31,38,704,UPI,Occasional,3.2,"Fast Food"
O5246,C570,70,D308,R328,Dominos,"Bangalore B9",Bangalore,2023-09-17,Non-Veg,492,36,71,457,Card,Regular,4.7,"Casual Dining"
O5247,C617,25,D601,R299,"Pizza Hut","Pune B3",Pune,2023-08-22,Veg,430,39,42,427,UPI,Premium,4.7,Cafe
O5248,C1954,26,D731,R54,"Pizza Hut","Delhi B4",Delhi,2023-11-22,Non-Veg,304,49,9,344,UPI,Occasional,3.4,"Casual Dining"
O5249,C1279,25,D796,R191,McDonalds,"Hyderabad B2",Hyderabad,2023-05-26,Non-Veg,964,26,127,863,UPI,Premium,3.3,Cafe
O5250,C1927,29,D98,R399,"Pizza Hut","Mumbai B7",Mumbai,2023-09-26,Non-Veg,239,60,36,263,Card,Premium,4.4,"Fast Food"
O5251,C36,21,D943,R64,KFC,"Delhi B7",Delhi,2023-07-07,Non-Veg,244,51,113,182,UPI,Premium,4.2,"Fast Food"
O5252,C1036,29,D168,R241,"Pizza Hut","Pune B5",Pune,2023-12-04,Veg,569,42,67,544,UPI,Regular,3.1,Cafe
O5253,C1095,29,D480,R296,KFC,"Hyderabad B2",Hyderabad,2024-07-21,Veg,615,25,37,603,UPI,Regular,3,Cafe
O5254,C286,36,D939,R2,"Biryani House","Mumbai B4",Mumbai,2024-08-21,Non-Veg,854,29,131,752,UPI,Occasional,3.1,Cafe
O5255,C544,39,D369,R237,Dominos,"Mumbai B2",Mumbai,2023-08-27,Veg,817,29,50,796,UPI,Regular,4.6,"Fast Food"
O5256,C1544,39,D6,R104,KFC,"Mumbai B4",Mumbai,2023-02-25,Non-Veg,670,41,86,625,Cash,Occasional,3.2,Cafe
O5257,C1792,37,D225,R49,KFC,"Delhi B3",Delhi,2023-10-16,Veg,461,41,26,476,UPI,Premium,4.2,"Fast Food"
O5258,C578,32,D85,R70,"Biryani House","Hyderabad B10",Hyderabad,2023-10-31,Veg,853,20,145,728,Cash,Regular,4.3,"Casual Dining"
O5259,C518,25,D573,R58,Dominos,"Hyderabad B2",Hyderabad,2023-07-02,Veg,474,49,140,383,UPI,Regular,4.6,"Fast Food"
O5260,C831,27,D493,R288,"Biryani House","Pune B1",Pune,2024-02-23,Veg,631,59,102,588,Cash,Occasional,4.8,Cafe
O5261,C1795,29,D185,R6,Dominos,"Mumbai B4",Mumbai,2024-02-25,Non-Veg,539,56,0,595,UPI,Occasional,3.3,Cafe
O5262,C1688,34,D796,R309,McDonalds,"Hyderabad B6",Hyderabad,2023-04-06,Veg,692,25,114,603,UPI,Premium,3.3,Cafe
O5263,C385,51,D873,R223,McDonalds,"Bangalore B5",Bangalore,2024-07-23,Veg,247,47,131,163,UPI,Premium,3.7,"Fast Food"
O5264,C1953,37,D385,R137,McDonalds,"Mumbai B9",Mumbai,2023-03-31,Non-Veg,698,58,94,662,UPI,Regular,5,"Casual Dining"
O5265,C637,39,D448,R329,"Biryani House","Mumbai B1",Mumbai,2024-09-03,Veg,802,33,109,726,UPI,Occasional,4.1,Cafe
O5266,C1165,37,D471,R97,KFC,"Mumbai B10",Mumbai,2023-12-16,Non-Veg,399,28,142,285,UPI,Occasional,4.3,Cafe
O5267,C808,52,D505,R214,"Pizza Hut","Mumbai B3",Mumbai,2023-10-25,Non-Veg,669,29,18,680,UPI,Premium,4,"Fast Food"
O5268,C498,29,D581,R347,Dominos,"Bangalore B3",Bangalore,2023-07-18,Non-Veg,251,28,30,249,UPI,Premium,4.6,"Fast Food"
O5269,C94,31,D917,R183,"Biryani House","Pune B3",Pune,2024-03-30,Non-Veg,495,27,137,385,UPI,Premium,3.6,"Fast Food"
O5270,C1818,34,D615,R397,"Pizza Hut","Pune B6",Pune,2023-05-03,Veg,367,47,8,406,UPI,Premium,4,Cafe
O5271,C468,30,D192,R150,"Pizza Hut","Hyderabad B2",Hyderabad,2023-06-22,Veg,939,21,35,925,Cash,Occasional,4.9,"Casual Dining"
O5272,C630,39,D177,R317,KFC,"Mumbai B6",Mumbai,2024-01-18,Veg,660,29,7,682,UPI,Regular,3.9,"Casual Dining"
O5273,C453,36,D883,R64,KFC,"Delhi B7",Delhi,2023-06-14,Non-Veg,966,23,26,963,Cash,Premium,3.9,"Fast Food"
O5274,C1917,29,D714,R209,"Biryani House","Hyderabad B1",Hyderabad,2023-08-14,Veg,537,60,102,495,Cash,Occasional,3.2,"Casual Dining"
O5275,C328,30,D929,R375,McDonalds,"Bangalore B3",Bangalore,2023-06-16,Non-Veg,524,33,11,546,UPI,Regular,4,"Fast Food"
O5276,C200,39,D5,R110,Dominos,"Delhi B1",Delhi,2023-06-14,Veg,831,59,65,825,UPI,Premium,3.2,"Fast Food"
O5277,C1063,34,D40,R232,Dominos,"Mumbai B9",Mumbai,2023-08-22,Non-Veg,522,26,106,442,Cash,Regular,4.4,Cafe
O5278,C526,28,D393,R66,Dominos,"Mumbai B5",Mumbai,2024-05-27,Veg,435,28,10,453,UPI,Premium,3.2,"Casual Dining"
O5279,C1615,30,D420,R128,McDonalds,"Hyderabad B9",Hyderabad,2023-06-17,Non-Veg,332,39,106,265,Cash,Regular,4.4,"Fast Food"
O5280,C1874,25,D129,R366,McDonalds,"Bangalore B2",Bangalore,2024-03-04,Non-Veg,359,32,23,368,Cash,Regular,4.8,Cafe
O5281,C762,51,D88,R193,"Pizza Hut","Mumbai B3",Mumbai,2023-08-22,Veg,949,59,74,934,UPI,Occasional,3.3,"Fast Food"
O5282,C1705,36,D765,R247,"Biryani House","Mumbai B8",Mumbai,2024-02-02,Non-Veg,468,20,29,459,Cash,Regular,5,Cafe
O5283,C874,35,D297,R347,Dominos,"Bangalore B3",Bangalore,2024-06-28,Veg,496,22,92,426,UPI,Regular,4.8,"Fast Food"
O5284,C994,31,D681,R349,"Pizza Hut","Bangalore B10",Bangalore,2023-07-21,Veg,680,26,131,575,Cash,Premium,3.9,Cafe
O5285,C666,30,D471,R118,KFC,"Mumbai B4",Mumbai,2024-01-01,Veg,907,22,113,816,UPI,Regular,4.3,"Casual Dining"
O5286,C1555,37,D684,R127,KFC,"Pune B5",Pune,2023-07-07,Veg,598,42,93,547,Card,Regular,4.6,"Fast Food"
O5287,C208,32,D618,R353,"Biryani House","Pune B2",Pune,2023-06-30,Veg,265,47,34,278,UPI,Occasional,4.4,"Casual Dining"
O5288,C1893,54,D337,R282,"Biryani House","Delhi B8",Delhi,2024-02-01,Non-Veg,570,27,95,502,Cash,Occasional,4.1,Cafe
O5289,C1815,33,D520,R186,"Pizza Hut","Delhi B5",Delhi,2024-02-01,Veg,988,23,125,886,Cash,Occasional,4.2,Cafe
O5290,C990,54,D426,R391,McDonalds,"Delhi B5",Delhi,2024-03-23,Veg,751,48,113,686,UPI,Premium,3.4,"Casual Dining"
O5291,C1261,38,D272,R241,"Pizza Hut","Pune B5",Pune,2023-12-27,Veg,289,28,73,244,Cash,Occasional,3.3,Cafe
O5292,C396,18,D708,R318,"Pizza Hut","Hyderabad B3",Hyderabad,2023-09-04,Non-Veg,788,41,39,790,Cash,Regular,4.7,Cafe
O5293,C820,29,D899,R171,"Pizza Hut","Mumbai B10",Mumbai,2024-04-12,Non-Veg,231,56,36,251,UPI,Premium,4.5,Cafe
O5294,C951,27,D153,R88,"Biryani House","Delhi B4",Delhi,2023-02-26,Veg,775,44,123,696,Cash,Regular,3.9,"Casual Dining"
O5295,C431,35,D805,R211,"Pizza Hut","Bangalore B4",Bangalore,2024-05-29,Veg,614,54,130,538,UPI,Occasional,3,Cafe
O5296,C1008,22,D27,R103,"Pizza Hut","Hyderabad B1",Hyderabad,2023-08-16,Non-Veg,357,30,87,300,Cash,Occasional,5,Cafe
O5297,C559,27,D235,R164,"Biryani House","Pune B5",Pune,2023-02-22,Veg,640,47,53,634,UPI,Premium,3,Cafe
O5298,C1695,66,D724,R399,"Pizza Hut","Mumbai B7",Mumbai,2024-05-10,Veg,240,37,118,159,Cash,Regular,4.6,"Fast Food"
O5299,C1846,34,D170,R150,"Pizza Hut","Hyderabad B2",Hyderabad,2023-12-04,Veg,568,27,45,550,UPI,Premium,4.6,"Casual Dining"
O5300,C1100,67,D633,R50,"Biryani House","Hyderabad B5",Hyderabad,2024-06-28,Veg,654,45,73,626,UPI,Premium,3.9,Cafe
O5301,C1610,41,D87,R69,"Pizza Hut","Bangalore B6",Bangalore,2024-05-19,Veg,454,43,70,427,UPI,Premium,4.1,Cafe
O5302,C1518,25,D655,R379,Dominos,"Pune B6",Pune,2024-01-31,Veg,723,28,107,644,UPI,Premium,3.6,"Fast Food"
O5303,C1158,31,D324,R126,KFC,"Hyderabad B6",Hyderabad,2023-06-14,Veg,555,42,94,503,Cash,Regular,3.9,"Fast Food"
O5304,C755,26,D673,R304,McDonalds,"Delhi B1",Delhi,2023-06-11,Non-Veg,760,37,92,705,UPI,Occasional,3.4,Cafe
O5305,C502,30,D386,R99,"Pizza Hut","Bangalore B6",Bangalore,2024-01-22,Veg,542,43,70,515,Cash,Regular,4.4,"Fast Food"
O5306,C1129,50,D834,R266,"Pizza Hut","Bangalore B9",Bangalore,2023-10-15,Non-Veg,583,51,34,600,UPI,Regular,4.1,"Casual Dining"
O5307,C900,70,D466,R83,Dominos,"Delhi B2",Delhi,2023-12-07,Non-Veg,330,45,88,287,Cash,Occasional,5,"Fast Food"
O5308,C1731,67,D95,R81,"Pizza Hut","Pune B7",Pune,2024-04-22,Veg,779,41,93,727,Cash,Premium,4.8,"Fast Food"
O5309,C262,33,D290,R381,KFC,"Hyderabad B10",Hyderabad,2023-07-02,Veg,215,31,102,144,UPI,Occasional,3.4,"Fast Food"
O5310,C57,32,D5,R54,"Pizza Hut","Delhi B4",Delhi,2023-09-16,Non-Veg,218,59,39,238,UPI,Regular,3.2,"Casual Dining"
O5311,C719,47,D623,R271,McDonalds,"Bangalore B2",Bangalore,2023-11-28,Veg,380,38,96,322,UPI,Premium,3.7,"Fast Food"
O5312,C200,42,D442,R98,KFC,"Delhi B2",Delhi,2023-08-23,Non-Veg,603,49,143,509,UPI,Premium,4.5,"Fast Food"
O5313,C1188,56,D105,R49,KFC,"Delhi B3",Delhi,2024-01-23,Non-Veg,774,41,50,765,UPI,Premium,3.5,"Fast Food"
O5314,C417,40,D667,R79,McDonalds,"Delhi B4",Delhi,2023-07-25,Veg,638,26,23,641,UPI,Premium,3.8,Cafe
O5315,C1629,34,D38,R74,McDonalds,"Mumbai B3",Mumbai,2024-06-21,Non-Veg,658,52,105,605,UPI,Regular,4.1,"Casual Dining"
O5316,C694,25,D335,R198,"Pizza Hut","Mumbai B6",Mumbai,2023-09-16,Non-Veg,306,45,0,351,Cash,Premium,3.9,"Fast Food"
O5317,C231,26,D32,R384,McDonalds,"Hyderabad B2",Hyderabad,2024-02-14,Non-Veg,650,50,128,572,UPI,Premium,4.3,Cafe
O5318,C1571,27,D97,R237,Dominos,"Mumbai B2",Mumbai,2023-09-18,Non-Veg,207,33,45,195,UPI,Regular,4.6,"Fast Food"
O5319,C1434,34,D500,R200,McDonalds,"Pune B10",Pune,2024-06-25,Non-Veg,624,24,125,523,UPI,Occasional,3.8,Cafe
O5320,C237,38,D914,R37,Dominos,"Hyderabad B4",Hyderabad,2024-01-08,Non-Veg,598,47,34,611,Cash,Premium,3.5,"Casual Dining"
O5321,C365,58,D437,R347,Dominos,"Bangalore B3",Bangalore,2023-11-02,Veg,519,44,44,519,UPI,Occasional,3.9,"Fast Food"
O5322,C1357,34,D868,R131,KFC,"Pune B7",Pune,2024-01-25,Non-Veg,917,36,100,853,Cash,Regular,4.9,Cafe
O5323,C734,34,D812,R348,Dominos,"Bangalore B4",Bangalore,2023-09-30,Non-Veg,273,32,109,196,UPI,Occasional,4.1,Cafe
O5324,C1604,36,D140,R219,McDonalds,"Mumbai B1",Mumbai,2023-11-04,Non-Veg,394,57,125,326,Cash,Regular,3.2,Cafe
O5325,C1843,31,D986,R390,"Pizza Hut","Mumbai B6",Mumbai,2024-07-24,Non-Veg,646,42,49,639,Cash,Premium,3.2,"Casual Dining"
O5326,C1181,27,D33,R182,McDonalds,"Delhi B9",Delhi,2024-03-14,Non-Veg,611,24,98,537,UPI,Regular,3.3,"Casual Dining"
O5327,C233,37,D4,R162,Dominos,"Pune B9",Pune,2024-05-07,Veg,810,51,7,854,Cash,Occasional,3.4,"Fast Food"
O5328,C614,26,D7,R281,"Pizza Hut","Mumbai B1",Mumbai,2023-10-04,Non-Veg,633,54,29,658,Card,Premium,4.6,"Casual Dining"
O5329,C1152,41,D537,R307,KFC,"Bangalore B6",Bangalore,2023-06-23,Non-Veg,796,25,71,750,Card,Regular,3.5,Cafe
O5330,C840,35,D96,R91,Dominos,"Bangalore B2",Bangalore,2023-05-20,Veg,784,55,62,777,UPI,Premium,4.9,Cafe
O5331,C1517,29,D900,R64,KFC,"Delhi B7",Delhi,2023-12-28,Veg,504,55,104,455,UPI,Occasional,4.4,"Fast Food"
O5332,C542,25,D416,R241,"Pizza Hut","Pune B5",Pune,2023-08-18,Veg,402,44,101,345,Cash,Regular,3.9,Cafe
O5333,C959,43,D219,R41,McDonalds,"Mumbai B6",Mumbai,2024-02-20,Veg,930,37,3,964,UPI,Occasional,4.3,Cafe
O5334,C818,36,D695,R265,McDonalds,"Hyderabad B10",Hyderabad,2023-03-18,Non-Veg,821,21,3,839,UPI,Premium,4.1,"Casual Dining"
O5335,C873,40,D457,R301,Dominos,"Mumbai B5",Mumbai,2024-05-21,Veg,687,53,68,672,Cash,Regular,4.1,Cafe
O5336,C339,25,D617,R230,KFC,"Delhi B7",Delhi,2024-06-26,Non-Veg,586,28,139,475,UPI,Occasional,4.7,"Casual Dining"
O5337,C935,23,D93,R274,KFC,"Pune B2",Pune,2023-10-05,Non-Veg,609,28,119,518,UPI,Regular,3.6,Cafe
O5338,C1324,28,D593,R339,"Biryani House","Delhi B6",Delhi,2024-05-25,Non-Veg,290,32,73,249,Cash,Occasional,3.1,"Casual Dining"
O5339,C856,39,D46,R125,"Pizza Hut","Delhi B2",Delhi,2024-01-06,Non-Veg,812,48,144,716,UPI,Regular,3.1,"Casual Dining"
O5340,C1593,36,D787,R29,Dominos,"Hyderabad B2",Hyderabad,2024-02-17,Veg,455,42,35,462,UPI,Regular,3.7,"Fast Food"
O5341,C59,34,D538,R390,"Pizza Hut","Mumbai B6",Mumbai,2024-01-19,Veg,953,25,22,956,UPI,Occasional,3.4,"Casual Dining"
O5342,C397,39,D323,R272,"Biryani House","Hyderabad B5",Hyderabad,2024-02-09,Veg,573,36,43,566,UPI,Regular,3.9,Cafe
O5343,C536,28,D763,R7,"Biryani House","Delhi B7",Delhi,2024-02-13,Non-Veg,607,48,100,555,Cash,Regular,4.9,Cafe
O5344,C691,64,D317,R155,KFC,"Delhi B5",Delhi,2023-09-16,Non-Veg,692,42,57,677,UPI,Premium,4,"Fast Food"
O5345,C456,40,D254,R288,"Biryani House","Pune B1",Pune,2023-07-13,Non-Veg,394,36,79,351,Cash,Regular,3.5,Cafe
O5346,C227,29,D966,R375,McDonalds,"Bangalore B3",Bangalore,2023-05-20,Veg,326,27,74,279,UPI,Premium,4.7,"Fast Food"
O5347,C1028,32,D562,R46,"Biryani House","Hyderabad B4",Hyderabad,2024-08-23,Non-Veg,244,27,54,217,UPI,Premium,3.4,"Fast Food"
O5348,C1022,29,D964,R303,"Pizza Hut","Delhi B3",Delhi,2024-03-09,Non-Veg,378,38,146,270,UPI,Regular,3,"Casual Dining"
O5349,C960,39,D517,R135,KFC,"Pune B5",Pune,2024-07-23,Non-Veg,900,27,45,882,UPI,Premium,4.8,Cafe
O5350,C1709,33,D595,R130,Dominos,"Delhi B3",Delhi,2024-03-06,Non-Veg,631,53,41,643,Card,Regular,3.4,"Casual Dining"
O5351,C1938,35,D842,R254,KFC,"Hyderabad B4",Hyderabad,2023-06-12,Veg,671,58,35,694,Card,Regular,4.8,"Fast Food"
O5352,C60,19,D736,R205,"Biryani House","Hyderabad B2",Hyderabad,2023-03-18,Veg,706,36,71,671,UPI,Regular,4.7,"Fast Food"
O5353,C1834,34,D31,R182,McDonalds,"Delhi B9",Delhi,2024-06-11,Non-Veg,701,20,63,658,UPI,Regular,3.1,"Casual Dining"
O5354,C1011,35,D103,R356,"Biryani House","Pune B8",Pune,2024-05-04,Veg,735,39,51,723,UPI,Occasional,3,"Casual Dining"
O5355,C1466,64,D792,R17,"Biryani House","Delhi B10",Delhi,2023-10-19,Non-Veg,377,52,128,301,UPI,Regular,4,Cafe
O5356,C838,28,D377,R390,"Pizza Hut","Mumbai B6",Mumbai,2024-04-03,Non-Veg,711,40,72,679,UPI,Occasional,4.6,"Casual Dining"
O5357,C233,38,D288,R367,Dominos,"Pune B7",Pune,2023-12-21,Veg,661,37,110,588,UPI,Occasional,4.9,"Fast Food"
O5358,C1576,36,D802,R85,KFC,"Bangalore B1",Bangalore,2024-03-01,Non-Veg,516,48,83,481,UPI,Occasional,4.6,"Fast Food"
O5359,C1473,25,D839,R79,McDonalds,"Delhi B4",Delhi,2024-01-17,Non-Veg,961,20,107,874,UPI,Premium,4.7,Cafe
O5360,C1944,37,D505,R329,"Biryani House","Mumbai B1",Mumbai,2023-09-01,Veg,394,59,102,351,UPI,Premium,4,Cafe
O5361,C1,59,D730,R38,McDonalds,"Bangalore B5",Bangalore,2024-05-21,Veg,327,27,89,265,Cash,Occasional,4.5,"Casual Dining"
O5362,C1589,55,D850,R266,"Pizza Hut","Bangalore B9",Bangalore,2024-03-24,Veg,992,44,91,945,Cash,Premium,3.7,"Casual Dining"
O5363,C311,32,D769,R104,KFC,"Mumbai B4",Mumbai,2024-09-24,Non-Veg,523,24,58,489,UPI,Premium,3.6,Cafe
O5364,C1396,33,D869,R7,"Biryani House","Delhi B7",Delhi,2023-09-20,Non-Veg,338,57,3,392,UPI,Premium,4.8,Cafe
O5365,C1555,50,D347,R218,McDonalds,"Pune B2",Pune,2023-08-12,Non-Veg,473,25,72,426,Cash,Regular,4.3,"Fast Food"
O5366,C218,67,D841,R368,Dominos,"Bangalore B4",Bangalore,2023-12-18,Veg,886,22,150,758,UPI,Premium,5,Cafe
O5367,C859,36,D935,R312,KFC,"Hyderabad B7",Hyderabad,2024-01-16,Non-Veg,994,43,147,890,Cash,Occasional,4.4,"Casual Dining"
O5368,C507,27,D755,R237,Dominos,"Mumbai B2",Mumbai,2023-11-26,Non-Veg,478,56,8,526,Cash,Premium,3.1,"Fast Food"
O5369,C1102,43,D466,R156,Dominos,"Delhi B5",Delhi,2023-11-07,Veg,536,39,46,529,Card,Premium,5,Cafe
O5370,C1457,35,D319,R105,"Pizza Hut","Hyderabad B10",Hyderabad,2023-08-19,Veg,337,54,94,297,Card,Regular,4,"Casual Dining"
O5371,C853,34,D224,R331,"Biryani House","Bangalore B7",Bangalore,2023-08-23,Non-Veg,593,54,129,518,Cash,Regular,3.1,"Casual Dining"
O5372,C842,29,D214,R92,"Biryani House","Delhi B9",Delhi,2024-04-24,Non-Veg,563,55,41,577,UPI,Occasional,3.5,"Casual Dining"
O5373,C1963,29,D655,R397,"Pizza Hut","Pune B6",Pune,2023-12-28,Non-Veg,913,60,124,849,UPI,Regular,3.6,Cafe
O5374,C1145,31,D210,R115,Dominos,"Pune B10",Pune,2023-07-09,Non-Veg,883,22,70,835,UPI,Premium,3.3,"Casual Dining"
O5375,C401,39,D785,R229,"Pizza Hut","Bangalore B9",Bangalore,2024-05-15,Veg,243,22,35,230,Cash,Premium,4.5,"Fast Food"
O5376,C1793,39,D462,R236,Dominos,"Hyderabad B9",Hyderabad,2023-08-04,Non-Veg,210,56,150,116,UPI,Regular,4.3,"Fast Food"
O5377,C1043,18,D439,R44,"Biryani House","Hyderabad B9",Hyderabad,2024-02-25,Veg,504,50,71,483,UPI,Premium,4.2,"Fast Food"
O5378,C608,57,D563,R379,Dominos,"Pune B6",Pune,2023-08-21,Non-Veg,913,25,106,832,Cash,Regular,4.2,"Fast Food"
O5379,C533,36,D613,R292,"Pizza Hut","Delhi B4",Delhi,2024-06-05,Veg,365,25,38,352,UPI,Regular,3.7,"Casual Dining"
O5380,C922,39,D220,R312,KFC,"Hyderabad B7",Hyderabad,2024-06-06,Non-Veg,331,23,5,349,UPI,Occasional,3.1,"Casual Dining"
O5381,C294,38,D620,R240,Dominos,"Pune B5",Pune,2024-07-28,Veg,986,44,85,945,Cash,Premium,3.4,"Casual Dining"
O5382,C48,25,D731,R13,Dominos,"Delhi B8",Delhi,2024-04-12,Veg,719,48,127,640,UPI,Regular,3.4,Cafe
O5383,C595,34,D424,R367,Dominos,"Pune B7",Pune,2024-09-01,Non-Veg,512,45,54,503,Cash,Premium,3.6,"Fast Food"
O5384,C1313,36,D803,R91,Dominos,"Bangalore B2",Bangalore,2024-02-25,Non-Veg,509,52,19,542,UPI,Regular,4,Cafe
O5385,C705,26,D114,R307,KFC,"Bangalore B6",Bangalore,2023-02-04,Non-Veg,836,22,150,708,Cash,Regular,3.2,Cafe
O5386,C836,31,D237,R170,"Pizza Hut","Mumbai B3",Mumbai,2024-05-03,Veg,480,28,146,362,Cash,Regular,4.7,Cafe
O5387,C1761,28,D770,R260,KFC,"Mumbai B1",Mumbai,2023-09-10,Veg,578,39,4,613,UPI,Premium,3.8,Cafe
O5388,C1,34,D229,R69,"Pizza Hut","Bangalore B6",Bangalore,2023-05-13,Veg,802,24,116,710,UPI,Occasional,3.5,Cafe
O5389,C22,38,D312,R12,"Biryani House","Bangalore B7",Bangalore,2023-11-10,Veg,584,49,90,543,UPI,Premium,3.5,"Casual Dining"
O5390,C63,26,D976,R155,KFC,"Delhi B5",Delhi,2023-12-10,Non-Veg,806,38,138,706,UPI,Regular,4.3,"Fast Food"
O5391,C1503,36,D740,R363,KFC,"Hyderabad B9",Hyderabad,2023-11-26,Veg,948,28,33,943,Cash,Occasional,4.2,"Fast Food"
O5392,C1029,31,D229,R163,"Biryani House","Bangalore B1",Bangalore,2023-10-19,Non-Veg,904,52,12,944,UPI,Premium,3.5,"Fast Food"
O5393,C553,34,D724,R48,"Pizza Hut","Mumbai B10",Mumbai,2024-01-15,Non-Veg,838,58,26,870,Cash,Occasional,4.6,"Casual Dining"
O5394,C1888,60,D731,R63,Dominos,"Delhi B3",Delhi,2023-09-14,Non-Veg,913,41,88,866,Cash,Premium,3.4,Cafe
O5395,C456,58,D492,R208,"Biryani House","Pune B2",Pune,2023-07-11,Non-Veg,396,25,0,421,UPI,Regular,4.2,"Fast Food"
O5396,C1832,26,D615,R248,McDonalds,"Pune B1",Pune,2023-05-29,Veg,500,41,41,500,Cash,Regular,4,"Casual Dining"
O5397,C1682,33,D783,R97,KFC,"Mumbai B10",Mumbai,2023-09-24,Veg,788,37,145,680,UPI,Occasional,4.9,Cafe
O5398,C1265,37,D362,R207,"Biryani House","Hyderabad B1",Hyderabad,2024-03-29,Veg,900,47,53,894,UPI,Premium,3.1,"Fast Food"
O5399,C1422,24,D948,R339,"Biryani House","Delhi B6",Delhi,2024-04-18,Veg,941,45,143,843,Card,Regular,3.7,"Casual Dining"
O5400,C1265,60,D570,R70,"Biryani House","Hyderabad B10",Hyderabad,2024-04-22,Veg,203,22,130,95,Cash,Premium,4.7,"Casual Dining"
O5401,C11,39,D704,R116,Dominos,"Delhi B9",Delhi,2024-02-13,Veg,398,41,79,360,Cash,Occasional,3.2,"Fast Food"
O5402,C687,32,D485,R292,"Pizza Hut","Delhi B4",Delhi,2023-10-24,Veg,279,57,66,270,Cash,Occasional,3.2,"Casual Dining"
O5403,C1685,28,D888,R218,McDonalds,"Pune B2",Pune,2023-12-25,Non-Veg,698,46,112,632,Cash,Premium,4.2,"Fast Food"
O5404,C3,38,D706,R218,McDonalds,"Pune B2",Pune,2023-10-05,Non-Veg,978,24,48,954,Cash,Occasional,4.5,"Fast Food"
O5405,C273,25,D385,R76,"Biryani House","Mumbai B9",Mumbai,2023-02-20,Veg,923,35,100,858,UPI,Occasional,5,Cafe
O5406,C1793,34,D668,R313,KFC,"Hyderabad B6",Hyderabad,2024-01-28,Non-Veg,294,40,85,249,UPI,Regular,4.6,Cafe
O5407,C771,34,D603,R130,Dominos,"Delhi B3",Delhi,2024-02-07,Non-Veg,547,27,39,535,Cash,Occasional,4.8,"Casual Dining"
O5408,C653,27,D71,R347,Dominos,"Bangalore B3",Bangalore,2023-11-03,Veg,357,36,77,316,Cash,Occasional,3.9,"Fast Food"
O5409,C92,29,D939,R34,KFC,"Mumbai B10",Mumbai,2024-01-29,Non-Veg,532,40,70,502,UPI,Occasional,3.1,Cafe
O5410,C1350,37,D806,R355,KFC,"Bangalore B4",Bangalore,2023-06-14,Non-Veg,243,21,115,149,Cash,Premium,4.8,Cafe
O5411,C297,63,D289,R38,McDonalds,"Bangalore B5",Bangalore,2024-07-06,Non-Veg,954,54,15,993,UPI,Regular,4.2,"Casual Dining"
O5412,C197,32,D841,R153,KFC,"Bangalore B1",Bangalore,2024-02-09,Veg,421,33,36,418,UPI,Occasional,5,"Casual Dining"
O5413,C1856,41,D510,R70,"Biryani House","Hyderabad B10",Hyderabad,2024-01-17,Veg,646,36,29,653,UPI,Premium,4.3,"Casual Dining"
O5414,C475,55,D206,R163,"Biryani House","Bangalore B1",Bangalore,2023-08-22,Non-Veg,811,50,123,738,UPI,Premium,3.1,"Fast Food"
O5415,C331,37,D992,R286,"Biryani House","Delhi B6",Delhi,2023-09-06,Veg,294,48,92,250,UPI,Regular,3.1,Cafe
O5416,C387,26,D878,R261,KFC,"Mumbai B3",Mumbai,2023-06-18,Veg,426,21,137,310,UPI,Premium,3.1,"Fast Food"
O5417,C1340,30,D630,R376,"Biryani House","Bangalore B4",Bangalore,2023-10-27,Non-Veg,972,20,79,913,UPI,Premium,4,"Casual Dining"
O5418,C1374,28,D134,R54,"Pizza Hut","Delhi B4",Delhi,2024-05-15,Non-Veg,794,23,146,671,UPI,Regular,4.7,"Casual Dining"
O5419,C537,28,D956,R223,McDonalds,"Bangalore B5",Bangalore,2023-10-22,Veg,213,29,104,138,UPI,Regular,4.2,"Fast Food"
O5420,C5,56,D602,R222,Dominos,"Delhi B10",Delhi,2024-04-20,Veg,670,46,106,610,UPI,Occasional,3.8,Cafe
O5421,C1864,28,D677,R170,"Pizza Hut","Mumbai B3",Mumbai,2024-01-06,Veg,484,41,112,413,UPI,Regular,4.2,Cafe
O5422,C38,31,D2,R164,"Biryani House","Pune B5",Pune,2023-07-30,Non-Veg,743,45,66,722,UPI,Regular,3.5,Cafe
O5423,C261,37,D972,R17,"Biryani House","Delhi B10",Delhi,2024-05-24,Veg,881,34,64,851,UPI,Regular,4.6,Cafe
O5424,C326,34,D528,R114,"Biryani House","Bangalore B2",Bangalore,2024-04-12,Non-Veg,307,22,57,272,Cash,Premium,4.8,"Fast Food"
O5425,C1036,26,D100,R208,"Biryani House","Pune B2",Pune,2024-03-14,Veg,752,20,101,671,UPI,Regular,3,"Fast Food"
O5426,C353,65,D518,R374,KFC,"Pune B5",Pune,2023-10-17,Veg,951,41,14,978,Cash,Occasional,4.8,"Casual Dining"
O5427,C553,37,D968,R152,"Biryani House","Mumbai B8",Mumbai,2024-02-25,Veg,968,36,10,994,Cash,Occasional,3.8,Cafe
O5428,C562,26,D175,R121,"Biryani House","Delhi B9",Delhi,2023-08-04,Veg,722,55,148,629,Cash,Premium,4.4,"Fast Food"
O5429,C1958,38,D422,R38,McDonalds,"Bangalore B5",Bangalore,2024-06-04,Non-Veg,419,50,76,393,UPI,Premium,3.7,"Casual Dining"
O5430,C1531,34,D542,R140,"Pizza Hut","Pune B5",Pune,2024-02-24,Non-Veg,275,60,18,317,UPI,Occasional,4.5,Cafe
O5431,C1229,34,D619,R152,"Biryani House","Mumbai B8",Mumbai,2023-12-04,Non-Veg,643,35,89,589,UPI,Regular,3,Cafe
O5432,C1881,38,D130,R57,KFC,"Pune B2",Pune,2024-04-27,Veg,852,29,84,797,Cash,Premium,3.5,"Casual Dining"
O5433,C834,34,D599,R278,Dominos,"Bangalore B1",Bangalore,2024-01-01,Non-Veg,985,30,37,978,UPI,Regular,4.1,Cafe
O5434,C1283,40,D121,R297,KFC,"Bangalore B3",Bangalore,2024-05-25,Veg,989,53,72,970,Cash,Regular,3.5,Cafe
O5435,C761,40,D983,R300,"Pizza Hut","Pune B8",Pune,2023-07-31,Non-Veg,742,53,126,669,UPI,Premium,3.6,"Fast Food"
O5436,C1803,36,D253,R232,Dominos,"Mumbai B9",Mumbai,2023-10-18,Non-Veg,641,36,117,560,UPI,Premium,4.5,Cafe
O5437,C1321,61,D377,R76,"Biryani House","Mumbai B9",Mumbai,2024-02-03,Non-Veg,838,52,140,750,Cash,Premium,4.6,Cafe
O5438,C1652,27,D374,R383,"Pizza Hut","Bangalore B4",Bangalore,2023-09-18,Veg,216,24,44,196,UPI,Premium,4.8,"Fast Food"
O5439,C1507,35,D897,R381,KFC,"Hyderabad B10",Hyderabad,2024-01-02,Veg,335,58,110,283,UPI,Premium,4.7,"Fast Food"
O5440,C1406,24,D505,R76,"Biryani House","Mumbai B9",Mumbai,2024-02-19,Non-Veg,479,54,147,386,UPI,Premium,4,Cafe
O5441,C426,38,D81,R54,"Pizza Hut","Delhi B4",Delhi,2024-04-13,Non-Veg,916,40,111,845,Cash,Occasional,4.3,"Casual Dining"
O5442,C1611,40,D718,R184,KFC,"Bangalore B3",Bangalore,2024-01-31,Veg,764,36,3,797,Cash,Premium,4.9,"Casual Dining"
O5443,C1691,31,D322,R137,McDonalds,"Mumbai B9",Mumbai,2023-08-04,Veg,850,33,8,875,Cash,Occasional,5,"Casual Dining"
O5444,C1151,33,D153,R291,"Biryani House","Delhi B3",Delhi,2023-08-29,Non-Veg,479,39,140,378,Cash,Occasional,3.9,Cafe
O5445,C663,32,D411,R160,Dominos,"Pune B1",Pune,2023-05-25,Veg,998,33,77,954,UPI,Regular,3.5,"Casual Dining"
O5446,C1563,29,D879,R184,KFC,"Bangalore B3",Bangalore,2024-07-27,Veg,547,34,39,542,Cash,Occasional,4.9,"Casual Dining"
O5447,C1229,28,D958,R169,KFC,"Mumbai B10",Mumbai,2023-08-10,Non-Veg,900,46,11,935,Cash,Regular,3.5,"Fast Food"
O5448,C1409,26,D308,R122,"Pizza Hut","Bangalore B5",Bangalore,2023-07-13,Veg,837,51,64,824,Cash,Occasional,4.7,"Fast Food"
O5449,C1600,26,D727,R20,"Pizza Hut","Delhi B4",Delhi,2024-02-11,Non-Veg,445,55,33,467,UPI,Premium,4.2,"Casual Dining"
O5450,C719,26,D586,R354,McDonalds,"Bangalore B7",Bangalore,2023-08-09,Veg,503,48,82,469,Cash,Premium,4.3,"Fast Food"
O5451,C650,55,D404,R259,"Pizza Hut","Delhi B6",Delhi,2024-08-12,Non-Veg,746,55,113,688,Cash,Regular,4.3,"Casual Dining"
O5452,C1884,31,D816,R99,"Pizza Hut","Bangalore B6",Bangalore,2023-08-25,Non-Veg,961,51,24,988,Cash,Regular,4.2,"Fast Food"
O5453,C1310,35,D177,R392,"Biryani House","Mumbai B2",Mumbai,2024-01-26,Non-Veg,491,29,41,479,UPI,Occasional,3.9,"Casual Dining"
O5454,C1832,46,D784,R327,Dominos,"Pune B8",Pune,2024-04-03,Veg,241,29,147,123,Cash,Regular,4.9,Cafe
O5455,C1630,26,D19,R293,KFC,"Mumbai B3",Mumbai,2023-08-04,Veg,585,52,111,526,Cash,Regular,4.1,Cafe
O5456,C864,25,D781,R240,Dominos,"Pune B5",Pune,2023-09-15,Veg,257,22,114,165,UPI,Occasional,3.7,"Casual Dining"
O5457,C1775,28,D403,R145,McDonalds,"Pune B4",Pune,2023-07-06,Non-Veg,309,29,141,197,UPI,Premium,3.6,"Fast Food"
O5458,C735,40,D258,R94,"Pizza Hut","Mumbai B10",Mumbai,2023-05-06,Non-Veg,697,22,136,583,Cash,Occasional,4,"Fast Food"
O5459,C735,38,D471,R217,"Pizza Hut","Mumbai B4",Mumbai,2023-12-03,Veg,948,44,72,920,Cash,Occasional,4.3,"Fast Food"
O5460,C1454,70,D776,R322,KFC,"Pune B9",Pune,2023-09-29,Veg,858,25,72,811,UPI,Regular,4,"Casual Dining"
O5461,C1532,35,D731,R64,KFC,"Delhi B7",Delhi,2024-04-07,Veg,581,47,13,615,UPI,Premium,3.4,"Fast Food"
O5462,C658,27,D520,R26,KFC,"Delhi B4",Delhi,2023-06-15,Non-Veg,441,45,78,408,UPI,Regular,4.2,Cafe
O5463,C1608,32,D225,R279,"Pizza Hut","Delhi B4",Delhi,2023-08-17,Non-Veg,380,22,18,384,UPI,Regular,4.2,"Fast Food"
O5464,C634,27,D807,R374,KFC,"Pune B5",Pune,2023-06-03,Veg,237,22,62,197,Cash,Regular,3.5,"Casual Dining"
O5465,C520,25,D775,R96,"Biryani House","Mumbai B4",Mumbai,2024-07-10,Veg,476,46,15,507,UPI,Regular,4.2,"Casual Dining"
O5466,C787,30,D56,R210,"Pizza Hut","Pune B6",Pune,2024-07-27,Non-Veg,893,52,40,905,UPI,Regular,4.9,"Fast Food"
O5467,C819,38,D48,R203,"Pizza Hut","Hyderabad B9",Hyderabad,2023-09-04,Non-Veg,315,41,8,348,UPI,Regular,4.1,"Fast Food"
O5468,C1354,35,D913,R93,McDonalds,"Mumbai B6",Mumbai,2023-04-03,Veg,888,49,145,792,Card,Premium,4.8,"Casual Dining"
O5469,C1113,61,D312,R114,"Biryani House","Bangalore B2",Bangalore,2024-01-21,Veg,361,29,37,353,Cash,Premium,3.5,"Fast Food"
O5470,C1920,31,D290,R381,KFC,"Hyderabad B10",Hyderabad,2023-07-19,Non-Veg,650,26,141,535,Cash,Occasional,3.4,"Fast Food"
O5471,C1153,62,D547,R285,"Pizza Hut","Hyderabad B9",Hyderabad,2023-08-19,Veg,210,59,144,125,UPI,Occasional,3.6,"Fast Food"
O5472,C1585,59,D87,R366,McDonalds,"Bangalore B2",Bangalore,2023-12-26,Non-Veg,786,39,139,686,UPI,Occasional,4.1,Cafe
O5473,C1251,35,D97,R232,Dominos,"Mumbai B9",Mumbai,2023-12-25,Veg,227,39,141,125,UPI,Occasional,4.6,Cafe
O5474,C50,31,D433,R215,Dominos,"Hyderabad B10",Hyderabad,2023-11-10,Non-Veg,726,42,48,720,UPI,Premium,3.9,"Fast Food"
O5475,C267,27,D931,R182,McDonalds,"Delhi B9",Delhi,2023-12-11,Non-Veg,418,35,13,440,UPI,Regular,4.9,"Casual Dining"
O5476,C1087,22,D601,R350,"Pizza Hut","Pune B2",Pune,2023-06-14,Non-Veg,682,22,150,554,UPI,Regular,4.7,"Casual Dining"
O5477,C428,49,D641,R285,"Pizza Hut","Hyderabad B9",Hyderabad,2023-09-07,Veg,577,53,119,511,Cash,Occasional,4.7,"Fast Food"
O5478,C764,38,D138,R351,"Pizza Hut","Delhi B9",Delhi,2024-03-20,Veg,439,46,88,397,UPI,Premium,4.1,"Fast Food"
O5479,C878,32,D348,R360,McDonalds,"Delhi B4",Delhi,2023-07-11,Veg,723,34,56,701,UPI,Occasional,4,"Fast Food"
O5480,C767,35,D68,R310,"Biryani House","Mumbai B3",Mumbai,2024-08-18,Non-Veg,269,31,33,267,Card,Occasional,3.3,"Casual Dining"
O5481,C1559,40,D96,R144,KFC,"Bangalore B5",Bangalore,2023-09-03,Non-Veg,689,50,40,699,Cash,Premium,4.9,"Casual Dining"
O5482,C876,36,D876,R155,KFC,"Delhi B5",Delhi,2023-12-22,Veg,294,24,43,275,Cash,Occasional,3.3,"Fast Food"
O5483,C1972,25,D250,R148,"Pizza Hut","Delhi B2",Delhi,2023-11-28,Non-Veg,330,45,98,277,UPI,Premium,3.8,"Casual Dining"
O5484,C602,38,D788,R109,Dominos,"Bangalore B3",Bangalore,2024-05-23,Non-Veg,487,37,130,394,UPI,Regular,4.3,Cafe
O5485,C1381,30,D754,R66,Dominos,"Mumbai B5",Mumbai,2024-03-23,Veg,554,26,142,438,Cash,Regular,4.8,"Casual Dining"
O5486,C97,34,D662,R333,Dominos,"Pune B1",Pune,2023-07-25,Veg,548,36,131,453,Cash,Premium,3.3,"Fast Food"
O5487,C945,32,D196,R181,"Biryani House","Hyderabad B9",Hyderabad,2024-06-08,Non-Veg,905,32,59,878,UPI,Occasional,4.6,"Casual Dining"
O5488,C1801,48,D506,R139,KFC,"Mumbai B6",Mumbai,2024-03-16,Non-Veg,907,22,96,833,UPI,Occasional,4.5,"Casual Dining"
O5489,C1846,27,D957,R325,KFC,"Hyderabad B4",Hyderabad,2023-12-20,Non-Veg,250,56,139,167,UPI,Premium,4.8,"Casual Dining"
O5490,C1785,26,D344,R314,McDonalds,"Pune B7",Pune,2024-03-18,Non-Veg,701,21,11,711,UPI,Premium,3.3,Cafe
O5491,C809,33,D960,R362,Dominos,"Bangalore B2",Bangalore,2024-06-08,Non-Veg,710,60,91,679,Card,Occasional,4.7,Cafe
O5492,C1175,31,D128,R375,McDonalds,"Bangalore B3",Bangalore,2024-04-03,Veg,228,55,101,182,UPI,Premium,4.3,"Fast Food"
O5493,C1052,35,D736,R168,"Biryani House","Hyderabad B9",Hyderabad,2023-05-14,Veg,485,24,79,430,UPI,Occasional,4.7,"Fast Food"
O5494,C273,33,D928,R33,"Pizza Hut","Mumbai B10",Mumbai,2024-04-28,Non-Veg,435,24,116,343,UPI,Occasional,4.6,Cafe
O5495,C237,32,D490,R70,"Biryani House","Hyderabad B10",Hyderabad,2024-05-06,Veg,946,60,41,965,UPI,Premium,4.5,"Casual Dining"
O5496,C868,36,D691,R360,McDonalds,"Delhi B4",Delhi,2023-05-24,Non-Veg,788,57,127,718,Cash,Occasional,4.5,"Fast Food"
O5497,C581,32,D779,R206,McDonalds,"Mumbai B3",Mumbai,2023-08-22,Non-Veg,487,24,104,407,Cash,Regular,3.3,Cafe
O5498,C632,28,D421,R348,Dominos,"Bangalore B4",Bangalore,2024-03-20,Veg,790,22,127,685,Cash,Regular,4.4,Cafe
O5499,C1295,29,D134,R63,Dominos,"Delhi B3",Delhi,2023-08-15,Non-Veg,361,46,124,283,UPI,Occasional,4.7,Cafe
O5500,C1394,34,D933,R319,Dominos,"Pune B10",Pune,2023-04-23,Veg,664,38,53,649,UPI,Occasional,4,"Fast Food"
O5501,C863,62,D312,R349,"Pizza Hut","Bangalore B10",Bangalore,2023-12-21,Veg,403,39,131,311,UPI,Premium,3.5,Cafe
O5502,C578,38,D462,R338,McDonalds,"Hyderabad B8",Hyderabad,2023-09-28,Veg,816,44,62,798,Cash,Regular,4.3,"Casual Dining"
O5503,C1940,28,D76,R389,"Biryani House","Bangalore B7",Bangalore,2023-12-10,Veg,786,36,60,762,UPI,Regular,3.3,"Fast Food"
O5504,C987,28,D141,R62,McDonalds,"Pune B3",Pune,2023-04-28,Non-Veg,571,35,18,588,Card,Premium,3.2,Cafe
O5505,C1514,27,D847,R332,KFC,"Mumbai B10",Mumbai,2023-08-28,Veg,250,58,71,237,UPI,Regular,4.4,"Fast Food"
O5506,C547,26,D357,R221,KFC,"Hyderabad B2",Hyderabad,2023-07-20,Non-Veg,655,41,68,628,Cash,Regular,3.2,"Casual Dining"
O5507,C489,40,D681,R188,KFC,"Bangalore B1",Bangalore,2023-04-23,Non-Veg,383,44,109,318,UPI,Premium,3.9,Cafe
O5508,C1512,31,D972,R369,"Biryani House","Delhi B4",Delhi,2024-07-10,Non-Veg,383,56,52,387,Card,Premium,4.6,Cafe
O5509,C176,40,D498,R37,Dominos,"Hyderabad B4",Hyderabad,2024-07-30,Veg,674,34,7,701,Cash,Premium,4.1,"Casual Dining"
O5510,C542,39,D193,R164,"Biryani House","Pune B5",Pune,2023-10-20,Non-Veg,925,24,1,948,UPI,Regular,4.2,Cafe
O5511,C1551,36,D639,R56,"Pizza Hut","Bangalore B7",Bangalore,2023-07-05,Veg,797,50,112,735,UPI,Occasional,3.8,"Casual Dining"
O5512,C1689,37,D13,R141,Dominos,"Delhi B6",Delhi,2023-10-09,Non-Veg,438,52,110,380,UPI,Occasional,4.7,"Fast Food"
O5513,C571,48,D939,R94,"Pizza Hut","Mumbai B10",Mumbai,2024-07-12,Veg,561,56,18,599,Cash,Occasional,3.1,"Fast Food"
O5514,C541,28,D106,R113,"Pizza Hut","Mumbai B5",Mumbai,2024-03-09,Veg,820,40,17,843,UPI,Regular,3.1,Cafe
O5515,C305,31,D238,R224,KFC,"Hyderabad B7",Hyderabad,2024-03-14,Non-Veg,257,25,51,231,Cash,Regular,3.7,"Fast Food"
O5516,C711,39,D139,R70,"Biryani House","Hyderabad B10",Hyderabad,2023-02-12,Veg,616,28,125,519,Card,Regular,3.5,"Casual Dining"
O5517,C1307,39,D839,R55,"Pizza Hut","Delhi B3",Delhi,2024-09-08,Veg,274,28,142,160,UPI,Occasional,4.7,"Casual Dining"
O5518,C288,39,D46,R351,"Pizza Hut","Delhi B9",Delhi,2024-05-12,Non-Veg,929,42,26,945,Cash,Occasional,3.1,"Fast Food"
O5519,C1240,34,D772,R236,Dominos,"Hyderabad B9",Hyderabad,2023-07-07,Veg,495,55,143,407,UPI,Regular,4.3,"Fast Food"
O5520,C1087,38,D680,R274,KFC,"Pune B2",Pune,2024-01-31,Non-Veg,558,33,4,587,Cash,Regular,4.4,Cafe
O5521,C1635,37,D62,R281,"Pizza Hut","Mumbai B1",Mumbai,2024-01-07,Veg,383,28,124,287,UPI,Regular,4.2,"Casual Dining"
O5522,C1499,27,D346,R21,Dominos,"Mumbai B1",Mumbai,2024-04-03,Non-Veg,702,45,84,663,UPI,Premium,3.4,"Fast Food"
O5523,C468,29,D25,R252,"Pizza Hut","Hyderabad B1",Hyderabad,2023-12-09,Non-Veg,808,41,7,842,Cash,Occasional,3.1,"Fast Food"
O5524,C57,29,D702,R178,"Pizza Hut","Delhi B4",Delhi,2023-07-22,Veg,491,56,104,443,UPI,Regular,3.6,"Casual Dining"
O5525,C1053,38,D225,R244,"Pizza Hut","Delhi B10",Delhi,2023-10-12,Non-Veg,696,24,135,585,UPI,Premium,4.2,Cafe
O5526,C1900,27,D534,R227,McDonalds,"Hyderabad B4",Hyderabad,2023-12-10,Non-Veg,527,51,45,533,UPI,Premium,4.3,"Casual Dining"
O5527,C1041,33,D929,R267,"Biryani House","Bangalore B9",Bangalore,2023-10-14,Non-Veg,556,21,26,551,UPI,Premium,4,"Casual Dining"
O5528,C1967,25,D49,R128,McDonalds,"Hyderabad B9",Hyderabad,2023-12-02,Non-Veg,338,53,0,391,UPI,Occasional,4.3,"Fast Food"
O5529,C371,34,D638,R232,Dominos,"Mumbai B9",Mumbai,2023-09-28,Veg,316,54,126,244,Cash,Occasional,3.1,Cafe
O5530,C1108,20,D60,R337,KFC,"Bangalore B8",Bangalore,2024-02-05,Non-Veg,729,43,77,695,UPI,Regular,3.3,"Fast Food"
O5531,C962,33,D155,R326,McDonalds,"Pune B7",Pune,2024-01-02,Veg,932,20,58,894,UPI,Occasional,4.3,"Casual Dining"
O5532,C891,38,D423,R125,"Pizza Hut","Delhi B2",Delhi,2023-09-29,Non-Veg,895,59,120,834,Cash,Regular,3.9,"Casual Dining"
O5533,C168,36,D335,R41,McDonalds,"Mumbai B6",Mumbai,2023-06-01,Veg,969,59,19,1009,UPI,Occasional,3.9,Cafe
O5534,C1128,34,D995,R361,KFC,"Pune B3",Pune,2024-01-04,Veg,419,44,17,446,UPI,Occasional,3.1,Cafe
O5535,C957,32,D269,R87,KFC,"Delhi B7",Delhi,2024-06-27,Veg,442,43,148,337,Card,Premium,3.3,"Fast Food"
O5536,C1153,36,D573,R181,"Biryani House","Hyderabad B9",Hyderabad,2023-06-16,Non-Veg,669,28,116,581,Cash,Occasional,4.6,"Casual Dining"
O5537,C907,39,D937,R56,"Pizza Hut","Bangalore B7",Bangalore,2024-01-08,Veg,428,20,32,416,UPI,Regular,3.5,"Casual Dining"
O5538,C121,32,D271,R379,Dominos,"Pune B6",Pune,2024-05-31,Veg,302,60,138,224,Cash,Occasional,3.6,"Fast Food"
O5539,C269,38,D27,R311,KFC,"Hyderabad B5",Hyderabad,2023-07-13,Non-Veg,304,49,74,279,Cash,Premium,5,"Casual Dining"
O5540,C1026,40,D273,R351,"Pizza Hut","Delhi B9",Delhi,2023-07-11,Veg,937,35,9,963,UPI,Premium,4.2,"Fast Food"
O5541,C1513,41,D502,R9,"Pizza Hut","Hyderabad B2",Hyderabad,2023-11-11,Veg,818,45,133,730,Cash,Premium,4.7,"Fast Food"
O5542,C1117,40,D886,R136,McDonalds,"Bangalore B3",Bangalore,2024-02-03,Non-Veg,812,28,107,733,UPI,Regular,4.6,"Casual Dining"
O5543,C121,35,D288,R112,"Biryani House","Pune B4",Pune,2023-09-11,Non-Veg,864,50,79,835,Cash,Occasional,4.9,"Casual Dining"
O5544,C1392,37,D587,R267,"Biryani House","Bangalore B9",Bangalore,2024-02-23,Non-Veg,268,50,49,269,Cash,Occasional,3.1,"Casual Dining"
O5545,C653,33,D341,R365,"Pizza Hut","Bangalore B7",Bangalore,2023-04-27,Non-Veg,207,53,77,183,UPI,Occasional,3.2,"Casual Dining"
O5546,C647,32,D553,R194,Dominos,"Delhi B3",Delhi,2023-11-09,Non-Veg,399,47,102,344,UPI,Premium,3.2,"Fast Food"
O5547,C1809,46,D568,R181,"Biryani House","Hyderabad B9",Hyderabad,2024-03-31,Veg,369,42,88,323,UPI,Occasional,3.8,"Casual Dining"
O5548,C307,27,D657,R289,KFC,"Delhi B8",Delhi,2024-03-16,Non-Veg,983,27,108,902,UPI,Occasional,4.3,"Fast Food"
O5549,C375,36,D462,R380,"Pizza Hut","Hyderabad B4",Hyderabad,2023-09-21,Veg,618,42,57,603,UPI,Premium,4.3,"Casual Dining"
O5550,C25,30,D699,R59,"Biryani House","Bangalore B6",Bangalore,2023-12-21,Veg,473,31,67,437,Card,Regular,4.5,"Fast Food"
O5551,C959,35,D878,R204,"Pizza Hut","Mumbai B1",Mumbai,2023-07-27,Non-Veg,1000,41,116,925,UPI,Occasional,3.1,"Fast Food"
O5552,C1789,45,D544,R384,McDonalds,"Hyderabad B2",Hyderabad,2024-01-16,Veg,850,31,65,816,Cash,Occasional,3.7,Cafe
O5553,C150,39,D228,R164,"Biryani House","Pune B5",Pune,2023-08-01,Veg,473,45,113,405,UPI,Regular,3.5,Cafe
O5554,C1158,26,D276,R124,"Pizza Hut","Hyderabad B1",Hyderabad,2023-12-05,Veg,339,46,123,262,UPI,Regular,3.8,"Fast Food"
O5555,C1136,35,D21,R304,McDonalds,"Delhi B1",Delhi,2023-08-13,Non-Veg,390,27,136,281,UPI,Regular,4.3,Cafe
O5556,C1288,27,D801,R367,Dominos,"Pune B7",Pune,2023-09-23,Veg,946,32,118,860,Cash,Premium,3.1,"Fast Food"
O5557,C722,38,D114,R69,"Pizza Hut","Bangalore B6",Bangalore,2023-03-30,Veg,351,36,30,357,UPI,Regular,3.2,Cafe
O5558,C1237,33,D387,R214,"Pizza Hut","Mumbai B3",Mumbai,2023-12-10,Non-Veg,656,33,37,652,UPI,Premium,3.2,"Fast Food"
O5559,C1646,57,D159,R140,"Pizza Hut","Pune B5",Pune,2023-10-11,Veg,794,39,46,787,Cash,Regular,4.9,Cafe
O5560,C1381,26,D755,R97,KFC,"Mumbai B10",Mumbai,2023-05-13,Veg,412,42,149,305,UPI,Regular,3.1,Cafe
O5561,C1996,39,D119,R292,"Pizza Hut","Delhi B4",Delhi,2023-10-27,Non-Veg,388,35,48,375,UPI,Regular,3.6,"Casual Dining"
O5562,C1175,36,D297,R370,McDonalds,"Bangalore B9",Bangalore,2024-03-22,Veg,587,33,150,470,UPI,Premium,4.8,"Casual Dining"
O5563,C969,28,D722,R240,Dominos,"Pune B5",Pune,2024-01-22,Veg,767,40,121,686,UPI,Premium,3.7,"Casual Dining"
O5564,C906,30,D478,R187,KFC,"Delhi B8",Delhi,2024-01-26,Non-Veg,837,38,90,785,UPI,Occasional,3.1,"Casual Dining"
O5565,C1068,30,D453,R213,Dominos,"Mumbai B2",Mumbai,2023-12-01,Veg,514,59,67,506,UPI,Premium,3.3,Cafe
O5566,C1346,40,D57,R52,McDonalds,"Bangalore B6",Bangalore,2024-02-03,Veg,669,37,32,674,UPI,Occasional,4.4,"Fast Food"
O5567,C1049,43,D493,R367,Dominos,"Pune B7",Pune,2024-02-20,Non-Veg,697,25,97,625,UPI,Occasional,4.8,"Fast Food"
O5568,C1784,32,D497,R13,Dominos,"Delhi B8",Delhi,2023-11-29,Non-Veg,552,37,24,565,UPI,Premium,4.6,Cafe
O5569,C1762,29,D576,R143,"Biryani House","Mumbai B10",Mumbai,2023-12-26,Non-Veg,953,47,133,867,UPI,Regular,4.5,"Fast Food"
O5570,C1482,56,D601,R241,"Pizza Hut","Pune B5",Pune,2024-02-16,Non-Veg,228,30,104,154,Cash,Regular,4.7,Cafe
O5571,C902,37,D265,R220,"Biryani House","Bangalore B9",Bangalore,2023-07-27,Non-Veg,541,37,68,510,Cash,Regular,4.6,"Casual Dining"
O5572,C1714,28,D50,R5,KFC,"Delhi B4",Delhi,2024-04-10,Veg,846,37,131,752,Cash,Occasional,4.1,"Fast Food"
O5573,C1696,40,D293,R199,"Biryani House","Delhi B9",Delhi,2023-08-01,Non-Veg,847,31,34,844,Card,Premium,3.8,"Casual Dining"
O5574,C189,48,D971,R53,KFC,"Hyderabad B5",Hyderabad,2023-09-24,Veg,757,38,46,749,UPI,Regular,3.5,"Fast Food"
O5575,C1717,36,D412,R211,"Pizza Hut","Bangalore B4",Bangalore,2023-11-07,Non-Veg,493,20,82,431,Cash,Regular,3.4,Cafe
O5576,C683,31,D356,R88,"Biryani House","Delhi B4",Delhi,2023-07-14,Veg,840,27,57,810,UPI,Regular,4,"Casual Dining"
O5577,C850,40,D775,R382,McDonalds,"Mumbai B8",Mumbai,2024-08-24,Veg,496,60,140,416,UPI,Premium,4.2,Cafe
O5578,C381,37,D547,R43,"Pizza Hut","Hyderabad B5",Hyderabad,2023-04-25,Veg,856,21,54,823,Cash,Premium,3.6,"Fast Food"
O5579,C481,50,D810,R215,Dominos,"Hyderabad B10",Hyderabad,2024-03-17,Non-Veg,786,29,109,706,UPI,Regular,4.2,"Fast Food"
O5580,C641,39,D627,R75,Dominos,"Pune B10",Pune,2024-02-27,Veg,760,53,138,675,UPI,Occasional,3.7,Cafe
O5581,C1770,36,D932,R58,Dominos,"Hyderabad B2",Hyderabad,2023-09-06,Veg,655,57,113,599,Cash,Premium,4.5,"Fast Food"
O5582,C1056,33,D180,R106,Dominos,"Mumbai B10",Mumbai,2024-02-17,Veg,234,21,58,197,Cash,Premium,3.4,"Fast Food"
O5583,C1520,26,D136,R47,"Biryani House","Delhi B3",Delhi,2024-02-28,Non-Veg,892,33,40,885,Cash,Occasional,3.8,"Casual Dining"
O5584,C1152,33,D320,R284,"Pizza Hut","Bangalore B10",Bangalore,2024-01-29,Non-Veg,804,26,90,740,UPI,Regular,4.9,Cafe
O5585,C1218,32,D367,R208,"Biryani House","Pune B2",Pune,2023-12-27,Non-Veg,397,31,121,307,UPI,Regular,4.6,"Fast Food"
O5586,C310,28,D322,R283,McDonalds,"Mumbai B7",Mumbai,2023-09-06,Non-Veg,237,36,28,245,UPI,Regular,5,"Fast Food"
O5587,C1025,35,D848,R373,Dominos,"Mumbai B4",Mumbai,2023-12-07,Veg,231,60,126,165,UPI,Premium,3.3,Cafe
O5588,C1574,25,D309,R207,"Biryani House","Hyderabad B1",Hyderabad,2023-11-25,Veg,631,45,71,605,UPI,Premium,4.7,"Fast Food"
O5589,C609,35,D453,R213,Dominos,"Mumbai B2",Mumbai,2023-06-03,Veg,903,47,93,857,UPI,Premium,3.3,Cafe
O5590,C1510,36,D60,R69,"Pizza Hut","Bangalore B6",Bangalore,2024-07-01,Non-Veg,560,36,126,470,Cash,Occasional,3.3,Cafe
O5591,C620,37,D212,R300,"Pizza Hut","Pune B8",Pune,2024-03-19,Non-Veg,871,25,106,790,UPI,Regular,4.3,"Fast Food"
O5592,C301,36,D203,R263,KFC,"Hyderabad B3",Hyderabad,2023-05-05,Veg,603,41,68,576,UPI,Occasional,4.1,Cafe
O5593,C362,39,D718,R354,McDonalds,"Bangalore B7",Bangalore,2023-11-16,Veg,971,21,118,874,UPI,Premium,4.9,"Fast Food"
O5594,C40,47,D457,R382,McDonalds,"Mumbai B8",Mumbai,2024-01-14,Non-Veg,531,42,102,471,UPI,Occasional,4.1,Cafe
O5595,C1602,39,D986,R262,McDonalds,"Mumbai B10",Mumbai,2024-04-02,Non-Veg,320,37,25,332,UPI,Premium,3.2,"Casual Dining"
O5596,C1697,39,D251,R393,"Pizza Hut","Pune B6",Pune,2024-04-15,Veg,223,48,147,124,UPI,Regular,3.5,"Casual Dining"
O5597,C567,26,D311,R311,KFC,"Hyderabad B5",Hyderabad,2023-06-02,Veg,810,25,115,720,Cash,Regular,3.4,"Casual Dining"
O5598,C1821,40,D3,R226,"Pizza Hut","Mumbai B7",Mumbai,2023-10-02,Non-Veg,749,26,1,774,Cash,Occasional,4.7,"Casual Dining"
O5599,C1486,30,D187,R278,Dominos,"Bangalore B1",Bangalore,2023-09-09,Veg,798,54,27,825,UPI,Regular,4.3,Cafe
O5600,C700,33,D686,R137,McDonalds,"Mumbai B9",Mumbai,2023-09-02,Non-Veg,396,46,54,388,Cash,Occasional,3.3,"Casual Dining"
O5601,C1038,36,D109,R168,"Biryani House","Hyderabad B9",Hyderabad,2023-10-08,Veg,406,52,34,424,Card,Regular,3.2,"Fast Food"
O5602,C839,29,D302,R327,Dominos,"Pune B8",Pune,2024-03-23,Veg,690,35,40,685,UPI,Regular,4,Cafe
O5603,C920,26,D917,R288,"Biryani House","Pune B1",Pune,2024-04-22,Non-Veg,994,38,76,956,UPI,Premium,3.6,Cafe
O5604,C106,37,D601,R81,"Pizza Hut","Pune B7",Pune,2023-09-21,Veg,986,47,6,1027,UPI,Occasional,4.7,"Fast Food"
O5605,C803,25,D120,R11,"Biryani House","Pune B2",Pune,2023-05-29,Non-Veg,246,46,116,176,Cash,Occasional,3.4,"Fast Food"
O5606,C826,25,D39,R310,"Biryani House","Mumbai B3",Mumbai,2023-05-09,Veg,297,24,94,227,UPI,Premium,4.4,"Casual Dining"
O5607,C10,25,D379,R128,McDonalds,"Hyderabad B9",Hyderabad,2023-11-05,Veg,540,30,150,420,UPI,Premium,4.9,"Fast Food"
O5608,C796,20,D729,R396,"Pizza Hut","Bangalore B8",Bangalore,2024-03-10,Veg,382,57,102,337,Cash,Occasional,3.6,Cafe
O5609,C594,36,D827,R159,Dominos,"Hyderabad B9",Hyderabad,2023-12-24,Veg,724,56,47,733,UPI,Regular,3,"Casual Dining"
O5610,C1045,39,D874,R143,"Biryani House","Mumbai B10",Mumbai,2024-02-12,Veg,981,30,27,984,Cash,Premium,3.6,"Fast Food"
O5611,C1231,23,D375,R254,KFC,"Hyderabad B4",Hyderabad,2023-09-30,Veg,737,28,104,661,UPI,Occasional,3.7,"Fast Food"
O5612,C826,25,D491,R317,KFC,"Mumbai B6",Mumbai,2023-11-17,Non-Veg,827,35,51,811,Cash,Premium,4.9,"Casual Dining"
O5613,C1847,27,D510,R215,Dominos,"Hyderabad B10",Hyderabad,2023-12-04,Non-Veg,868,37,66,839,UPI,Premium,4.3,"Fast Food"
O5614,C489,37,D561,R175,KFC,"Bangalore B7",Bangalore,2024-05-05,Veg,616,31,44,603,UPI,Premium,3.8,Cafe
O5615,C1444,36,D356,R45,KFC,"Delhi B2",Delhi,2023-06-16,Veg,829,43,123,749,UPI,Occasional,4,Cafe
O5616,C1109,38,D583,R137,McDonalds,"Mumbai B9",Mumbai,2023-07-05,Non-Veg,981,21,110,892,UPI,Premium,4.6,"Casual Dining"
O5617,C688,32,D640,R325,KFC,"Hyderabad B4",Hyderabad,2023-05-26,Veg,486,24,13,497,UPI,Premium,3.6,"Casual Dining"
O5618,C1327,38,D860,R75,Dominos,"Pune B10",Pune,2023-09-10,Non-Veg,590,46,53,583,UPI,Premium,3.4,Cafe
O5619,C726,33,D341,R287,McDonalds,"Bangalore B10",Bangalore,2023-11-01,Non-Veg,262,21,145,138,UPI,Regular,3.2,Cafe
O5620,C1492,45,D20,R253,McDonalds,"Bangalore B10",Bangalore,2024-04-25,Veg,868,59,34,893,Cash,Premium,3.1,"Fast Food"
O5621,C1706,30,D933,R28,Dominos,"Pune B3",Pune,2023-09-25,Non-Veg,322,36,114,244,UPI,Premium,4,"Casual Dining"
O5622,C212,55,D45,R146,McDonalds,"Mumbai B4",Mumbai,2023-12-08,Veg,456,25,7,474,UPI,Regular,3.8,"Fast Food"
O5623,C663,32,D604,R185,Dominos,"Pune B4",Pune,2023-04-29,Non-Veg,396,45,37,404,UPI,Regular,3.4,"Casual Dining"
O5624,C252,39,D336,R11,"Biryani House","Pune B2",Pune,2023-05-25,Veg,694,59,20,733,UPI,Regular,3.4,"Fast Food"
O5625,C1124,40,D934,R183,"Biryani House","Pune B3",Pune,2024-05-12,Veg,259,20,70,209,UPI,Regular,4.1,"Fast Food"
O5626,C1220,37,D766,R21,Dominos,"Mumbai B1",Mumbai,2023-07-11,Non-Veg,514,20,56,478,UPI,Occasional,3.5,"Fast Food"
O5627,C1183,39,D471,R143,"Biryani House","Mumbai B10",Mumbai,2024-07-09,Non-Veg,945,27,84,888,UPI,Regular,4.3,"Fast Food"
O5628,C281,26,D908,R65,"Pizza Hut","Bangalore B6",Bangalore,2024-02-09,Veg,949,37,139,847,Cash,Occasional,3.2,"Fast Food"
O5629,C1670,39,D489,R83,Dominos,"Delhi B2",Delhi,2023-04-25,Veg,421,49,143,327,Card,Occasional,3.5,"Fast Food"
O5630,C1033,28,D982,R10,"Biryani House","Bangalore B7",Bangalore,2023-09-04,Veg,556,59,32,583,Cash,Regular,4.3,Cafe
O5631,C128,26,D907,R381,KFC,"Hyderabad B10",Hyderabad,2023-10-21,Veg,766,30,2,794,Cash,Occasional,4.9,"Fast Food"
O5632,C919,20,D626,R303,"Pizza Hut","Delhi B3",Delhi,2024-03-07,Non-Veg,332,27,75,284,UPI,Premium,4.2,"Casual Dining"
O5633,C67,25,D589,R285,"Pizza Hut","Hyderabad B9",Hyderabad,2024-01-09,Non-Veg,975,48,7,1016,UPI,Regular,4.1,"Fast Food"
O5634,C286,34,D843,R373,Dominos,"Mumbai B4",Mumbai,2023-10-24,Non-Veg,544,43,93,494,UPI,Occasional,3.7,Cafe
O5635,C39,31,D731,R117,Dominos,"Delhi B1",Delhi,2023-10-19,Veg,666,45,26,685,UPI,Regular,3.4,Cafe
O5636,C619,35,D634,R277,Dominos,"Bangalore B6",Bangalore,2023-11-10,Veg,426,23,84,365,UPI,Regular,4.2,"Casual Dining"
O5637,C1707,33,D279,R50,"Biryani House","Hyderabad B5",Hyderabad,2023-12-01,Veg,774,22,133,663,UPI,Regular,4.9,Cafe
O5638,C1709,39,D381,R282,"Biryani House","Delhi B8",Delhi,2023-08-10,Non-Veg,287,29,126,190,Cash,Regular,3.1,Cafe
O5639,C79,60,D296,R400,McDonalds,"Pune B4",Pune,2024-03-27,Veg,878,24,62,840,UPI,Regular,3.9,"Fast Food"
O5640,C595,32,D868,R393,"Pizza Hut","Pune B6",Pune,2024-01-03,Non-Veg,964,37,67,934,UPI,Premium,4.9,"Casual Dining"
O5641,C1437,37,D734,R328,Dominos,"Bangalore B9",Bangalore,2024-04-06,Non-Veg,230,55,112,173,UPI,Occasional,4.7,"Casual Dining"
O5642,C1242,31,D267,R303,"Pizza Hut","Delhi B3",Delhi,2023-08-12,Non-Veg,750,41,28,763,Cash,Premium,4.9,"Casual Dining"
O5643,C926,52,D785,R316,McDonalds,"Bangalore B3",Bangalore,2023-10-22,Veg,515,46,145,416,UPI,Premium,4.5,"Casual Dining"
O5644,C925,47,D871,R146,McDonalds,"Mumbai B4",Mumbai,2023-08-12,Veg,529,30,103,456,UPI,Regular,3.9,"Fast Food"
O5645,C520,33,D1000,R94,"Pizza Hut","Mumbai B10",Mumbai,2023-02-06,Veg,678,51,21,708,Cash,Regular,4.8,"Fast Food"
O5646,C432,39,D373,R35,McDonalds,"Bangalore B6",Bangalore,2023-11-30,Non-Veg,289,55,7,337,UPI,Occasional,4.9,"Casual Dining"
O5647,C1033,40,D513,R163,"Biryani House","Bangalore B1",Bangalore,2023-11-04,Non-Veg,451,31,67,415,UPI,Regular,5,"Fast Food"
O5648,C1494,26,D934,R160,Dominos,"Pune B1",Pune,2023-12-16,Non-Veg,358,32,37,353,UPI,Occasional,4.1,"Casual Dining"
O5649,C181,33,D653,R160,Dominos,"Pune B1",Pune,2023-06-19,Veg,558,23,24,557,UPI,Occasional,4.6,"Casual Dining"
O5650,C1060,25,D924,R161,Dominos,"Delhi B2",Delhi,2023-05-29,Veg,551,57,150,458,Cash,Occasional,4.3,"Fast Food"
O5651,C830,26,D620,R145,McDonalds,"Pune B4",Pune,2024-06-02,Non-Veg,611,28,62,577,UPI,Regular,3.4,"Fast Food"
O5652,C1408,40,D902,R309,McDonalds,"Hyderabad B6",Hyderabad,2024-01-15,Veg,681,24,0,705,UPI,Premium,3.1,Cafe
O5653,C1032,35,D572,R367,Dominos,"Pune B7",Pune,2024-04-28,Non-Veg,821,34,54,801,UPI,Occasional,3.1,"Fast Food"
O5654,C813,34,D453,R382,McDonalds,"Mumbai B8",Mumbai,2023-11-13,Non-Veg,205,60,145,120,Cash,Occasional,3.3,Cafe
O5655,C538,39,D199,R165,"Biryani House","Hyderabad B3",Hyderabad,2023-10-07,Non-Veg,994,37,134,897,Cash,Premium,3.1,"Casual Dining"
O5656,C843,66,D705,R354,McDonalds,"Bangalore B7",Bangalore,2023-09-15,Non-Veg,906,24,76,854,UPI,Occasional,3.1,"Fast Food"
O5657,C864,27,D934,R239,McDonalds,"Pune B3",Pune,2024-06-12,Non-Veg,407,57,88,376,UPI,Occasional,4.1,Cafe
O5658,C554,34,D53,R207,"Biryani House","Hyderabad B1",Hyderabad,2024-03-12,Non-Veg,791,59,95,755,UPI,Premium,4.1,"Fast Food"
O5659,C1255,35,D447,R212,"Biryani House","Bangalore B6",Bangalore,2023-05-27,Non-Veg,210,32,80,162,UPI,Premium,4.9,"Casual Dining"
O5660,C622,36,D494,R243,KFC,"Bangalore B10",Bangalore,2024-02-20,Non-Veg,896,37,102,831,UPI,Premium,4.9,"Fast Food"
O5661,C1706,36,D620,R160,Dominos,"Pune B1",Pune,2024-05-25,Non-Veg,706,32,23,715,Cash,Premium,3.4,"Casual Dining"
O5662,C661,31,D870,R397,"Pizza Hut","Pune B6",Pune,2023-03-21,Non-Veg,261,20,43,238,UPI,Premium,4.6,Cafe
O5663,C707,33,D893,R188,KFC,"Bangalore B1",Bangalore,2024-05-28,Veg,580,32,87,525,UPI,Premium,3.6,Cafe
O5664,C1631,40,D200,R355,KFC,"Bangalore B4",Bangalore,2024-05-14,Non-Veg,523,22,106,439,Cash,Regular,3.9,Cafe
O5665,C1752,39,D487,R215,Dominos,"Hyderabad B10",Hyderabad,2024-01-10,Veg,530,44,15,559,UPI,Regular,3.6,"Fast Food"
O5666,C450,29,D398,R344,KFC,"Delhi B8",Delhi,2023-12-26,Non-Veg,413,28,35,406,UPI,Occasional,4.1,"Fast Food"
O5667,C1164,33,D12,R371,"Biryani House","Bangalore B8",Bangalore,2024-04-18,Non-Veg,364,50,134,280,UPI,Premium,4.7,"Fast Food"
O5668,C1223,34,D687,R276,"Pizza Hut","Hyderabad B9",Hyderabad,2023-09-30,Veg,258,38,61,235,UPI,Premium,3.5,Cafe
O5669,C1794,35,D45,R152,"Biryani House","Mumbai B8",Mumbai,2023-05-29,Veg,316,38,142,212,Cash,Premium,3.8,Cafe
O5670,C1576,40,D114,R277,Dominos,"Bangalore B6",Bangalore,2023-08-13,Veg,988,33,72,949,Cash,Occasional,3.2,"Casual Dining"
O5671,C873,40,D671,R345,KFC,"Mumbai B2",Mumbai,2024-04-11,Veg,866,32,88,810,UPI,Regular,4.4,Cafe
O5672,C1410,25,D17,R342,"Biryani House","Pune B5",Pune,2023-12-06,Veg,919,57,110,866,Cash,Regular,4.6,"Fast Food"
O5673,C1687,35,D923,R54,"Pizza Hut","Delhi B4",Delhi,2023-10-10,Veg,425,33,74,384,Card,Regular,3,"Casual Dining"
O5674,C802,69,D537,R89,McDonalds,"Bangalore B6",Bangalore,2023-06-09,Non-Veg,971,29,36,964,UPI,Premium,3.5,Cafe
O5675,C1548,28,D593,R178,"Pizza Hut","Delhi B4",Delhi,2024-04-10,Veg,572,53,23,602,UPI,Regular,3.1,"Casual Dining"
O5676,C1595,40,D286,R336,"Biryani House","Bangalore B9",Bangalore,2024-02-10,Veg,526,31,50,507,UPI,Occasional,3.7,"Fast Food"
O5677,C1452,32,D425,R162,Dominos,"Pune B9",Pune,2024-01-19,Veg,395,51,50,396,Card,Regular,3.7,"Fast Food"
O5678,C869,28,D178,R272,"Biryani House","Hyderabad B5",Hyderabad,2024-05-04,Non-Veg,451,23,26,448,UPI,Occasional,4,Cafe
O5679,C1766,29,D567,R31,McDonalds,"Bangalore B6",Bangalore,2023-06-12,Veg,672,54,115,611,Card,Regular,3.5,"Fast Food"
O5680,C1367,38,D620,R367,Dominos,"Pune B7",Pune,2023-11-05,Veg,236,57,74,219,Cash,Premium,3.4,"Fast Food"
O5681,C1611,27,D960,R52,McDonalds,"Bangalore B6",Bangalore,2024-01-14,Non-Veg,693,58,79,672,UPI,Premium,4.7,"Fast Food"
O5682,C834,44,D300,R370,McDonalds,"Bangalore B9",Bangalore,2024-05-14,Non-Veg,688,46,50,684,UPI,Regular,4.5,"Casual Dining"
O5683,C1459,32,D35,R26,KFC,"Delhi B4",Delhi,2024-04-16,Non-Veg,332,42,139,235,UPI,Premium,4.1,Cafe
O5684,C1976,25,D252,R245,"Pizza Hut","Mumbai B8",Mumbai,2023-12-20,Veg,962,36,65,933,Cash,Occasional,4.8,Cafe
O5685,C1199,31,D456,R388,Dominos,"Mumbai B9",Mumbai,2024-06-29,Veg,392,20,34,378,UPI,Occasional,3.6,"Casual Dining"
O5686,C302,55,D389,R227,McDonalds,"Hyderabad B4",Hyderabad,2023-06-06,Veg,626,27,147,506,UPI,Regular,4.3,"Casual Dining"
O5687,C74,38,D531,R290,"Biryani House","Pune B10",Pune,2023-12-18,Veg,917,48,17,948,UPI,Occasional,3.1,Cafe
O5688,C1200,27,D41,R35,McDonalds,"Bangalore B6",Bangalore,2023-07-21,Veg,412,53,142,323,Cash,Premium,3.2,"Casual Dining"
O5689,C51,28,D297,R192,Dominos,"Bangalore B9",Bangalore,2024-07-01,Non-Veg,473,37,131,379,UPI,Occasional,4.8,"Fast Food"
O5690,C996,28,D364,R197,Dominos,"Delhi B4",Delhi,2023-07-26,Non-Veg,827,28,44,811,Cash,Regular,3.3,"Casual Dining"
O5691,C1663,37,D973,R38,McDonalds,"Bangalore B5",Bangalore,2024-01-12,Veg,619,60,96,583,UPI,Occasional,3.7,"Casual Dining"
O5692,C1273,48,D90,R336,"Biryani House","Bangalore B9",Bangalore,2024-03-29,Veg,477,35,139,373,Cash,Premium,3.7,"Fast Food"
O5693,C1374,64,D221,R303,"Pizza Hut","Delhi B3",Delhi,2023-05-20,Veg,747,50,100,697,Cash,Regular,4.3,"Casual Dining"
O5694,C756,60,D809,R52,McDonalds,"Bangalore B6",Bangalore,2024-03-21,Veg,214,58,31,241,Cash,Occasional,4.4,"Fast Food"
O5695,C804,62,D883,R251,Dominos,"Delhi B10",Delhi,2023-12-27,Non-Veg,284,56,83,257,UPI,Regular,3.9,"Casual Dining"
O5696,C324,35,D458,R136,McDonalds,"Bangalore B3",Bangalore,2023-12-09,Veg,396,42,139,299,UPI,Occasional,3.8,"Casual Dining"
O5697,C310,36,D222,R6,Dominos,"Mumbai B4",Mumbai,2023-06-25,Veg,829,35,94,770,Cash,Regular,4.1,Cafe
O5698,C1907,52,D332,R135,KFC,"Pune B5",Pune,2024-06-21,Veg,348,21,98,271,UPI,Occasional,3.9,Cafe
O5699,C90,35,D598,R361,KFC,"Pune B3",Pune,2024-02-07,Non-Veg,557,44,27,574,UPI,Regular,3.1,Cafe
O5700,C1896,70,D856,R139,KFC,"Mumbai B6",Mumbai,2024-01-07,Veg,253,26,12,267,UPI,Premium,3.1,"Casual Dining"
O5701,C763,21,D127,R135,KFC,"Pune B5",Pune,2023-10-22,Veg,280,27,53,254,Cash,Regular,3.5,Cafe
O5702,C1799,36,D542,R324,McDonalds,"Pune B8",Pune,2024-02-21,Veg,329,35,145,219,UPI,Regular,4.5,"Casual Dining"
O5703,C976,29,D766,R33,"Pizza Hut","Mumbai B10",Mumbai,2023-07-17,Non-Veg,452,31,121,362,UPI,Premium,3.5,Cafe
O5704,C1032,34,D451,R335,"Pizza Hut","Pune B6",Pune,2024-05-25,Veg,342,52,4,390,Cash,Occasional,3.2,Cafe
O5705,C214,38,D540,R154,"Pizza Hut","Bangalore B7",Bangalore,2024-06-25,Non-Veg,226,58,109,175,UPI,Occasional,5,"Fast Food"
O5706,C821,37,D198,R51,"Pizza Hut","Hyderabad B9",Hyderabad,2024-03-06,Veg,584,26,58,552,UPI,Premium,3.4,Cafe
O5707,C850,31,D795,R262,McDonalds,"Mumbai B10",Mumbai,2023-12-20,Veg,302,47,46,303,UPI,Premium,3.1,"Casual Dining"
O5708,C1986,63,D917,R183,"Biryani House","Pune B3",Pune,2024-01-09,Non-Veg,328,28,76,280,UPI,Regular,3.6,"Fast Food"
O5709,C1876,39,D662,R28,Dominos,"Pune B3",Pune,2023-03-19,Non-Veg,267,23,39,251,Cash,Occasional,3.3,"Casual Dining"
O5710,C1726,37,D967,R320,"Pizza Hut","Mumbai B2",Mumbai,2023-11-20,Veg,488,21,126,383,UPI,Premium,4.2,Cafe
O5711,C417,56,D283,R88,"Biryani House","Delhi B4",Delhi,2023-09-26,Non-Veg,201,49,86,164,UPI,Premium,3.7,"Casual Dining"
O5712,C495,42,D103,R379,Dominos,"Pune B6",Pune,2024-02-15,Veg,854,24,125,753,UPI,Occasional,3,"Fast Food"
O5713,C1842,40,D829,R42,KFC,"Hyderabad B2",Hyderabad,2024-01-05,Veg,502,24,47,479,UPI,Occasional,4.5,"Fast Food"
O5714,C53,27,D359,R257,Dominos,"Bangalore B3",Bangalore,2023-12-07,Non-Veg,748,36,5,779,Cash,Regular,3.9,Cafe
O5715,C365,33,D654,R192,Dominos,"Bangalore B9",Bangalore,2023-12-23,Non-Veg,662,27,123,566,Card,Occasional,4.2,"Fast Food"
O5716,C1618,28,D454,R22,"Biryani House","Mumbai B4",Mumbai,2024-01-12,Non-Veg,972,56,121,907,UPI,Occasional,3.8,Cafe
O5717,C620,38,D615,R80,KFC,"Pune B10",Pune,2023-06-22,Veg,247,38,74,211,Cash,Regular,4,"Fast Food"
O5718,C1412,36,D541,R50,"Biryani House","Hyderabad B5",Hyderabad,2024-05-01,Non-Veg,851,39,39,851,UPI,Premium,4.4,Cafe
O5719,C1583,34,D512,R372,"Pizza Hut","Bangalore B6",Bangalore,2024-02-13,Veg,215,31,42,204,Cash,Regular,4.3,"Casual Dining"
O5720,C2000,37,D578,R16,McDonalds,"Hyderabad B9",Hyderabad,2023-08-02,Non-Veg,577,54,98,533,UPI,Premium,3,"Fast Food"
O5721,C528,62,D948,R292,"Pizza Hut","Delhi B4",Delhi,2023-12-22,Veg,536,41,30,547,Cash,Premium,3.7,"Casual Dining"
O5722,C484,34,D994,R340,McDonalds,"Pune B3",Pune,2023-09-09,Non-Veg,496,41,23,514,UPI,Premium,3.3,"Casual Dining"
O5723,C1477,41,D837,R261,KFC,"Mumbai B3",Mumbai,2024-03-24,Veg,951,23,88,886,Cash,Occasional,3.4,"Fast Food"
O5724,C211,48,D235,R107,KFC,"Pune B4",Pune,2023-07-03,Veg,463,48,70,441,Cash,Occasional,3,"Casual Dining"
O5725,C1211,33,D340,R247,"Biryani House","Mumbai B8",Mumbai,2023-09-04,Non-Veg,454,27,34,447,Cash,Regular,4.8,Cafe
O5726,C1382,32,D453,R48,"Pizza Hut","Mumbai B10",Mumbai,2023-08-10,Veg,784,20,38,766,Cash,Occasional,3.3,"Casual Dining"
O5727,C1614,37,D564,R268,"Biryani House","Hyderabad B4",Hyderabad,2023-09-15,Veg,296,57,132,221,UPI,Regular,3.6,"Fast Food"
O5728,C101,40,D350,R12,"Biryani House","Bangalore B7",Bangalore,2023-09-21,Non-Veg,374,42,10,406,UPI,Premium,4.1,"Casual Dining"
O5729,C292,25,D168,R131,KFC,"Pune B7",Pune,2023-11-29,Veg,217,45,38,224,UPI,Regular,3.1,Cafe
O5730,C700,38,D144,R213,Dominos,"Mumbai B2",Mumbai,2023-09-06,Veg,299,47,148,198,Cash,Occasional,3.9,Cafe
O5731,C1722,32,D195,R340,McDonalds,"Pune B3",Pune,2024-04-26,Veg,333,58,22,369,UPI,Occasional,4.1,"Casual Dining"
O5732,C1859,25,D147,R54,"Pizza Hut","Delhi B4",Delhi,2024-02-16,Veg,680,20,2,698,UPI,Premium,4.6,"Casual Dining"
O5733,C849,29,D734,R355,KFC,"Bangalore B4",Bangalore,2024-03-15,Veg,863,56,98,821,Cash,Premium,4.7,Cafe
O5734,C597,53,D869,R123,Dominos,"Delhi B2",Delhi,2024-05-15,Veg,784,39,79,744,Cash,Regular,4.8,"Fast Food"
O5735,C1107,62,D240,R309,McDonalds,"Hyderabad B6",Hyderabad,2023-11-14,Non-Veg,841,31,66,806,Cash,Occasional,4.6,Cafe
O5736,C549,43,D338,R346,KFC,"Hyderabad B1",Hyderabad,2023-12-02,Veg,741,28,15,754,UPI,Premium,3.4,Cafe
O5737,C707,31,D77,R396,"Pizza Hut","Bangalore B8",Bangalore,2023-04-09,Veg,721,55,8,768,UPI,Premium,4.1,Cafe
O5738,C598,47,D991,R93,McDonalds,"Mumbai B6",Mumbai,2023-08-08,Veg,409,43,61,391,UPI,Regular,3.8,"Casual Dining"
O5739,C756,35,D648,R4,KFC,"Bangalore B2",Bangalore,2023-05-22,Veg,255,20,86,189,UPI,Occasional,3.5,"Fast Food"
O5740,C1838,25,D354,R151,"Biryani House","Hyderabad B10",Hyderabad,2023-05-02,Non-Veg,298,59,143,214,UPI,Occasional,3.8,"Fast Food"
O5741,C1688,37,D568,R51,"Pizza Hut","Hyderabad B9",Hyderabad,2023-12-02,Veg,228,47,124,151,Cash,Premium,3.8,Cafe
O5742,C1522,36,D325,R394,McDonalds,"Pune B2",Pune,2024-02-24,Non-Veg,750,26,91,685,UPI,Regular,4.9,"Fast Food"
O5743,C1028,38,D240,R201,KFC,"Hyderabad B8",Hyderabad,2023-12-19,Non-Veg,770,35,124,681,UPI,Premium,4.6,Cafe
O5744,C1595,37,D308,R348,Dominos,"Bangalore B4",Bangalore,2023-04-30,Veg,740,46,78,708,Cash,Occasional,4.7,Cafe
O5745,C1422,27,D94,R339,"Biryani House","Delhi B6",Delhi,2023-12-28,Veg,247,37,49,235,Cash,Regular,3.7,"Casual Dining"
O5746,C1113,31,D567,R229,"Pizza Hut","Bangalore B9",Bangalore,2023-05-07,Non-Veg,761,26,126,661,Cash,Premium,3.5,"Fast Food"
O5747,C1421,35,D830,R287,McDonalds,"Bangalore B10",Bangalore,2023-08-22,Veg,769,45,56,758,Cash,Premium,4.3,Cafe
O5748,C531,25,D866,R335,"Pizza Hut","Pune B6",Pune,2023-07-07,Veg,424,50,116,358,UPI,Premium,3.8,Cafe
O5749,C1384,26,D898,R52,McDonalds,"Bangalore B6",Bangalore,2023-11-28,Non-Veg,286,54,134,206,UPI,Regular,3.9,"Fast Food"
O5750,C127,26,D476,R315,Dominos,"Bangalore B10",Bangalore,2023-12-06,Non-Veg,763,51,111,703,Cash,Regular,4.8,Cafe
O5751,C1267,29,D289,R257,Dominos,"Bangalore B3",Bangalore,2024-02-29,Non-Veg,756,53,56,753,UPI,Regular,4.2,Cafe
O5752,C1042,37,D662,R341,KFC,"Pune B9",Pune,2023-12-22,Non-Veg,389,41,52,378,Cash,Occasional,3.3,Cafe
O5753,C1999,33,D672,R267,"Biryani House","Bangalore B9",Bangalore,2023-12-03,Non-Veg,524,58,94,488,UPI,Occasional,3.8,"Casual Dining"
O5754,C1183,32,D68,R113,"Pizza Hut","Mumbai B5",Mumbai,2024-07-29,Veg,541,56,39,558,UPI,Regular,3.3,Cafe
O5755,C1975,31,D991,R143,"Biryani House","Mumbai B10",Mumbai,2024-04-26,Veg,996,57,104,949,Cash,Occasional,3.8,"Fast Food"
O5756,C698,28,D85,R150,"Pizza Hut","Hyderabad B2",Hyderabad,2023-11-22,Veg,454,45,38,461,UPI,Premium,4.3,"Casual Dining"
O5757,C1626,39,D554,R195,"Pizza Hut","Hyderabad B9",Hyderabad,2023-07-11,Non-Veg,348,56,108,296,UPI,Regular,3,Cafe
O5758,C575,35,D952,R340,McDonalds,"Pune B3",Pune,2023-09-12,Veg,965,41,131,875,Card,Regular,4.1,"Casual Dining"
O5759,C1178,39,D900,R49,KFC,"Delhi B3",Delhi,2023-07-05,Veg,417,57,34,440,UPI,Regular,4.4,"Fast Food"
O5760,C661,66,D210,R387,KFC,"Pune B7",Pune,2023-08-16,Veg,476,45,9,512,Cash,Premium,3.3,"Casual Dining"
O5761,C1,33,D803,R266,"Pizza Hut","Bangalore B9",Bangalore,2023-10-22,Non-Veg,722,24,11,735,Card,Occasional,4,"Casual Dining"
O5762,C1634,35,D515,R13,Dominos,"Delhi B8",Delhi,2024-04-21,Non-Veg,791,58,22,827,UPI,Regular,4.3,Cafe
O5763,C1942,25,D94,R5,KFC,"Delhi B4",Delhi,2024-08-30,Non-Veg,589,46,138,497,Cash,Regular,3.7,"Fast Food"
O5764,C1630,33,D979,R170,"Pizza Hut","Mumbai B3",Mumbai,2024-04-07,Non-Veg,526,36,23,539,Cash,Regular,3.1,Cafe
O5765,C754,25,D163,R119,"Biryani House","Hyderabad B7",Hyderabad,2024-01-16,Non-Veg,748,41,120,669,UPI,Regular,4.1,"Fast Food"
O5766,C1141,25,D965,R77,KFC,"Delhi B6",Delhi,2023-12-05,Veg,577,47,140,484,UPI,Premium,4.2,"Casual Dining"
O5767,C1950,37,D56,R298,Dominos,"Pune B5",Pune,2024-05-16,Non-Veg,328,32,28,332,Cash,Regular,4.9,"Casual Dining"
O5768,C609,27,D45,R245,"Pizza Hut","Mumbai B8",Mumbai,2023-05-31,Non-Veg,495,34,18,511,UPI,Premium,3.8,Cafe
O5769,C1623,36,D543,R338,McDonalds,"Hyderabad B8",Hyderabad,2023-08-15,Non-Veg,745,52,111,686,Cash,Premium,4.7,"Casual Dining"
O5770,C1108,30,D447,R366,McDonalds,"Bangalore B2",Bangalore,2023-10-16,Veg,528,36,18,546,UPI,Regular,4.9,Cafe
O5771,C1874,25,D646,R354,McDonalds,"Bangalore B7",Bangalore,2023-10-31,Non-Veg,219,33,66,186,UPI,Regular,4.8,"Fast Food"
O5772,C1182,27,D900,R279,"Pizza Hut","Delhi B4",Delhi,2023-05-08,Veg,749,47,114,682,UPI,Premium,4.4,"Fast Food"
O5773,C174,32,D612,R386,"Pizza Hut","Mumbai B3",Mumbai,2024-07-19,Veg,321,35,58,298,UPI,Regular,4.4,"Casual Dining"
O5774,C1138,51,D138,R234,"Biryani House","Delhi B2",Delhi,2023-10-11,Non-Veg,636,43,146,533,UPI,Occasional,4.1,"Fast Food"
O5775,C1714,33,D337,R360,McDonalds,"Delhi B4",Delhi,2023-09-10,Non-Veg,283,27,22,288,Cash,Occasional,4.1,"Fast Food"
O5776,C1307,26,D442,R377,"Biryani House","Delhi B1",Delhi,2024-01-08,Veg,865,47,146,766,UPI,Occasional,4.5,Cafe
O5777,C372,65,D878,R237,Dominos,"Mumbai B2",Mumbai,2024-01-30,Non-Veg,572,58,49,581,Cash,Occasional,3.1,"Fast Food"
O5778,C1544,65,D703,R169,KFC,"Mumbai B10",Mumbai,2023-10-12,Veg,666,55,120,601,UPI,Occasional,4,"Fast Food"
O5779,C374,26,D185,R6,Dominos,"Mumbai B4",Mumbai,2024-05-27,Veg,655,56,128,583,UPI,Premium,3.3,Cafe
O5780,C1334,37,D544,R312,KFC,"Hyderabad B7",Hyderabad,2024-06-25,Non-Veg,972,52,131,893,UPI,Occasional,3.7,"Casual Dining"
O5781,C205,27,D687,R53,KFC,"Hyderabad B5",Hyderabad,2023-08-20,Veg,487,28,54,461,UPI,Regular,3.5,"Fast Food"
O5782,C1516,25,D844,R343,Dominos,"Bangalore B1",Bangalore,2023-08-05,Veg,709,41,56,694,UPI,Regular,4.3,"Fast Food"
O5783,C43,39,D615,R367,Dominos,"Pune B7",Pune,2023-08-29,Veg,648,35,82,601,UPI,Premium,4,"Fast Food"
O5784,C485,26,D84,R93,McDonalds,"Mumbai B6",Mumbai,2024-03-11,Veg,947,52,147,852,UPI,Occasional,3.9,"Casual Dining"
O5785,C1210,34,D576,R137,McDonalds,"Mumbai B9",Mumbai,2023-04-24,Non-Veg,990,59,106,943,UPI,Occasional,4.5,"Casual Dining"
O5786,C1440,26,D486,R14,Dominos,"Pune B7",Pune,2023-04-11,Veg,350,31,134,247,UPI,Regular,5,Cafe
O5787,C556,26,D819,R272,"Biryani House","Hyderabad B5",Hyderabad,2024-02-25,Veg,202,23,108,117,Card,Occasional,4,Cafe
O5788,C1943,24,D297,R101,Dominos,"Bangalore B7",Bangalore,2024-07-16,Veg,684,40,146,578,Cash,Regular,4.8,"Fast Food"
O5789,C857,34,D527,R168,"Biryani House","Hyderabad B9",Hyderabad,2024-04-27,Non-Veg,845,28,78,795,UPI,Occasional,3,"Fast Food"
O5790,C949,31,D106,R262,McDonalds,"Mumbai B10",Mumbai,2023-10-15,Non-Veg,604,39,100,543,UPI,Premium,3.1,"Casual Dining"
O5791,C1257,31,D518,R327,Dominos,"Pune B8",Pune,2024-05-09,Veg,959,31,92,898,Cash,Occasional,4.8,Cafe
O5792,C1942,29,D593,R369,"Biryani House","Delhi B4",Delhi,2024-06-16,Non-Veg,836,55,134,757,UPI,Regular,3.1,Cafe
O5793,C1837,52,D874,R219,McDonalds,"Mumbai B1",Mumbai,2023-06-16,Non-Veg,450,32,116,366,UPI,Occasional,3.6,Cafe
O5794,C108,56,D673,R129,KFC,"Delhi B5",Delhi,2023-08-01,Non-Veg,947,58,91,914,UPI,Occasional,3.4,"Fast Food"
O5795,C2000,36,D503,R179,McDonalds,"Hyderabad B8",Hyderabad,2024-06-13,Non-Veg,572,30,67,535,UPI,Premium,4.6,"Casual Dining"
O5796,C1110,32,D402,R265,McDonalds,"Hyderabad B10",Hyderabad,2024-03-03,Veg,644,48,20,672,UPI,Occasional,4.1,"Casual Dining"
O5797,C490,40,D621,R226,"Pizza Hut","Mumbai B7",Mumbai,2023-12-03,Veg,239,30,40,229,Cash,Regular,3.6,"Casual Dining"
O5798,C1811,34,D545,R143,"Biryani House","Mumbai B10",Mumbai,2024-01-24,Non-Veg,559,32,133,458,UPI,Occasional,4.5,"Fast Food"
O5799,C1367,65,D272,R145,McDonalds,"Pune B4",Pune,2023-09-21,Veg,307,25,77,255,UPI,Premium,3.3,"Fast Food"
O5800,C1323,48,D610,R95,KFC,"Pune B2",Pune,2024-01-28,Veg,682,51,12,721,UPI,Occasional,5,"Fast Food"
O5801,C1707,35,D392,R207,"Biryani House","Hyderabad B1",Hyderabad,2023-06-14,Non-Veg,486,42,109,419,Card,Regular,4.1,"Fast Food"
O5802,C329,38,D261,R110,Dominos,"Delhi B1",Delhi,2024-02-02,Veg,730,45,145,630,Cash,Regular,5,"Fast Food"
O5803,C1216,56,D736,R227,McDonalds,"Hyderabad B4",Hyderabad,2023-11-22,Veg,831,20,34,817,UPI,Premium,4.7,"Casual Dining"
O5804,C842,66,D749,R228,McDonalds,"Delhi B6",Delhi,2023-10-13,Non-Veg,844,30,8,866,UPI,Occasional,3.9,Cafe
O5805,C1316,38,D334,R369,"Biryani House","Delhi B4",Delhi,2023-10-11,Veg,312,27,106,233,Cash,Occasional,4,Cafe
O5806,C434,27,D973,R368,Dominos,"Bangalore B4",Bangalore,2023-11-26,Non-Veg,818,42,113,747,Cash,Regular,3.7,Cafe
O5807,C290,40,D605,R94,"Pizza Hut","Mumbai B10",Mumbai,2023-11-20,Veg,569,23,140,452,UPI,Regular,4.7,"Fast Food"
O5808,C1102,38,D590,R125,"Pizza Hut","Delhi B2",Delhi,2023-11-04,Veg,363,26,104,285,UPI,Premium,4.5,"Casual Dining"
O5809,C32,70,D572,R400,McDonalds,"Pune B4",Pune,2024-07-17,Veg,423,53,14,462,UPI,Premium,3.1,"Fast Food"
O5810,C1388,35,D781,R248,McDonalds,"Pune B1",Pune,2024-02-26,Veg,523,33,50,506,Cash,Premium,3.7,"Casual Dining"
O5811,C286,32,D621,R157,KFC,"Mumbai B3",Mumbai,2023-08-30,Non-Veg,849,34,105,778,Cash,Occasional,3.6,Cafe
O5812,C1214,21,D404,R92,"Biryani House","Delhi B9",Delhi,2024-10-07,Non-Veg,488,55,130,413,Card,Regular,4.3,"Casual Dining"
O5813,C1263,44,D720,R302,"Biryani House","Hyderabad B5",Hyderabad,2024-07-13,Non-Veg,593,28,146,475,Cash,Occasional,4.9,"Fast Food"
O5814,C1646,36,D403,R400,McDonalds,"Pune B4",Pune,2023-10-27,Non-Veg,804,22,83,743,Cash,Regular,3.6,"Fast Food"
O5815,C602,37,D326,R85,KFC,"Bangalore B1",Bangalore,2023-06-23,Veg,511,28,92,447,UPI,Regular,4.3,"Fast Food"
O5816,C415,45,D883,R7,"Biryani House","Delhi B7",Delhi,2024-02-11,Veg,703,60,67,696,UPI,Premium,3.9,Cafe
O5817,C726,38,D956,R365,"Pizza Hut","Bangalore B7",Bangalore,2024-01-17,Non-Veg,501,38,150,389,UPI,Regular,4.2,"Casual Dining"
O5818,C1357,67,D403,R164,"Biryani House","Pune B5",Pune,2023-08-14,Veg,722,58,67,713,Cash,Regular,3.6,Cafe
O5819,C217,54,D749,R344,KFC,"Delhi B8",Delhi,2024-01-09,Veg,910,36,70,876,UPI,Regular,3.9,"Fast Food"
O5820,C959,33,D752,R237,Dominos,"Mumbai B2",Mumbai,2024-03-05,Non-Veg,550,53,13,590,UPI,Occasional,3.3,"Fast Food"
O5821,C818,40,D855,R29,Dominos,"Hyderabad B2",Hyderabad,2023-08-15,Non-Veg,898,54,69,883,Cash,Premium,3.8,"Fast Food"
O5822,C1399,26,D912,R61,"Pizza Hut","Mumbai B6",Mumbai,2023-09-20,Non-Veg,740,39,106,673,Cash,Premium,4.3,"Fast Food"
O5823,C1128,28,D987,R298,Dominos,"Pune B5",Pune,2023-11-13,Veg,314,30,48,296,UPI,Occasional,3.8,"Casual Dining"
O5824,C79,52,D263,R299,"Pizza Hut","Pune B3",Pune,2023-08-24,Non-Veg,608,34,121,521,Cash,Regular,3.8,Cafe
O5825,C1819,26,D563,R80,KFC,"Pune B10",Pune,2023-07-10,Veg,278,26,35,269,Cash,Occasional,4.2,"Fast Food"
O5826,C902,31,D360,R212,"Biryani House","Bangalore B6",Bangalore,2024-05-20,Veg,555,36,20,571,UPI,Regular,4.7,"Casual Dining"
O5827,C1238,54,D54,R39,KFC,"Mumbai B7",Mumbai,2023-07-09,Non-Veg,613,21,140,494,UPI,Premium,4.6,"Casual Dining"
O5828,C1976,35,D378,R146,McDonalds,"Mumbai B4",Mumbai,2023-05-12,Veg,406,60,82,384,Cash,Occasional,4.6,"Fast Food"
O5829,C1209,40,D544,R395,McDonalds,"Hyderabad B6",Hyderabad,2024-01-11,Non-Veg,724,26,53,697,Cash,Premium,3.7,"Fast Food"
O5830,C1927,33,D606,R219,McDonalds,"Mumbai B1",Mumbai,2023-10-02,Veg,709,34,48,695,UPI,Premium,3,Cafe
O5831,C1170,26,D755,R39,KFC,"Mumbai B7",Mumbai,2023-05-28,Non-Veg,752,58,98,712,Cash,Premium,3.1,"Casual Dining"
O5832,C1130,38,D163,R142,"Pizza Hut","Hyderabad B6",Hyderabad,2024-03-20,Veg,829,58,90,797,Cash,Premium,4.1,"Fast Food"
O5833,C693,28,D963,R1,Dominos,"Delhi B7",Delhi,2023-12-02,Non-Veg,919,44,14,949,Cash,Premium,5,"Casual Dining"
O5834,C370,36,D309,R126,KFC,"Hyderabad B6",Hyderabad,2023-07-10,Non-Veg,875,44,23,896,Cash,Occasional,4.7,"Fast Food"
O5835,C963,40,D21,R197,Dominos,"Delhi B4",Delhi,2023-08-09,Veg,440,52,60,432,Cash,Occasional,4.3,"Casual Dining"
O5836,C902,36,D494,R192,Dominos,"Bangalore B9",Bangalore,2024-03-10,Non-Veg,455,28,119,364,UPI,Regular,4.9,"Fast Food"
O5837,C1748,40,D974,R385,"Biryani House","Hyderabad B4",Hyderabad,2024-04-15,Veg,879,36,103,812,UPI,Occasional,3.1,"Casual Dining"
O5838,C489,31,D475,R69,"Pizza Hut","Bangalore B6",Bangalore,2024-07-10,Veg,608,52,137,523,Card,Premium,3.1,Cafe
O5839,C824,60,D592,R101,Dominos,"Bangalore B7",Bangalore,2023-11-13,Veg,894,43,65,872,UPI,Premium,3.5,"Fast Food"
O5840,C254,38,D339,R218,McDonalds,"Pune B2",Pune,2023-07-01,Veg,685,57,65,677,UPI,Premium,3.4,"Fast Food"
O5841,C1501,30,D584,R31,McDonalds,"Bangalore B6",Bangalore,2024-09-13,Non-Veg,844,43,5,882,UPI,Premium,3.3,"Fast Food"
O5842,C1209,25,D470,R37,Dominos,"Hyderabad B4",Hyderabad,2023-11-01,Non-Veg,464,22,36,450,UPI,Premium,4.9,"Casual Dining"
O5843,C1423,36,D242,R30,"Pizza Hut","Mumbai B5",Mumbai,2024-01-22,Veg,672,39,24,687,UPI,Occasional,5,"Casual Dining"
O5844,C1510,34,D788,R365,"Pizza Hut","Bangalore B7",Bangalore,2024-03-12,Veg,828,24,130,722,UPI,Occasional,4.3,"Casual Dining"
O5845,C916,25,D841,R184,KFC,"Bangalore B3",Bangalore,2024-02-08,Non-Veg,805,60,147,718,Cash,Occasional,5,"Casual Dining"
O5846,C1028,28,D709,R263,KFC,"Hyderabad B3",Hyderabad,2023-12-13,Non-Veg,329,29,74,284,UPI,Premium,3.7,Cafe
O5847,C1205,25,D932,R263,KFC,"Hyderabad B3",Hyderabad,2023-08-14,Non-Veg,830,60,83,807,Cash,Regular,4.5,Cafe
O5848,C1011,29,D618,R210,"Pizza Hut","Pune B6",Pune,2023-10-20,Non-Veg,336,39,94,281,Cash,Occasional,4.4,"Fast Food"
O5849,C240,29,D271,R3,"Pizza Hut","Pune B8",Pune,2024-05-13,Veg,216,30,46,200,UPI,Regular,3.6,"Casual Dining"
O5850,C1962,69,D713,R246,"Biryani House","Delhi B1",Delhi,2023-10-22,Veg,402,50,103,349,Cash,Regular,3.5,"Fast Food"
O5851,C638,29,D381,R1,Dominos,"Delhi B7",Delhi,2023-12-25,Veg,691,46,32,705,Cash,Regular,3.1,"Casual Dining"
O5852,C1230,38,D705,R154,"Pizza Hut","Bangalore B7",Bangalore,2024-03-15,Non-Veg,827,32,123,736,UPI,Occasional,3.1,"Fast Food"
O5853,C1040,27,D95,R202,"Biryani House","Pune B6",Pune,2024-10-02,Veg,978,32,112,898,UPI,Regular,4.8,"Casual Dining"
O5854,C512,32,D916,R250,McDonalds,"Delhi B8",Delhi,2023-09-02,Non-Veg,912,22,25,909,Cash,Regular,3.6,"Fast Food"
O5855,C214,38,D898,R101,Dominos,"Bangalore B7",Bangalore,2024-02-28,Veg,513,47,85,475,Cash,Occasional,3.9,"Fast Food"
O5856,C55,45,D777,R78,"Pizza Hut","Pune B1",Pune,2023-07-03,Non-Veg,879,32,130,781,Cash,Regular,4.5,"Fast Food"
O5857,C534,29,D331,R6,Dominos,"Mumbai B4",Mumbai,2023-11-22,Veg,325,58,29,354,UPI,Premium,3.7,Cafe
O5858,C137,36,D74,R192,Dominos,"Bangalore B9",Bangalore,2024-03-23,Veg,568,28,39,557,Cash,Premium,3.8,"Fast Food"
O5859,C947,36,D852,R76,"Biryani House","Mumbai B9",Mumbai,2023-08-12,Non-Veg,457,60,92,425,Cash,Occasional,5,Cafe
O5860,C14,33,D991,R301,Dominos,"Mumbai B5",Mumbai,2024-05-07,Veg,629,26,115,540,UPI,Regular,3.8,Cafe
O5861,C1341,50,D988,R201,KFC,"Hyderabad B8",Hyderabad,2023-04-11,Non-Veg,488,27,143,372,UPI,Occasional,4.9,Cafe
O5862,C613,30,D596,R143,"Biryani House","Mumbai B10",Mumbai,2023-07-28,Veg,274,58,3,329,Cash,Regular,4.3,"Fast Food"
O5863,C1681,34,D223,R240,Dominos,"Pune B5",Pune,2023-07-18,Non-Veg,554,55,38,571,UPI,Premium,3.1,"Casual Dining"
O5864,C270,34,D547,R138,"Pizza Hut","Hyderabad B5",Hyderabad,2023-12-15,Veg,855,29,25,859,UPI,Regular,3.6,"Fast Food"
O5865,C631,25,D495,R272,"Biryani House","Hyderabad B5",Hyderabad,2024-01-15,Veg,645,26,72,599,Cash,Premium,4.1,Cafe
O5866,C1602,55,D765,R226,"Pizza Hut","Mumbai B7",Mumbai,2024-05-30,Non-Veg,826,21,87,760,UPI,Premium,5,"Casual Dining"
O5867,C872,30,D627,R14,Dominos,"Pune B7",Pune,2024-02-06,Veg,675,47,137,585,Card,Regular,3.7,Cafe
O5868,C1193,42,D67,R268,"Biryani House","Hyderabad B4",Hyderabad,2024-04-17,Non-Veg,945,22,17,950,Cash,Premium,4.1,"Fast Food"
O5869,C1438,26,D918,R299,"Pizza Hut","Pune B3",Pune,2023-09-09,Non-Veg,954,47,140,861,Cash,Premium,4.5,Cafe
O5870,C1717,31,D12,R154,"Pizza Hut","Bangalore B7",Bangalore,2024-02-15,Non-Veg,267,60,21,306,Cash,Regular,4.7,"Fast Food"
O5871,C436,25,D593,R26,KFC,"Delhi B4",Delhi,2023-10-06,Veg,292,35,11,316,Card,Regular,3.1,Cafe
O5872,C725,47,D370,R125,"Pizza Hut","Delhi B2",Delhi,2024-01-19,Veg,629,21,13,637,UPI,Occasional,4.6,"Casual Dining"
O5873,C1574,39,D674,R272,"Biryani House","Hyderabad B5",Hyderabad,2023-12-18,Veg,865,36,43,858,UPI,Premium,3.2,Cafe
O5874,C1223,54,D746,R32,"Pizza Hut","Hyderabad B4",Hyderabad,2023-09-22,Non-Veg,461,44,92,413,UPI,Premium,4.7,"Casual Dining"
O5875,C1789,28,D37,R195,"Pizza Hut","Hyderabad B9",Hyderabad,2023-08-12,Non-Veg,253,51,118,186,UPI,Occasional,3.3,Cafe
O5876,C801,28,D232,R88,"Biryani House","Delhi B4",Delhi,2023-06-16,Non-Veg,500,42,97,445,Cash,Occasional,3.8,"Casual Dining"
O5877,C108,35,D50,R147,McDonalds,"Delhi B9",Delhi,2024-01-20,Veg,819,31,55,795,UPI,Occasional,4.1,"Casual Dining"
O5878,C1628,32,D983,R342,"Biryani House","Pune B5",Pune,2024-04-05,Veg,937,49,1,985,UPI,Regular,3.6,"Fast Food"
O5879,C453,40,D496,R234,"Biryani House","Delhi B2",Delhi,2024-04-13,Non-Veg,798,26,94,730,UPI,Premium,3.4,"Fast Food"
O5880,C394,33,D247,R355,KFC,"Bangalore B4",Bangalore,2024-08-27,Veg,399,44,63,380,Cash,Regular,4.4,Cafe
O5881,C2000,39,D546,R285,"Pizza Hut","Hyderabad B9",Hyderabad,2024-02-13,Veg,910,55,42,923,UPI,Premium,3.5,"Fast Food"
O5882,C524,33,D629,R68,McDonalds,"Bangalore B4",Bangalore,2023-05-30,Non-Veg,366,24,148,242,UPI,Regular,3.5,Cafe
O5883,C1632,65,D607,R253,McDonalds,"Bangalore B10",Bangalore,2023-09-27,Non-Veg,519,35,102,452,UPI,Regular,4.1,"Fast Food"
O5884,C1713,25,D849,R138,"Pizza Hut","Hyderabad B5",Hyderabad,2024-03-20,Veg,734,29,125,638,UPI,Premium,4.1,"Fast Food"
O5885,C1360,59,D656,R191,McDonalds,"Hyderabad B2",Hyderabad,2023-09-29,Veg,642,59,48,653,UPI,Premium,4.8,Cafe
O5886,C851,34,D748,R272,"Biryani House","Hyderabad B5",Hyderabad,2024-01-09,Non-Veg,464,41,86,419,UPI,Occasional,4.5,Cafe
O5887,C509,27,D880,R398,"Biryani House","Delhi B7",Delhi,2023-07-10,Veg,757,33,91,699,UPI,Premium,3.6,"Casual Dining"
O5888,C1796,50,D697,R237,Dominos,"Mumbai B2",Mumbai,2023-11-08,Non-Veg,649,44,81,612,Cash,Regular,3.2,"Fast Food"
O5889,C242,36,D179,R352,"Biryani House","Hyderabad B4",Hyderabad,2024-05-21,Veg,565,20,143,442,UPI,Premium,3.1,Cafe
O5890,C459,28,D3,R345,KFC,"Mumbai B2",Mumbai,2023-10-09,Non-Veg,741,49,15,775,Cash,Premium,4.7,Cafe
O5891,C1380,26,D349,R248,McDonalds,"Pune B1",Pune,2024-01-23,Non-Veg,727,59,0,786,UPI,Regular,3.2,"Casual Dining"
O5892,C1827,19,D288,R185,Dominos,"Pune B4",Pune,2023-10-15,Veg,207,48,51,204,UPI,Regular,4.9,"Casual Dining"
O5893,C1747,27,D663,R143,"Biryani House","Mumbai B10",Mumbai,2023-12-03,Non-Veg,443,44,0,487,UPI,Regular,3,"Fast Food"
O5894,C982,25,D814,R9,"Pizza Hut","Hyderabad B2",Hyderabad,2023-11-17,Non-Veg,950,24,76,898,UPI,Occasional,4.9,"Fast Food"
O5895,C1713,39,D248,R338,McDonalds,"Hyderabad B8",Hyderabad,2023-11-20,Non-Veg,504,22,143,383,Cash,Premium,3.9,"Casual Dining"
O5896,C1515,30,D870,R299,"Pizza Hut","Pune B3",Pune,2023-08-26,Non-Veg,928,39,94,873,UPI,Regular,4.6,Cafe
O5897,C1664,38,D4,R208,"Biryani House","Pune B2",Pune,2024-03-29,Non-Veg,646,28,67,607,Cash,Regular,3.4,"Fast Food"
O5898,C1270,35,D905,R75,Dominos,"Pune B10",Pune,2024-06-27,Non-Veg,481,42,19,504,Cash,Premium,3.6,Cafe
O5899,C8,26,D759,R87,KFC,"Delhi B7",Delhi,2023-09-21,Veg,392,32,66,358,UPI,Premium,3.4,"Fast Food"
O5900,C596,30,D760,R163,"Biryani House","Bangalore B1",Bangalore,2023-11-25,Non-Veg,421,57,105,373,Cash,Regular,3.5,"Fast Food"
O5901,C1384,33,D114,R267,"Biryani House","Bangalore B9",Bangalore,2023-05-13,Non-Veg,505,33,55,483,UPI,Regular,3.2,"Casual Dining"
O5902,C325,28,D650,R375,McDonalds,"Bangalore B3",Bangalore,2024-04-26,Non-Veg,884,54,71,867,UPI,Premium,4.4,"Fast Food"
O5903,C1943,60,D44,R59,"Biryani House","Bangalore B6",Bangalore,2023-08-20,Non-Veg,780,55,70,765,UPI,Regular,3.5,"Fast Food"
O5904,C1774,24,D460,R216,"Pizza Hut","Bangalore B1",Bangalore,2023-06-01,Veg,515,51,12,554,Cash,Regular,3.8,"Casual Dining"
O5905,C259,22,D955,R152,"Biryani House","Mumbai B8",Mumbai,2023-11-03,Non-Veg,758,56,39,775,UPI,Premium,3.8,Cafe
O5906,C1803,34,D62,R6,Dominos,"Mumbai B4",Mumbai,2023-10-17,Non-Veg,814,41,92,763,UPI,Premium,4.2,Cafe
O5907,C1994,29,D843,R93,McDonalds,"Mumbai B6",Mumbai,2024-01-05,Non-Veg,589,28,144,473,UPI,Regular,3.7,"Casual Dining"
O5908,C1607,37,D657,R45,KFC,"Delhi B2",Delhi,2024-08-16,Veg,627,25,66,586,Cash,Premium,4.3,Cafe
O5909,C1992,31,D75,R297,KFC,"Bangalore B3",Bangalore,2024-05-30,Veg,428,44,28,444,Cash,Occasional,3.4,Cafe
O5910,C483,26,D839,R158,"Biryani House","Delhi B8",Delhi,2024-08-11,Non-Veg,825,60,141,744,UPI,Premium,4.7,"Fast Food"
O5911,C1320,27,D822,R187,KFC,"Delhi B8",Delhi,2023-09-24,Veg,221,54,127,148,UPI,Occasional,3.1,"Casual Dining"
O5912,C1930,37,D989,R265,McDonalds,"Hyderabad B10",Hyderabad,2023-09-18,Non-Veg,515,47,65,497,UPI,Occasional,4.3,"Casual Dining"
O5913,C35,25,D825,R138,"Pizza Hut","Hyderabad B5",Hyderabad,2024-01-30,Non-Veg,352,37,131,258,Cash,Occasional,3,"Fast Food"
O5914,C749,34,D992,R71,McDonalds,"Delhi B5",Delhi,2023-09-02,Veg,498,42,86,454,UPI,Premium,3.1,"Fast Food"
O5915,C63,39,D334,R83,Dominos,"Delhi B2",Delhi,2024-01-13,Veg,286,24,23,287,UPI,Regular,4,"Fast Food"
O5916,C496,68,D217,R105,"Pizza Hut","Hyderabad B10",Hyderabad,2024-07-27,Non-Veg,442,54,5,491,UPI,Regular,3,"Casual Dining"
O5917,C1139,33,D221,R156,Dominos,"Delhi B5",Delhi,2023-12-04,Veg,202,33,39,196,UPI,Premium,4.3,Cafe
O5918,C992,33,D579,R294,"Biryani House","Hyderabad B1",Hyderabad,2023-02-19,Non-Veg,985,57,21,1021,Cash,Premium,3.5,"Casual Dining"
O5919,C1924,37,D585,R24,"Pizza Hut","Hyderabad B3",Hyderabad,2023-05-25,Non-Veg,615,26,37,604,Cash,Premium,3.9,"Fast Food"
O5920,C1141,37,D401,R358,"Pizza Hut","Delhi B10",Delhi,2023-12-02,Non-Veg,965,36,26,975,UPI,Premium,3.5,"Fast Food"
O5921,C1414,31,D339,R255,Dominos,"Pune B2",Pune,2023-11-18,Veg,352,37,107,282,Cash,Occasional,3.4,Cafe
O5922,C628,32,D755,R329,"Biryani House","Mumbai B1",Mumbai,2023-10-29,Non-Veg,376,34,145,265,UPI,Premium,3.1,Cafe
O5923,C189,41,D484,R203,"Pizza Hut","Hyderabad B9",Hyderabad,2024-02-09,Non-Veg,800,21,43,778,UPI,Regular,3.2,"Fast Food"
O5924,C286,36,D177,R102,McDonalds,"Mumbai B6",Mumbai,2023-10-04,Non-Veg,923,58,86,895,Card,Occasional,3.9,Cafe
O5925,C351,34,D371,R369,"Biryani House","Delhi B4",Delhi,2024-06-04,Non-Veg,899,43,40,902,UPI,Occasional,4.6,Cafe
O5926,C247,42,D7,R237,Dominos,"Mumbai B2",Mumbai,2023-08-28,Veg,632,26,119,539,Card,Premium,4.6,"Fast Food"
O5927,C1456,29,D874,R373,Dominos,"Mumbai B4",Mumbai,2023-06-10,Non-Veg,575,28,21,582,UPI,Occasional,3.6,Cafe
O5928,C1399,30,D545,R217,"Pizza Hut","Mumbai B4",Mumbai,2023-07-03,Veg,806,55,101,760,UPI,Premium,4.5,"Fast Food"
O5929,C1892,34,D348,R45,KFC,"Delhi B2",Delhi,2023-05-18,Veg,423,45,127,341,Card,Occasional,4,Cafe
O5930,C1486,19,D419,R257,Dominos,"Bangalore B3",Bangalore,2023-04-03,Non-Veg,403,58,52,409,Cash,Regular,4.9,Cafe
O5931,C645,40,D174,R28,Dominos,"Pune B3",Pune,2023-05-02,Veg,301,55,93,263,UPI,Occasional,4.2,"Casual Dining"
O5932,C1824,36,D396,R318,"Pizza Hut","Hyderabad B3",Hyderabad,2024-03-13,Veg,459,55,148,366,Card,Premium,4.5,Cafe
O5933,C503,36,D791,R334,"Biryani House","Hyderabad B10",Hyderabad,2023-01-13,Non-Veg,583,38,33,588,Cash,Premium,3.6,Cafe
O5934,C315,31,D981,R198,"Pizza Hut","Mumbai B6",Mumbai,2023-07-18,Veg,723,25,62,686,Cash,Occasional,3.3,"Fast Food"
O5935,C1362,34,D828,R300,"Pizza Hut","Pune B8",Pune,2024-04-15,Veg,702,44,7,739,UPI,Occasional,4.2,"Fast Food"
O5936,C1854,32,D603,R230,KFC,"Delhi B7",Delhi,2024-08-23,Non-Veg,703,47,97,653,UPI,Occasional,4.8,"Casual Dining"
O5937,C387,38,D843,R139,KFC,"Mumbai B6",Mumbai,2024-03-02,Veg,551,40,88,503,UPI,Premium,3.7,"Casual Dining"
O5938,C1099,28,D278,R186,"Pizza Hut","Delhi B5",Delhi,2024-05-02,Non-Veg,865,36,33,868,UPI,Occasional,4.2,Cafe
O5939,C1659,41,D464,R151,"Biryani House","Hyderabad B10",Hyderabad,2024-03-15,Non-Veg,342,20,96,266,UPI,Occasional,3.2,"Fast Food"
O5940,C739,40,D422,R189,KFC,"Bangalore B5",Bangalore,2024-03-28,Veg,219,44,25,238,Cash,Premium,3.7,Cafe
O5941,C205,65,D842,R338,McDonalds,"Hyderabad B8",Hyderabad,2023-09-12,Non-Veg,567,25,27,565,UPI,Regular,4.8,"Casual Dining"
O5942,C1353,29,D957,R46,"Biryani House","Hyderabad B4",Hyderabad,2023-09-05,Non-Veg,862,33,80,815,UPI,Occasional,4.8,"Fast Food"
O5943,C1435,49,D3,R231,"Biryani House","Mumbai B7",Mumbai,2023-05-15,Non-Veg,739,56,32,763,UPI,Premium,4.7,"Casual Dining"
O5944,C533,36,D880,R20,"Pizza Hut","Delhi B4",Delhi,2024-01-16,Veg,557,49,81,525,UPI,Regular,3.6,"Casual Dining"
O5945,C236,43,D791,R168,"Biryani House","Hyderabad B9",Hyderabad,2023-07-19,Non-Veg,676,55,44,687,UPI,Regular,3.6,"Fast Food"
O5946,C968,32,D123,R297,KFC,"Bangalore B3",Bangalore,2024-01-01,Veg,723,44,74,693,Cash,Occasional,3.4,Cafe
O5947,C195,28,D696,R50,"Biryani House","Hyderabad B5",Hyderabad,2023-12-08,Veg,752,39,144,647,UPI,Regular,3.6,Cafe
O5948,C1476,23,D376,R63,Dominos,"Delhi B3",Delhi,2023-07-14,Non-Veg,999,44,91,952,UPI,Regular,3.6,Cafe
O5949,C458,25,D384,R138,"Pizza Hut","Hyderabad B5",Hyderabad,2024-08-31,Non-Veg,502,42,130,414,UPI,Regular,3.9,"Fast Food"
O5950,C1894,29,D740,R263,KFC,"Hyderabad B3",Hyderabad,2024-01-14,Veg,448,29,28,449,Cash,Regular,4.2,Cafe
O5951,C413,25,D259,R72,McDonalds,"Pune B10",Pune,2023-12-21,Veg,931,58,30,959,UPI,Premium,4.3,"Casual Dining"
O5952,C39,33,D469,R148,"Pizza Hut","Delhi B2",Delhi,2023-12-07,Non-Veg,280,57,48,289,UPI,Regular,4.5,"Casual Dining"
O5953,C210,33,D278,R134,"Biryani House","Delhi B8",Delhi,2024-08-17,Veg,531,25,2,554,UPI,Occasional,4.2,Cafe
O5954,C699,38,D603,R351,"Pizza Hut","Delhi B9",Delhi,2024-07-21,Non-Veg,978,22,32,968,UPI,Premium,4.8,"Fast Food"
O5955,C1613,40,D483,R88,"Biryani House","Delhi B4",Delhi,2024-01-03,Non-Veg,474,49,0,523,UPI,Premium,4.6,"Casual Dining"
O5956,C508,48,D310,R272,"Biryani House","Hyderabad B5",Hyderabad,2023-09-27,Non-Veg,452,32,14,470,Cash,Regular,3.8,Cafe
O5957,C1491,36,D701,R224,KFC,"Hyderabad B7",Hyderabad,2023-05-25,Non-Veg,816,32,116,732,UPI,Regular,3.5,"Fast Food"
O5958,C1731,30,D946,R200,McDonalds,"Pune B10",Pune,2023-10-14,Veg,936,51,84,903,UPI,Premium,3.6,Cafe
O5959,C623,34,D675,R115,Dominos,"Pune B10",Pune,2023-06-29,Non-Veg,903,59,86,876,UPI,Regular,3.1,"Casual Dining"
O5960,C1498,29,D238,R16,McDonalds,"Hyderabad B9",Hyderabad,2023-10-09,Non-Veg,396,54,46,404,Cash,Occasional,3.7,"Fast Food"
O5961,C1310,37,D432,R273,McDonalds,"Mumbai B9",Mumbai,2024-08-10,Non-Veg,788,48,63,773,UPI,Occasional,3.7,"Fast Food"
O5962,C1624,19,D129,R396,"Pizza Hut","Bangalore B8",Bangalore,2024-02-20,Veg,613,32,9,636,Cash,Regular,4.8,Cafe
O5963,C1247,45,D22,R274,KFC,"Pune B2",Pune,2023-12-06,Veg,972,32,12,992,Cash,Occasional,4.6,Cafe
O5964,C1867,35,D968,R41,McDonalds,"Mumbai B6",Mumbai,2023-10-21,Non-Veg,316,33,7,342,Card,Premium,3.8,Cafe
O5965,C763,27,D743,R127,KFC,"Pune B5",Pune,2024-06-20,Veg,529,51,29,551,Cash,Regular,4.7,"Fast Food"
O5966,C1746,25,D112,R99,"Pizza Hut","Bangalore B6",Bangalore,2023-12-21,Veg,311,49,131,229,Cash,Premium,3.7,"Fast Food"
O5967,C663,35,D942,R90,McDonalds,"Pune B9",Pune,2023-12-24,Non-Veg,452,57,112,397,Cash,Regular,4.3,Cafe
O5968,C1480,32,D625,R284,"Pizza Hut","Bangalore B10",Bangalore,2023-11-03,Veg,648,55,22,681,Cash,Premium,3.3,Cafe
O5969,C832,31,D786,R93,McDonalds,"Mumbai B6",Mumbai,2024-02-15,Non-Veg,515,33,122,426,Cash,Regular,3.2,"Casual Dining"
O5970,C1967,25,D811,R195,"Pizza Hut","Hyderabad B9",Hyderabad,2024-06-03,Veg,364,54,71,347,UPI,Occasional,4,Cafe
O5971,C1529,28,D645,R2,"Biryani House","Mumbai B4",Mumbai,2024-03-11,Non-Veg,678,27,101,604,UPI,Premium,4.8,Cafe
O5972,C1951,27,D913,R108,"Pizza Hut","Mumbai B4",Mumbai,2023-04-25,Non-Veg,617,25,108,534,UPI,Occasional,4.8,"Casual Dining"
O5973,C1685,58,D994,R299,"Pizza Hut","Pune B3",Pune,2023-10-19,Non-Veg,567,41,97,511,UPI,Premium,3.3,Cafe
O5974,C1680,32,D364,R54,"Pizza Hut","Delhi B4",Delhi,2024-01-14,Veg,520,57,45,532,UPI,Regular,3.3,"Casual Dining"
O5975,C1005,36,D623,R365,"Pizza Hut","Bangalore B7",Bangalore,2024-01-29,Non-Veg,611,35,45,601,UPI,Premium,3.7,"Casual Dining"
O5976,C1219,32,D801,R145,McDonalds,"Pune B4",Pune,2023-07-26,Veg,891,54,59,886,Cash,Regular,3.1,"Fast Food"
O5977,C1674,58,D759,R199,"Biryani House","Delhi B9",Delhi,2023-12-14,Non-Veg,203,46,104,145,Cash,Premium,3.4,"Casual Dining"
O5978,C879,28,D70,R84,"Biryani House","Bangalore B8",Bangalore,2023-03-26,Non-Veg,248,31,135,144,UPI,Occasional,4.4,Cafe
O5979,C1313,26,D200,R68,McDonalds,"Bangalore B4",Bangalore,2023-12-29,Non-Veg,280,60,65,275,UPI,Regular,3.9,Cafe
O5980,C341,36,D427,R51,"Pizza Hut","Hyderabad B9",Hyderabad,2024-05-10,Veg,637,57,17,677,Cash,Premium,3.2,Cafe
O5981,C47,40,D449,R142,"Pizza Hut","Hyderabad B6",Hyderabad,2024-07-01,Non-Veg,794,56,75,775,UPI,Regular,4.3,"Fast Food"
O5982,C891,26,D35,R88,"Biryani House","Delhi B4",Delhi,2023-12-02,Veg,538,20,118,440,UPI,Regular,4.1,"Casual Dining"
O5983,C1796,40,D432,R106,Dominos,"Mumbai B10",Mumbai,2023-11-16,Non-Veg,256,47,118,185,UPI,Regular,3.7,"Fast Food"
O5984,C871,27,D996,R239,McDonalds,"Pune B3",Pune,2023-08-15,Veg,977,49,122,904,UPI,Regular,4.4,Cafe
O5985,C212,25,D151,R96,"Biryani House","Mumbai B4",Mumbai,2023-08-23,Veg,885,48,45,888,UPI,Regular,3.4,"Casual Dining"
O5986,C272,32,D647,R126,KFC,"Hyderabad B6",Hyderabad,2024-01-17,Non-Veg,345,43,38,350,UPI,Premium,3.6,"Fast Food"
O5987,C669,27,D793,R282,"Biryani House","Delhi B8",Delhi,2023-04-05,Non-Veg,902,26,37,891,UPI,Premium,3.3,Cafe
O5988,C1492,36,D587,R69,"Pizza Hut","Bangalore B6",Bangalore,2024-02-25,Veg,950,60,130,880,UPI,Premium,3.1,Cafe
O5989,C72,53,D788,R253,McDonalds,"Bangalore B10",Bangalore,2024-01-09,Non-Veg,675,22,98,599,UPI,Regular,4.3,"Fast Food"
O5990,C191,66,D514,R357,Dominos,"Pune B7",Pune,2024-03-12,Veg,768,34,48,754,UPI,Premium,3.9,"Casual Dining"
O5991,C319,39,D497,R117,Dominos,"Delhi B1",Delhi,2023-10-07,Veg,233,45,146,132,UPI,Premium,4.6,Cafe
O5992,C523,70,D502,R44,"Biryani House","Hyderabad B9",Hyderabad,2024-01-26,Veg,475,42,149,368,Cash,Occasional,4.7,"Fast Food"
O5993,C327,29,D814,R150,"Pizza Hut","Hyderabad B2",Hyderabad,2023-04-02,Veg,860,38,33,865,Cash,Occasional,4.9,"Casual Dining"
O5994,C712,32,D916,R155,KFC,"Delhi B5",Delhi,2023-06-23,Veg,573,30,22,581,UPI,Regular,3.6,"Fast Food"
O5995,C429,33,D5,R186,"Pizza Hut","Delhi B5",Delhi,2023-09-27,Veg,387,23,2,408,Cash,Regular,3.2,Cafe
O5996,C1685,39,D347,R333,Dominos,"Pune B1",Pune,2023-09-14,Non-Veg,337,30,5,362,UPI,Premium,4.3,"Fast Food"
O5997,C1856,30,D379,R207,"Biryani House","Hyderabad B1",Hyderabad,2023-11-02,Veg,318,44,150,212,UPI,Premium,4.9,"Fast Food"
O5998,C378,68,D750,R171,"Pizza Hut","Mumbai B10",Mumbai,2023-12-07,Veg,461,52,117,396,UPI,Regular,3.4,Cafe
O5999,C816,38,D230,R180,KFC,"Mumbai B2",Mumbai,2024-04-15,Non-Veg,537,49,97,489,UPI,Regular,4.7,"Casual Dining"
O6000,C1598,27,D454,R2,"Biryani House","Mumbai B4",Mumbai,2023-12-05,Non-Veg,410,47,116,341,Cash,Occasional,3.8,Cafe
